# Generated by scripts/import-romance-lexicons.py; do not edit.
# Language-routing membership only: Spanish.
# Pinned wooorm/dictionaries commit: 8cfea406b505e4d7df52d5a19bce525df98c54ab.
# Sources: dictionaries/es/index.dic.
# Pronunciation is owned separately by the pinned MFA pronunciation TSV.
# word	language
a	es
ababa	es
ababol	es
abacero	es
abacería	es
abacial	es
abacá	es
abad	es
abada	es
abadejo	es
abadengo	es
abadernar	es
abadesa	es
abadiato	es
abadí	es
abadía	es
abajadero	es
abajamiento	es
abajar	es
abajeño	es
abajo	es
abakuá	es
abalanzar	es
abalar	es
abalconado	es
abaldonar	es
abalear	es
abalizar	es
aballar	es
aballestar	es
abalorio	es
abaluartar	es
abanador	es
abanar	es
abancalar	es
abanda	es
abanderado	es
abanderamiento	es
abanderar	es
abanderizar	es
abandonadamente	es
abandonado	es
abandonar	es
abandonismo	es
abandonista	es
abandono	es
abanear	es
abanicar	es
abanico	es
abanillo	es
abaniqueo	es
abaniquero	es
abaniquería	es
abanquino	es
abanto	es
abaos	es
abaratamiento	es
abaratar	es
abarañar	es
abarbechar	es
abarca	es
abarcable	es
abarcado	es
abarcador	es
abarcadura	es
abarcamiento	es
abarcar	es
abarcuzar	es
abarcón	es
abaritonado	es
abarloar	es
abarquillado	es
abarquillamiento	es
abarquillar	es
abarraganar	es
abarrajar	es
abarrancadero	es
abarrancamiento	es
abarrancar	es
abarrar	es
abarrederas	es
abarrenar	es
abarrocado	es
abarrotadamente	es
abarrotamiento	es
abarrotar	es
abarse	es
abastar	es
abastardar	es
abastecedor	es
abastecer	es
abastecimiento	es
abastionar	es
abasí	es
abatanado	es
abatanar	es
abatir	es
abatojar	es
abayado	es
abazón	es
abañar	es
abc	es
abderitano	es
abdicar	es
abdicativamente	es
abdicativo	es
abdomen	es
abdominal	es
abducción	es
abducir	es
abductor	es
abecedario	es
abecé	es
abedul	es
abeja	es
abejar	es
abejarrón	es
abejaruco	es
abejeo	es
abejero	es
abejorrear	es
abejorro	es
abejón	es
abeldar	es
abellacar	es
abellotado	es
abelmosco	es
abemolar	es
abencerraje	es
abenuz	es
aberenjenado	es
aberración	es
aberrante	es
aberrantemente	es
abertal	es
abertura	es
abertzale	es
aberzale	es
abestiado	es
abestializado	es
abetal	es
abete	es
abeto	es
abetuna	es
abetunado	es
abia	es
abiar	es
abibollo	es
abichar	es
abierta	es
abiertamente	es
abierto	es
abietáceas	es
abietáceo	es
abietíneas	es
abietíneo	es
abigarrado	es
abigarramiento	es
abigarrar	es
abigotado	es
abinar	es
abintestato	es
abiogénesis	es
abipón	es
abisagrar	es
abisal	es
abiselar	es
abisinio	es
abismal	es
abismalmente	es
abismar	es
abismo	es
abismático	es
abitadura	es
abitar	es
abitón	es
abizcochado	es
abiótico	es
abjurar	es
ablación	es
ablandabrevas	es
ablandador	es
ablandamiento	es
ablandar	es
ablandativo	es
ablandecer	es
ablanedo	es
ablanero	es
ablano	es
ablativo	es
ablentar	es
ablución	es
abnegación	es
abobado	es
abobamiento	es
abobar	es
abocadear	es
abocamiento	es
abocanar	es
abocar	es
abocardar	es
abocetar	es
abochornar	es
abocinado	es
abocinamiento	es
abocinar	es
abofar	es
abofeteador	es
abofetear	es
abogacía	es
abogadismo	es
abogado	es
abogador	es
abogar	es
abolengo	es
abolicionismo	es
abolicionista	es
abolición	es
abolid	es
abolida	es
abolidas	es
abolido	es
abolidos	es
aboliendo	es
aboliera	es
abolierais	es
abolieran	es
abolieras	es
aboliere	es
aboliereis	es
abolieren	es
abolieres	es
abolieron	es
aboliese	es
abolieseis	es
aboliesen	es
abolieses	es
abolimos	es
abolir	es
aboliremos	es
abolirla	es
abolirlas	es
abolirlo	es
abolirlos	es
abolirse	es
abolirá	es
abolirán	es
abolirás	es
aboliré	es
aboliréis	es
aboliría	es
aboliríais	es
aboliríamos	es
abolirían	es
abolirías	es
aboliste	es
abolisteis	es
aboliéramos	es
aboliéremos	es
aboliésemos	es
abolió	es
abollar	es
abollonar	es
abolorio	es
abolsar	es
abolí	es
abolía	es
abolíais	es
abolíamos	es
abolían	es
abolías	es
abolís	es
abombado	es
abombamiento	es
abombar	es
abominar	es
abona	es
abonado	es
abonador	es
abonanzar	es
abonar	es
abondar	es
aboquillar	es
abordable	es
abordador	es
abordaje	es
abordar	es
aborigen	es
aborrajar	es
aborrascar	es
aborrecedor	es
aborrecer	es
aborrecimiento	es
aborregar	es
aborrir	es
aborronar	es
abortamiento	es
abortar	es
abortista	es
abortivo	es
aborto	es
abortón	es
aborujar	es
abotagamiento	es
abotagar	es
abotargamiento	es
abotargar	es
abotinado	es
abotonador	es
abotonar	es
abovedado	es
abovedar	es
aboyar	es
abozalar	es
abra	es
abracadabra	es
abracijo	es
abrasador	es
abrasamiento	es
abrasar	es
abrasivo	es
abrasión	es
abravar	es
abravecer	es
abraxas	es
abrazadera	es
abrazador	es
abrazamiento	es
abrazar	es
abrebotellas	es
abrecartas	es
abrelatas	es
abrenunciar	es
abreojos	es
abretonar	es
abrevadero	es
abrevador	es
abrevar	es
abreviadamente	es
abreviado	es
abreviador	es
abreviaduría	es
abreviamiento	es
abreviar	es
abreviatura	es
abrezar	es
abridero	es
abridla	es
abridlas	es
abridle	es
abridles	es
abridlo	es
abridlos	es
abridme	es
abridnos	es
abridor	es
abrigada	es
abrigado	es
abrigador	es
abrigar	es
abrigo	es
abril	es
abrileño	es
abrillantador	es
abrillantar	es
abrimiento	es
abriolar	es
abrir	es
abrochador	es
abrochamiento	es
abrochar	es
abrogar	es
abrojo	es
abromar	es
abroncar	es
abroquelar	es
abrotoñar	es
abrumadoramente	es
abrumar	es
abruptamente	es
abrupto	es
abrutado	es
abruzar	es
abrámonos	es
abríos	es
abrótano	es
abs	es
absceso	es
abscisa	es
absconder	es
absentarse	es
absentismo	es
absolución	es
absoluta	es
absolutamente	es
absolutez	es
absolutidad	es
absolutismo	es
absolutista	es
absoluto	es
absolutorio	es
absolvedor	es
absolver	es
absorbencia	es
absorbente	es
absorber	es
absorbimiento	es
absorción	es
absortar	es
absorto	es
abstemio	es
abstencionismo	es
abstencionista	es
abstención	es
abstener	es
abstergente	es
absterger	es
abstinencia	es
abstinente	es
abstracción	es
abstractamente	es
abstracto	es
abstraer	es
abstraído	es
abstruso	es
absuelto	es
absurdidad	es
absurdo	es
abubilla	es
abuchear	es
abucheo	es
abudabí	es
abuela	es
abuelastro	es
abuelo	es
abuhado	es
abuhardillado	es
abujardar	es
abulaga	es
abulagar	es
abulense	es
abulia	es
abullonar	es
abultadamente	es
abultado	es
abultamiento	es
abultar	es
abulón	es
abundancia	es
abundancial	es
abundante	es
abundantemente	es
abundar	es
abundosamente	es
abundoso	es
abur	es
aburar	es
aburelado	es
aburguesamiento	es
aburguesar	es
aburrar	es
aburrición	es
aburridamente	es
aburrido	es
aburridor	es
aburrimiento	es
aburrir	es
aburujar	es
abusador	es
abusar	es
abusivamente	es
abusivo	es
abuso	es
abusón	es
abuzar	es
abuñolar	es
abuñuelar	es
abyección	es
abyecto	es
abéñula	es
abúlico	es
acabable	es
acabado	es
acabador	es
acabalar	es
acaballadero	es
acaballado	es
acaballar	es
acaballerar	es
acaballonar	es
acabamiento	es
acabar	es
acabañar	es
acabestrillar	es
acabildar	es
acabo	es
acachar	es
acachetar	es
acachetear	es
acachorrar	es
acacia	es
acaciano	es
academia	es
academicismo	es
academicista	es
academizar	es
acadio	es
académicamente	es
académico	es
acaece	es
acaecen	es
acaecer	es
acaecerle	es
acaecerles	es
acaecerme	es
acaecernos	es
acaeceros	es
acaecerte	es
acaecerá	es
acaecerán	es
acaecería	es
acaecerían	es
acaecida	es
acaecidas	es
acaecido	es
acaecidos	es
acaeciendo	es
acaeciera	es
acaecieran	es
acaeciere	es
acaecieren	es
acaecieron	es
acaeciese	es
acaeciesen	es
acaecimiento	es
acaeció	es
acaecía	es
acaecían	es
acaezca	es
acaezcan	es
acaguasar	es
acairelar	es
acalabrotar	es
acaldar	es
acalefo	es
acalenturar	es
acallantar	es
acallar	es
acalmar	es
acaloradamente	es
acalorado	es
acaloramiento	es
acalorar	es
acaloñar	es
acalumniar	es
acamar	es
acampada	es
acampanado	es
acampanar	es
acampar	es
acanalador	es
acanalar	es
acanallar	es
acanelado	es
acanelonar	es
acanillado	es
acanilladura	es
acantalea	es
acantaleaba	es
acantaleaban	es
acantaleada	es
acantaleadas	es
acantaleado	es
acantaleados	es
acantalean	es
acantaleando	es
acantalear	es
acantaleara	es
acantalearan	es
acantaleare	es
acantalearen	es
acantalearon	es
acantalearse	es
acantaleará	es
acantalearán	es
acantalearía	es
acantalearían	es
acantalease	es
acantaleasen	es
acantalee	es
acantaleen	es
acantaleó	es
acantarar	es
acantear	es
acantilado	es
acantilar	es
acantio	es
acanto	es
acantonamiento	es
acantonar	es
acantopterigio	es
acantácea	es
acantáceo	es
acaparador	es
acaparamiento	es
acaparar	es
acaparrarse	es
acapizar	es
acarameladamente	es
acaramelar	es
acarar	es
acardenalar	es
acarear	es
acariciador	es
acariciar	es
acaronar	es
acarralar	es
acarrar	es
acarrazar	es
acarreadizo	es
acarreador	es
acarreamiento	es
acarrear	es
acarreo	es
acarretar	es
acartonadamente	es
acartonar	es
acasarado	es
acaso	es
acastorado	es
acatalecto	es
acataléctico	es
acatamiento	es
acatar	es
acatarrar	es
acaudalado	es
acaudalar	es
acaudillar	es
acaule	es
acautelar	es
acañaverear	es
acañonear	es
acceder	es
accesibilidad	es
accesible	es
accesión	es
acceso	es
accesoria	es
accesoriamente	es
accesorio	es
accidental	es
accidentalidad	es
accidentalmente	es
accidentar	es
accidentario	es
accidente	es
accionado	es
accionamiento	es
accionar	es
accionaria	es
accionariado	es
accionarial	es
accionario	es
accionista	es
accitano	es
acción	es
accésit	es
acebadar	es
acebeda	es
acebollado	es
acebolladura	es
acebuche	es
acechadera	es
acechadero	es
acechador	es
acechamiento	es
acechante	es
acechanza	es
acechar	es
acecho	es
acecinar	es
acedar	es
acedera	es
acedia	es
acedo	es
acefalismo	es
acefalía	es
aceitar	es
aceite	es
aceitera	es
aceitero	es
aceitoso	es
aceituna	es
aceitunado	es
aceitunero	es
aceitunil	es
aceituno	es
aceleración	es
acelerada	es
aceleradamente	es
acelerado	es
acelerador	es
aceleramiento	es
acelerar	es
acelga	es
acemilar	es
acemilero	es
acemilería	es
acender	es
acendrado	es
acendramiento	es
acendrar	es
acensar	es
acensuar	es
acento	es
acentuación	es
acentual	es
acentuar	es
acepar	es
acepción	es
acepillar	es
aceptabilidad	es
aceptable	es
aceptación	es
aceptador	es
aceptar	es
acepto	es
aceptor	es
acequiaje	es
acequiar	es
acequiero	es
acera	es
acerado	es
acerar	es
acerbidad	es
acerbo	es
acerca	es
acercamiento	es
acercar	es
acerico	es
acerino	es
acernadar	es
acerola	es
acerolo	es
acerosamente	es
acerrojar	es
acertada	es
acertadamente	es
acertado	es
acertador	es
acertadísimo	es
acertamiento	es
acertar	es
acertijo	es
aceruelo	es
acervo	es
acetamida	es
acetar	es
acetato	es
acetificar	es
acetilcolina	es
acetileno	es
acetilo	es
acetilsalicílico	es
acetite	es
acetona	es
acetosa	es
acetosidad	es
acetoso	es
acetre	es
acetrinar	es
acezante	es
acezar	es
aceña	es
achabacanamiento	es
achabacanar	es
achacar	es
achacoso	es
achaflanar	es
achampanado	es
achampañado	es
achancar	es
achantar	es
achaparrado	es
achaparrar	es
achaque	es
achaquero	es
acharar	es
acharolar	es
achatamiento	es
achatar	es
achicador	es
achicadura	es
achicamiento	es
achicar	es
achicharradero	es
achicharrar	es
achicorero	es
achinar	es
achique	es
achiquillado	es
achispar	es
achochar	es
achocolatado	es
achubascar	es
achuchar	es
achulapar	es
achular	es
aciago	es
acial	es
aciano	es
acibarar	es
acibarrar	es
aciberar	es
acicalado	es
acicalador	es
acicaladura	es
acicalamiento	es
acicalar	es
acicate	es
acicatear	es
acicular	es
acidalio	es
acidez	es
acidia	es
acidificar	es
acidioso	es
acidorresistente	es
acidosis	es
acidular	es
aciemar	es
acierto	es
aciguatar	es
acilo	es
acimentarse	es
acimut	es
acimutal	es
acimutes	es
acinturar	es
acitrón	es
aclamador	es
aclamar	es
aclarado	es
aclarador	es
aclarar	es
aclaratorio	es
aclarecer	es
aclareo	es
acle	es
aclimatar	es
aclocar	es
aclorhidria	es
acné	es
acobardadamente	es
acobardamiento	es
acobardar	es
acobijar	es
acocar	es
acocear	es
acochar	es
acochinado	es
acoclar	es
acocotar	es
acodado	es
acodalamiento	es
acodalar	es
acodar	es
acoderamiento	es
acoderar	es
acodiciar	es
acodillar	es
acoger	es
acogido	es
acogimiento	es
acogollar	es
acogombrar	es
acogotar	es
acohombrar	es
acoitar	es
acojinamiento	es
acojinar	es
acojonadamente	es
acojonar	es
acolar	es
acolchado	es
acolchar	es
acolitado	es
acollar	es
acollarar	es
acollonar	es
acombar	es
acomendar	es
acometedor	es
acometer	es
acometida	es
acometimiento	es
acometividad	es
acomodada	es
acomodadizo	es
acomodado	es
acomodador	es
acomodamiento	es
acomodar	es
acomodaticio	es
acomodo	es
acompasado	es
acompasar	es
acompañamiento	es
acompañante	es
acompañar	es
acomplejar	es
acomunalar	es
acomunar	es
aconchabar	es
aconchar	es
acondicionador	es
acondicionar	es
acondroplásico	es
aconduchar	es
acongojadamente	es
acongojador	es
acongojar	es
aconhortar	es
aconitina	es
aconsejado	es
aconsejador	es
aconsejar	es
aconsonantar	es
acontar	es
acontece	es
acontecedero	es
acontecen	es
acontecer	es
acontecerle	es
acontecerles	es
acontecerme	es
acontecernos	es
aconteceros	es
acontecerte	es
acontecerá	es
acontecerán	es
acontecería	es
acontecerían	es
acontecida	es
acontecidas	es
acontecido	es
acontecidos	es
aconteciendo	es
aconteciera	es
acontecieran	es
aconteciere	es
acontecieren	es
acontecieron	es
aconteciese	es
aconteciesen	es
acontecimiento	es
aconteció	es
acontecía	es
acontecían	es
acontezca	es
acontezcan	es
acopar	es
acopiamiento	es
acopiar	es
acopio	es
acoplador	es
acopladura	es
acoplamiento	es
acoplar	es
acoquinamiento	es
acoquinar	es
acorar	es
acorazada	es
acorazado	es
acorazamiento	es
acorazar	es
acorazonado	es
acorchado	es
acorchamiento	es
acorchar	es
acordada	es
acordado	es
acordanza	es
acordar	es
acorde	es
acordelar	es
acordemente	es
acordeonista	es
acordeón	es
acordonamiento	es
acordonar	es
acornar	es
acornear	es
acorralamiento	es
acorralar	es
acorrer	es
acorrucar	es
acortamiento	es
acortar	es
acortejar	es
acorullar	es
acorvar	es
acorzar	es
acosador	es
acosar	es
acosmismo	es
acostada	es
acostado	es
acostamiento	es
acostar	es
acostumbrada	es
acostumbrado	es
acostumbrar	es
acotación	es
acotada	es
acotamiento	es
acotar	es
acotejar	es
acotolar	es
acoyundar	es
acoyuntar	es
acracia	es
acre	es
acrecencia	es
acrecentador	es
acrecentamiento	es
acrecentar	es
acrecer	es
acreditación	es
acreditado	es
acreditar	es
acreditativo	es
acreedor	es
acremente	es
acrescente	es
acrianzar	es
acribar	es
acribillar	es
acriminar	es
acrimonia	es
acrisolador	es
acrisolar	es
acristalado	es
acristalamiento	es
acristalar	es
acristianar	es
acritud	es
acrobacia	es
acrobatismo	es
acrobático	es
acrofobia	es
acromatizar	es
acromatopsia	es
acromegalia	es
acromion	es
acrílico	es
acróbata	es
acrómiones	es
acrónimo	es
acrópolis	es
acróstico	es
acta	es
actancial	es
actea	es
actina	es
actinia	es
actinio	es
actinismo	es
actinomices	es
actinomicosis	es
actinomorfo	es
actinota	es
actitud	es
actitudinal	es
activa	es
activamente	es
activar	es
actividad	es
activismo	es
activista	es
activo	es
acto	es
actor	es
actriz	es
actuación	es
actual	es
actualidad	es
actualización	es
actualizador	es
actualizar	es
actualmente	es
actuante	es
actuar	es
actuaria	es
actuario	es
acuadrillar	es
acuantiar	es
acuarela	es
acuarelista	es
acuario	es
acuartar	es
acuartelamiento	es
acuartelar	es
acuartillar	es
acuatizaje	es
acuatizar	es
acubilar	es
acuchilladizo	es
acuchillador	es
acuchillar	es
acucia	es
acuciador	es
acuciamiento	es
acuciante	es
acuciar	es
acuciosamente	es
acuciosidad	es
acucioso	es
acuclillar	es
acudiciar	es
acudimiento	es
acudir	es
acueducto	es
acuerdo	es
acuicultura	es
acuidad	es
acuitar	es
acular	es
acullá	es
acultural	es
aculturar	es
acumulado	es
acumulador	es
acumulamiento	es
acumular	es
acumulativo	es
acunar	es
acuntir	es
acuosidad	es
acuoso	es
acupresión	es
acupuntura	es
acurdar	es
acure	es
acurrucar	es
acurrullar	es
acusación	es
acusada	es
acusado	es
acusador	es
acusar	es
acusativamente	es
acusativo	es
acusatoriamente	es
acusatorio	es
acuse	es
acusica	es
acusón	es
acutángulo	es
acuático	es
acuífero	es
acuñar	es
acá	es
acéfalo	es
acémila	es
acérrimo	es
acético	es
acíbar	es
acícula	es
acídulo	es
acólito	es
acónito	es
acústica	es
acústico	es
ad	es
adagio	es
adaguar	es
adalid	es
adamado	es
adamantino	es
adamar	es
adamascar	es
adamismo	es
adamita	es
adanismo	es
adaptabilidad	es
adaptable	es
adaptación	es
adaptador	es
adaptar	es
adaptativo	es
adaraja	es
adarce	es
adarga	es
adargar	es
adarguero	es
adarme	es
adarvar	es
adarve	es
adecenar	es
adecentar	es
adecuación	es
adecuada	es
adecuadamente	es
adecuado	es
adecuar	es
adefesio	es
adehala	es
adehesar	es
adeje	es
adelantado	es
adelantador	es
adelantamiento	es
adelantar	es
adelante	es
adelanto	es
adelfa	es
adelgazador	es
adelgazamiento	es
adelgazar	es
adeliñar	es
ademar	es
ademe	es
ademán	es
además	es
adenda	es
adenia	es
adenitis	es
adenoideo	es
adenoides	es
adenoma	es
adensar	es
adentellar	es
adentrar	es
adentro	es
adepto	es
aderezamiento	es
aderezar	es
aderezo	es
adestrar	es
adeudar	es
adeudo	es
adherecer	es
adherencia	es
adherente	es
adherir	es
adhesividad	es
adhesivo	es
adhesión	es
adhortar	es
adiar	es
adicción	es
adicionador	es
adicional	es
adicionalmente	es
adicionar	es
adición	es
adictivo	es
adicto	es
adiestrado	es
adiestrador	es
adiestramiento	es
adiestrar	es
adietar	es
adinerado	es
adinerar	es
adintelado	es
adipocira	es
adiposidad	es
adiposo	es
adipsia	es
adir	es
aditamento	es
aditivo	es
adive	es
adivinador	es
adivinamiento	es
adivinanza	es
adivinar	es
adiós	es
adjetival	es
adjetivar	es
adjetivo	es
adjudicador	es
adjudicar	es
adjudicatario	es
adjunta	es
adjuntar	es
adjunto	es
adjurar	es
adjutor	es
adminicular	es
administrado	es
administrador	es
administrar	es
administrativamente	es
administrativo	es
admirablemente	es
admirador	es
admirar	es
admirativo	es
admisibilidad	es
admisible	es
admisión	es
admitir	es
admonitorio	es
admón	es
adobado	es
adobador	es
adobar	es
adobe	es
adobera	es
adobo	es
adocenado	es
adocenar	es
adocilar	es
adoctrinamiento	es
adoctrinar	es
adolecer	es
adolescencia	es
adolescente	es
adolfo	es
adonarse	es
adonde	es
adondequiera	es
adonecer	es
adonis	es
adonizar	es
adopcionismo	es
adopcionista	es
adopción	es
adoptable	es
adoptador	es
adoptante	es
adoptar	es
adoptivo	es
adoquinar	es
adoquín	es
adorador	es
adorar	es
adoratorio	es
adoratriz	es
adormecedor	es
adormecer	es
adormecimiento	es
adormidera	es
adormilar	es
adormir	es
adormitar	es
adornador	es
adornamiento	es
adornar	es
adornista	es
adorno	es
adosado	es
adosar	es
adotrinar	es
adquirente	es
adquirido	es
adquiriente	es
adquirir	es
adquisición	es
adquisidor	es
adquisitivo	es
adra	es
adragante	es
adral	es
adrar	es
adrede	es
adrenal	es
adrenalina	es
adrezar	es
adrizamiento	es
adrizar	es
adrián	es
adriático	es
adscribible	es
adscribir	es
adscripción	es
adscrito	es
adsl	es
adsorber	es
adstrato	es
adstringir	es
aduana	es
aduanero	es
aduar	es
aducción	es
aducir	es
aductor	es
adueñar	es
adujar	es
adulador	es
adular	es
adularia	es
adulatorio	es
adulciguar	es
adulcir	es
adulterador	es
adulterar	es
adulterino	es
adulterio	es
adultez	es
adulto	es
adulzar	es
adulzorar	es
adulón	es
adumbrar	es
adunar	es
adustez	es
adusto	es
adv	es
advenedizo	es
advenimiento	es
advenir	es
adventicio	es
adventismo	es
adventista	es
adverado	es
adverar	es
adverbial	es
adverbialización	es
adverbializar	es
adverbio	es
adversar	es
adversario	es
adversativo	es
adversidad	es
adverso	es
advertencia	es
advertida	es
advertidamente	es
advertido	es
advertimiento	es
advertir	es
adviértase	es
advocación	es
advocar	es
advén	es
adyacente	es
adyuvante	es
adán	es
adónde	es
adúltero	es
aedo	es
aeriforme	es
aerobia	es
aerobio	es
aerodinámica	es
aerodinámico	es
aeroespacial	es
aerofagia	es
aerogenerador	es
aerolito	es
aerolínea	es
aeromancia	es
aeronato	es
aeronauta	es
aeronaval	es
aeronave	es
aeronáutica	es
aeronáutico	es
aeroplano	es
aeroportuario	es
aeropostal	es
aeropuerto	es
aerosol	es
aerostación	es
aerostato	es
aerostero	es
aerostático	es
aerotecnia	es
aeroterapia	es
aeroterrestre	es
aerotransportar	es
aeróbico	es
aeródromo	es
aes	es
aeta	es
afabilidad	es
afable	es
afablemente	es
afaccionado	es
afacer	es
afalagar	es
afamar	es
afanadamente	es
afanador	es
afanar	es
afanosamente	es
afanoso	es
afarolado	es
afascalar	es
afasia	es
afatar	es
afeador	es
afeamiento	es
afear	es
afeblecer	es
afeccionar	es
afección	es
afecta	es
afectable	es
afectación	es
afectado	es
afectador	es
afectar	es
afectividad	es
afectivo	es
afecto	es
afectuosamente	es
afectuosidad	es
afectuoso	es
afeitado	es
afeitador	es
afeitadora	es
afeitar	es
afeite	es
afelio	es
afelpado	es
afelpar	es
afeminado	es
afeminamiento	es
afeminar	es
aferente	es
aferir	es
aferrado	es
aferrador	es
aferramiento	es
aferrar	es
afervorar	es
afervorizar	es
affaire	es
afganistán	es
afgano	es
afianzador	es
afianzamiento	es
afianzar	es
afiblar	es
afiche	es
aficionado	es
aficionar	es
afición	es
afielar	es
afijar	es
afiladera	es
afilado	es
afilador	es
afiladura	es
afilamiento	es
afilar	es
afiliado	es
afiliar	es
afiligranar	es
afilo	es
afinador	es
afinadura	es
afinar	es
afincar	es
afinidad	es
afirmado	es
afirmador	es
afirmar	es
afirmativa	es
afirmativamente	es
afirmativo	es
afistolar	es
afistular	es
aflacar	es
aflamar	es
aflaquecerse	es
aflautar	es
afletar	es
aflicción	es
aflictivo	es
afligidamente	es
afligir	es
aflojamiento	es
aflojar	es
aflorado	es
afloramiento	es
aflorar	es
afluente	es
afluentemente	es
afluir	es
afmo	es
afofar	es
afogar	es
afogarar	es
afollar	es
afondar	es
afonía	es
aforador	es
aforamiento	es
aforar	es
aforcar	es
aforisma	es
aforismo	es
aforo	es
aforrar	es
afortalar	es
afortunada	es
afortunadamente	es
afortunado	es
aforística	es
aforístico	es
afosar	es
afoscar	es
afrailamiento	es
afrailar	es
afrancar	es
afrancesamiento	es
afrancesar	es
afrenillar	es
afrenta	es
afrentador	es
afrentar	es
afrentoso	es
afretar	es
afreñir	es
africado	es
africanismo	es
africanista	es
africanizar	es
africano	es
afrikáans	es
afroamericano	es
afroantillano	es
afrocubano	es
afrodescendiente	es
afrodisíaco	es
afrodita	es
afronitro	es
afrontamiento	es
afrontar	es
afrutadamente	es
afta	es
aftoso	es
afuera	es
afufar	es
afumar	es
afán	es
aféresis	es
afín	es
agabachar	es
agachadera	es
agachadiza	es
agachar	es
agalbanado	es
agalerar	es
agamitar	es
aganar	es
agangrenar	es
agaragar	es
agarbanzar	es
agarbar	es
agardamar	es
agareno	es
agarrada	es
agarradera	es
agarradero	es
agarrado	es
agarrador	es
agarrafar	es
agarrar	es
agarre	es
agarrochador	es
agarrochar	es
agarrochear	es
agarrotamiento	es
agarrotar	es
agarrotear	es
agarrón	es
agasajado	es
agasajador	es
agasajar	es
agasajo	es
agatino	es
agatizar	es
agave	es
agavillar	es
agazapar	es
agañotar	es
agencia	es
agenciar	es
agenda	es
agendar	es
agenesia	es
agente	es
agerasia	es
agermanar	es
agestado	es
agestarse	es
agigantar	es
agigotar	es
agilidad	es
agilitar	es
agilizar	es
agitación	es
agitadamente	es
agitado	es
agitador	es
agitanar	es
agitar	es
aglomerante	es
aglomerar	es
aglutinador	es
aglutinante	es
aglutinar	es
agnación	es
agnus	es
agnusdéi	es
agobiante	es
agobiar	es
agobio	es
agolar	es
agolpamiento	es
agolpar	es
agonioso	es
agonista	es
agonizante	es
agonizar	es
agonía	es
agorafobia	es
agorar	es
agorero	es
agorgojar	es
agosta	es
agostadero	es
agostador	es
agostamiento	es
agostar	es
agostero	es
agostizo	es
agosto	es
agotable	es
agotador	es
agotamiento	es
agotar	es
agote	es
agraciar	es
agradable	es
agradablemente	es
agradar	es
agradecer	es
agradecida	es
agradecido	es
agradecimiento	es
agrado	es
agrafia	es
agramadera	es
agramar	es
agramilar	es
agrandamiento	es
agrandar	es
agrario	es
agrarismo	es
agrarista	es
agravador	es
agravamiento	es
agravante	es
agravar	es
agravatorio	es
agraviador	es
agraviamiento	es
agraviar	es
agravio	es
agraz	es
agrazada	es
agrazar	es
agrear	es
agredido	es
agredir	es
agregado	es
agregar	es
agregativo	es
agremiar	es
agresivamente	es
agresividad	es
agresivo	es
agresión	es
agresor	es
agreste	es
agriado	es
agriamente	es
agriar	es
agricultor	es
agricultura	es
agridulce	es
agrietamiento	es
agrietar	es
agrifada	es
agrifolio	es
agrillar	es
agrimensor	es
agrimensura	es
agrio	es
agrisado	es
agrisar	es
agronomía	es
agropecuario	es
agroquímico	es
agroturismo	es
agrumar	es
agrupador	es
agrupamiento	es
agrupar	es
agrura	es
agrícola	es
agrónomo	es
agua	es
aguacatal	es
aguacate	es
aguacero	es
aguachar	es
aguachinar	es
aguachirle	es
aguada	es
aguadero	es
aguadija	es
aguador	es
aguadura	es
aguafiestas	es
aguafuerte	es
aguafuertista	es
aguagoma	es
aguaitar	es
aguamala	es
aguamanil	es
aguamanos	es
aguamar	es
aguamarina	es
aguamelado	es
aguamiel	es
aguanieve	es
aguanoso	es
aguantable	es
aguantaderas	es
aguantar	es
aguapié	es
aguar	es
aguardadero	es
aguardar	es
aguardentero	es
aguardentoso	es
aguardiente	es
aguardo	es
aguarrás	es
aguaturma	es
aguaverde	es
aguaviento	es
aguavilla	es
aguay	es
aguaza	es
aguazar	es
aguazo	es
aguazoso	es
aguazul	es
aguañón	es
aguciar	es
aguda	es
agudamente	es
agudeza	es
agudización	es
agudizar	es
agudo	es
aguedita	es
aguerrido	es
aguijada	es
aguijador	es
aguijadura	es
aguijar	es
aguijonamiento	es
aguijonar	es
aguijoneador	es
aguijonear	es
aguijón	es
aguilando	es
aguilar	es
aguileña	es
aguileño	es
aguililla	es
aguilonia	es
aguilucho	es
aguilón	es
aguinaldo	es
aguizgar	es
aguja	es
agujadera	es
agujal	es
agujazo	es
agujerar	es
agujerear	es
agujero	es
agujeta	es
agujetero	es
agujuela	es
aguosidad	es
aguoso	es
agur	es
agusanamiento	es
agusanar	es
agustinianismo	es
agustiniano	es
agustino	es
agustín	es
aguzadero	es
aguzado	es
aguzador	es
aguzadura	es
aguzamiento	es
aguzar	es
agáloco	es
agárico	es
agónico	es
agüerar	es
agüero	es
agüimes	es
agüita	es
ah	es
ahajar	es
ahechadero	es
ahechador	es
ahechadura	es
ahechar	es
ahelear	es
aherir	es
ahermanar	es
aherrojamiento	es
aherrojar	es
aherrumbrar	es
aherventar	es
ahervorar	es
ahetrar	es
ahijadera	es
ahijadero	es
ahijador	es
ahijamiento	es
ahijar	es
ahilado	es
ahilamiento	es
ahilar	es
ahincadamente	es
ahincar	es
ahirmar	es
ahitar	es
ahocicar	es
ahocinar	es
ahogada	es
ahogadamente	es
ahogadero	es
ahogadizo	es
ahogado	es
ahogador	es
ahogamiento	es
ahogar	es
ahogo	es
ahondamiento	es
ahondar	es
ahora	es
ahorcado	es
ahorcajar	es
ahorcamiento	es
ahorcar	es
ahorita	es
ahormar	es
ahornagar	es
ahornar	es
ahorquillado	es
ahorquillar	es
ahorrador	es
ahorramiento	es
ahorrar	es
ahorrativo	es
ahorro	es
ahotar	es
ahoyar	es
ahuchar	es
ahuchear	es
ahuecado	es
ahuecador	es
ahuecamiento	es
ahuecar	es
ahuehuete	es
ahuesado	es
ahuevar	es
ahumado	es
ahumar	es
ahusado	es
ahusar	es
ahuyentador	es
ahuyentar	es
ahí	es
ahílo	es
ahínco	es
aijada	es
ailanto	es
aimara	es
aindiar	es
airada	es
airadamente	es
airar	es
aire	es
airear	es
airosamente	es
airosidad	es
airoso	es
airón	es
aislacionismo	es
aislacionista	es
aisladamente	es
aislado	es
aislador	es
aislamiento	es
aislante	es
aislar	es
aitor	es
aj	es
ajada	es
ajamiento	es
ajamonar	es
ajaquecarse	es
ajar	es
ajaraca	es
ajaracado	es
ajarafe	es
ajardinar	es
aje	es
ajear	es
ajedrecista	es
ajedrez	es
ajedrezado	es
ajenar	es
ajenjo	es
ajeno	es
ajeo	es
ajero	es
ajete	es
ajetrear	es
ajetreo	es
ajiaceite	es
ajiaco	es
ajicola	es
ajicuervo	es
ajilimoje	es
ajilimójili	es
ajimez	es
ajipuerro	es
ajironar	es
ajo	es
ajoarriero	es
ajobero	es
ajobilla	es
ajolio	es
ajolote	es
ajomate	es
ajonje	es
ajonjera	es
ajonjero	es
ajonjo	es
ajonjolí	es
ajonuez	es
ajoqueso	es
ajorar	es
ajorca	es
ajornalar	es
ajorrar	es
ajotar	es
ajotrino	es
ajuagas	es
ajuar	es
ajuarar	es
ajuglarar	es
ajuiciar	es
ajumar	es
ajuntar	es
ajustadamente	es
ajustado	es
ajustador	es
ajustamiento	es
ajustar	es
ajuste	es
ajusticiamiento	es
ajusticiar	es
ajá	es
ají	es
al	es
ala	es
alabado	es
alabador	es
alabamiento	es
alabancero	es
alabancia	es
alabancioso	es
alabandina	es
alabanza	es
alabar	es
alabarda	es
alabardazo	es
alabardero	es
alabastrita	es
alabastro	es
alabeado	es
alabear	es
alabeo	es
alacayuela	es
alaciar	es
alacrancillo	es
alacranera	es
alacridad	es
alacrán	es
alacuás	es
alada	es
aladar	es
aladierna	es
alado	es
aladrar	es
aladrero	es
aladro	es
aladroque	es
alafia	es
alagar	es
alajú	es
alama	es
alamar	es
alambicadamente	es
alambicado	es
alambicamiento	es
alambicar	es
alambique	es
alambor	es
alambrado	es
alambrar	es
alambre	es
alambrear	es
alambrera	es
alambrilla	es
alameda	es
alamina	es
alaminazgo	es
alampar	es
alamán	es
alamín	es
alanceador	es
alancear	es
alandrear	es
alangieo	es
alangiácea	es
alangiáceo	es
alano	es
alantoides	es
alanzar	es
alarbe	es
alarcón	es
alarde	es
alardear	es
alardosamente	es
alargadamente	es
alargadera	es
alargado	es
alargador	es
alargamiento	es
alargar	es
alarguez	es
alaridar	es
alarido	es
alarife	es
alarma	es
alarmante	es
alarmar	es
alarmismo	es
alarmista	es
alastrar	es
alaterno	es
alauí	es
alavense	es
alavés	es
alazor	es
alazán	es
alba	es
albacara	es
albacea	es
albaceazgo	es
albacete	es
albacetense	es
albaceteño	es
albacora	es
albahaca	es
albahaquero	es
albahaquilla	es
albaida	es
albalaero	es
albanar	es
albanega	es
albania	es
albano	es
albanés	es
albar	es
albarazado	es
albarca	es
albarcoque	es
albarcoquero	es
albarda	es
albardar	es
albardela	es
albardero	es
albardinar	es
albardonero	es
albardín	es
albardón	es
albarejo	es
albareque	es
albaricoque	es
albaricoquero	es
albarigo	es
albarino	es
albarizo	es
albarrana	es
albarsa	es
albarán	es
albatoza	es
albatros	es
albayalde	es
albañal	es
albañear	es
albañil	es
albañila	es
albañilear	es
albañilería	es
albear	es
albedo	es
albedriar	es
albedrío	es
albeldadero	es
albeldar	es
albeldense	es
albenda	es
albendera	es
alberca	es
alberchiguero	es
albergador	es
albergadura	es
albergar	es
albergue	es
albero	es
alberque	es
alberquero	es
albert	es
alberto	es
albicante	es
albigense	es
albihar	es
albillo	es
albina	es
albinismo	es
albino	es
albita	es
albitana	es
albo	es
alboaire	es
albondiguilla	es
albor	es
alborada	es
alboraya	es
alborear	es
alborga	es
albornoz	es
alboroque	es
alborotadamente	es
alborotadizo	es
alborotado	es
alborotador	es
alborotapueblos	es
alborotar	es
alboroto	es
alborozador	es
alborozar	es
alborozo	es
alborto	es
albriciar	es
albudeca	es
albufera	es
albugo	es
albumen	es
albuminar	es
albuminoide	es
albuminoideo	es
albuminoso	es
albuminuria	es
albur	es
albura	es
alburente	es
albóndiga	es
albúmina	es
alca	es
alcabala	es
alcabalero	es
alcabor	es
alcabota	es
alcacel	es
alcacer	es
alcachofa	es
alcachofar	es
alcahaz	es
alcahotar	es
alcahueta	es
alcahuetar	es
alcahuete	es
alcahuetear	es
alcaico	es
alcaide	es
alcaldada	es
alcalde	es
alcaldesa	es
alcaldía	es
alcalescencia	es
alcalinidad	es
alcalinizar	es
alcalino	es
alcalizar	es
alcaloide	es
alcaloideo	es
alcalosis	es
alcalá	es
alcana	es
alcance	es
alcancía	es
alcanfor	es
alcanforada	es
alcanforar	es
alcanforero	es
alcano	es
alcantarilla	es
alcantarillar	es
alcantarillero	es
alcantarino	es
alcanzable	es
alcanzadizo	es
alcanzado	es
alcanzador	es
alcanzadura	es
alcanzar	es
alcaparra	es
alcaparrera	es
alcaparrón	es
alcaravanero	es
alcaravea	es
alcaraván	es
alcarchofar	es
alcarraza	es
alcarria	es
alcartaz	es
alcatara	es
alcatraz	es
alcaucil	es
alcaudón	es
alcayatar	es
alcazaba	es
alce	es
alcea	es
alcedo	es
alcino	es
alcionio	es
alcionito	es
alcira	es
alcista	es
alción	es
alcoba	es
alcobendas	es
alcohol	es
alcoholar	es
alcoholato	es
alcoholaturo	es
alcoholemia	es
alcoholera	es
alcoholero	es
alcoholismo	es
alcoholizado	es
alcoholizar	es
alcohólico	es
alcolla	es
alconcilla	es
alcor	es
alcoranista	es
alcorcón	es
alcornocal	es
alcornoque	es
alcorza	es
alcorzar	es
alcotana	es
alcotán	es
alcoy	es
alcoyano	es
alcubilla	es
alcucero	es
alcurnia	es
alcuza	es
alcándara	es
alcántara	es
alcázar	es
aldaba	es
aldabada	es
aldabazo	es
aldabear	es
aldabón	es
aldaya	es
aldea	es
aldeanamente	es
aldeaniego	es
aldeanismo	es
aldeano	es
aldehído	es
aldeorrio	es
alderredor	es
aldino	es
aldiza	es
aldohexosa	es
aldopentosa	es
aldorta	es
ale	es
alear	es
aleatoriamente	es
aleatoriedad	es
aleatorio	es
alebrar	es
alebrastarse	es
alebrestar	es
alebronar	es
aleccionador	es
aleccionamiento	es
aleccionar	es
alece	es
aleche	es
alechigar	es
alechugado	es
alechugar	es
alectomancia	es
alectoria	es
aleda	es
aledaño	es
alefangina	es
alefriz	es
alegamar	es
aleganar	es
alegar	es
alegato	es
alegorizar	es
alegoría	es
alegra	es
alegrador	es
alegrar	es
alegre	es
alegremente	es
alegreto	es
alegro	es
alegría	es
alegórico	es
aleja	es
alejado	es
alejamiento	es
alejandra	es
alejandrino	es
alejandro	es
alejar	es
alelado	es
alelamiento	es
alelar	es
alelo	es
aleluya	es
alelí	es
alemanamente	es
alemanda	es
alemania	es
alemán	es
alenguamiento	es
alenguar	es
alentada	es
alentadamente	es
alentado	es
alentador	es
alentadoramente	es
alentar	es
alentoso	es
alerce	es
alergia	es
alergénico	es
alero	es
alerta	es
alertar	es
alerón	es
alesnado	es
aleta	es
aletada	es
aletargamiento	es
aletargar	es
aletear	es
aleto	es
aleudar	es
alevantar	es
aleviar	es
alevoso	es
alevosía	es
alexia	es
aleya	es
aleznar	es
alezo	es
alfa	es
alfabeta	es
alfabetizable	es
alfabetización	es
alfabetizar	es
alfabeto	es
alfabéticamente	es
alfabético	es
alfafar	es
alfaguara	es
alfahar	es
alfaharero	es
alfaida	es
alfajor	es
alfalfa	es
alfalfal	es
alfalfar	es
alfalfez	es
alfana	es
alfandoque	es
alfaneque	es
alfanje	es
alfanumérico	es
alfaque	es
alfaqueque	es
alfar	es
alfaraz	es
alfarda	es
alfareme	es
alfarero	es
alfarería	es
alfarje	es
alfarjía	es
alfarma	es
alfarrazar	es
alfaz	es
alfeizar	es
alferazgo	es
alferecía	es
alferraz	es
alfeñar	es
alfeñicar	es
alfeñique	es
alficoz	es
alfil	es
alfiler	es
alfilerera	es
alfiletero	es
alfitete	es
alfiz	es
alfoliero	es
alfolí	es
alfombra	es
alfombrar	es
alfombrero	es
alfombrista	es
alfonsearse	es
alfonsino	es
alfonsismo	es
alfonso	es
alfonsí	es
alforfón	es
alforja	es
alforjero	es
alforrochar	es
alforza	es
alforzar	es
alfoz	es
alfredo	es
alféizar	es
alférez	es
alfóncigo	es
alga	es
algadara	es
algaida	es
algaido	es
algalia	es
algaliar	es
algar	es
algara	es
algarabía	es
algaracea	es
algaraceaba	es
algaraceaban	es
algaraceada	es
algaraceadas	es
algaraceado	es
algaraceados	es
algaracean	es
algaraceando	es
algaracear	es
algaraceara	es
algaracearan	es
algaraceare	es
algaracearen	es
algaracearon	es
algaracearse	es
algaraceará	es
algaracearán	es
algaracearía	es
algaracearían	es
algaracease	es
algaraceasen	es
algaracee	es
algaraceen	es
algaraceó	es
algarada	es
algarazo	es
algarear	es
algarero	es
algarrada	es
algarroba	es
algarrobal	es
algarrobera	es
algarrobero	es
algarrobo	es
algavaro	es
algazara	es
algazul	es
algebraico	es
algebrista	es
algeciras	es
algemesí	es
algente	es
algete	es
algidez	es
algo	es
algodonal	es
algodonar	es
algodoncillo	es
algodonero	es
algodonosa	es
algodonoso	es
algodón	es
algonquino	es
algorfa	es
algoritmia	es
algoritmo	es
algorín	es
algorítmico	es
algoso	es
alguacil	es
alguacilazgo	es
alguacilesco	es
alguarismo	es
alguaza	es
alguero	es
alguese	es
alguien	es
alguno	es
algébrico	es
algún	es
alhacena	es
alhaja	es
alhajar	es
alhama	es
alhamel	es
alhandal	es
alharaca	es
alharaquiento	es
alharma	es
alhaurín	es
alhelí	es
alheña	es
alheñar	es
alholva	es
alhombrar	es
alhorre	es
alhucema	es
alhumajo	es
ali	es
aliabierto	es
aliado	es
aliaga	es
aliagar	es
aliancista	es
alianza	es
alianzarse	es
aliar	es
alias	es
alible	es
alicante	es
alicantina	es
alicantino	es
alicanto	es
alicatar	es
alicaído	es
alicer	es
alicia	es
aliciente	es
alicionar	es
alicortar	es
alicuanta	es
alidada	es
alidona	es
alienable	es
alienante	es
alienar	es
alienista	es
aliento	es
alienígena	es
alienígeno	es
alifa	es
alifafe	es
alifara	es
alifático	es
aligación	es
aligeramiento	es
aligerar	es
aligonero	es
alijador	es
alijar	es
alijarar	es
alijarero	es
alijariego	es
alimaña	es
alimentación	es
alimentador	es
alimental	es
alimentar	es
alimentario	es
alimenticio	es
alimento	es
alimoche	es
alimonar	es
alimpiar	es
alindamiento	es
alindar	es
alinear	es
alioli	es
aliquebrar	es
alirrojo	es
alisado	es
alisador	es
alisar	es
aliseda	es
alisios	es
alisma	es
aliso	es
alistador	es
alistamiento	es
alistar	es
aliteración	es
alitierno	es
alitán	es
aliviadero	es
aliviador	es
aliviar	es
alivio	es
alizar	es
aliñada	es
aliñado	es
aliñar	es
aliño	es
aljaba	es
aljama	es
aljamiado	es
aljamía	es
aljarafe	es
aljerife	es
aljerifero	es
aljez	es
aljezar	es
aljibe	es
aljibero	es
aljofaina	es
aljofarar	es
aljofifar	es
aljonje	es
aljuba	es
aljuma	es
aljófar	es
allanabarrancos	es
allanador	es
allanamiento	es
allanar	es
allegadera	es
allegadizo	es
allegador	es
allegamiento	es
allegar	es
allende	es
allá	es
allí	es
alma	es
almacenaje	es
almacenamiento	es
almacenar	es
almacenero	es
almacenista	es
almaceno	es
almacigar	es
almaciguero	es
almacén	es
almadiar	es
almadiero	es
almadraba	es
almadrabero	es
almadía	es
almagra	es
almagradura	es
almagral	es
almagrar	es
almagre	es
almagrero	es
almaizar	es
almaizo	es
almaja	es
almajal	es
almajaneque	es
almajara	es
almalafa	es
almanaque	es
almanaquero	es
almandino	es
almansa	es
almanta	es
almarbatar	es
almario	es
almazara	es
almazarrón	es
almazora	es
almeja	es
almejar	es
almena	es
almenar	es
almenara	es
almendra	es
almendrado	es
almendral	es
almendralejo	es
almendrar	es
almendrate	es
almendrera	es
almendrero	es
almendro	es
almendruco	es
almeriense	es
almería	es
almete	es
almez	es
almiar	es
almiarar	es
almibarar	es
almidonado	es
almidonar	es
almidón	es
almijar	es
almijara	es
almijarero	es
almimbar	es
alminar	es
almiranta	es
almirantazgo	es
almirante	es
almirez	es
almizate	es
almizclado	es
almizclar	es
almizcle	es
almizclero	es
almizcleña	es
almizcleño	es
almo	es
almocafre	es
almocárabe	es
almogavarear	es
almohada	es
almohadazo	es
almohade	es
almohadillado	es
almohadillar	es
almohadón	es
almohaza	es
almohazar	es
almona	es
almoneda	es
almonedar	es
almonedear	es
almonte	es
almora	es
almorejo	es
almorrana	es
almorta	es
almorzar	es
almorávide	es
almosnar	es
almotacenazgo	es
almotacén	es
almud	es
almudejo	es
almudero	es
almuerzo	es
almunia	es
almuédano	es
almuñécar	es
almáciga	es
almádena	es
almíbar	es
almófar	es
alnico	es
alobar	es
alobreguecer	es
alocadamente	es
alocado	es
alocar	es
alocución	es
alodio	es
alogar	es
aloja	es
alojado	es
alojamiento	es
alojar	es
alojero	es
alomar	es
alombar	es
alomorfo	es
alondra	es
alongar	es
alonso	es
alopecia	es
alopecuro	es
alopático	es
aloquecer	es
alosa	es
alosna	es
alotar	es
alotrópico	es
aloya	es
alpaca	es
alpamato	es
alparcero	es
alpargata	es
alpargatar	es
alpargatero	es
alpartaz	es
alpatana	es
alpechinera	es
alpechín	es
alpende	es
alpestre	es
alpina	es
alpinismo	es
alpinista	es
alpino	es
alpiste	es
alpistela	es
alpistero	es
alquequenje	es
alquería	es
alquez	es
alquezar	es
alquibla	es
alquicel	es
alquila	es
alquilación	es
alquilador	es
alquilamiento	es
alquilar	es
alquilate	es
alquiler	es
alquimia	es
alquimila	es
alquimista	es
alquitara	es
alquitarar	es
alquitranadamente	es
alquitranado	es
alquitranar	es
alquitrán	es
alquímico	es
alrededor	es
alrota	es
alsaciano	es
alta	es
altabaca	es
altabaquillo	es
altaico	es
altamente	es
altamisa	es
altana	es
altaneramente	es
altanero	es
altanería	es
altano	es
altar	es
altarero	es
altarreina	es
altavoz	es
altea	es
altear	es
alterabilidad	es
alterable	es
alteradizo	es
alterado	es
alterador	es
alterante	es
alterar	es
alterativo	es
altercado	es
altercador	es
altercar	es
alteridad	es
alternadamente	es
alternado	es
alternador	es
alternancia	es
alternante	es
alternar	es
alternativa	es
alternativamente	es
alternativo	es
alterno	es
alteza	es
altibajo	es
altilocuencia	es
altilocuente	es
altimetría	es
altiplanicie	es
altiplano	es
altisonancia	es
altisonante	es
altitonante	es
altitud	es
altitudinal	es
altivamente	es
altivar	es
altivez	es
altivo	es
alto	es
altorrelieve	es
altozano	es
altramucero	es
altramuz	es
altruismo	es
altruista	es
altura	es
altímetro	es
altísimo	es
altísono	es
alubia	es
alubiar	es
aluchar	es
aluciar	es
alucinador	es
alucinamiento	es
alucinante	es
alucinar	es
alucinatorio	es
alucinógeno	es
alud	es
aludido	es
aludir	es
alueñarse	es
alufrar	es
alugar	es
alumbrado	es
alumbrador	es
alumbramiento	es
alumbrante	es
alumbrar	es
alumbre	es
aluminato	es
aluminio	es
aluminita	es
aluminosis	es
alumnado	es
alumno	es
alunado	es
alunamiento	es
alunar	es
alunarado	es
alunizaje	es
alunizar	es
alusivo	es
alusión	es
alustrar	es
aluvial	es
aluvión	es
alveario	es
alveolar	es
alverja	es
alverjana	es
alvino	es
alvéolo	es
alza	es
alzacuello	es
alzada	es
alzadamente	es
alzadera	es
alzadero	es
alzado	es
alzadura	es
alzamiento	es
alzaos	es
alzaprimar	es
alzar	es
alzheimer	es
alélico	es
alérgeno	es
alérgico	es
alícuota	es
alófono	es
alón	es
alópata	es
alúmina	es
ama	es
amabilidad	es
amable	es
amablemente	es
amaceno	es
amachetear	es
amachinar	es
amacigado	es
amacollar	es
amaderadamente	es
amadla	es
amadlas	es
amadlo	es
amadlos	es
amadme	es
amadnos	es
amado	es
amador	es
amadrigar	es
amadrinamiento	es
amadrinar	es
amaestrado	es
amaestrador	es
amaestramiento	es
amaestrar	es
amagar	es
amagatorio	es
amago	es
amainador	es
amainar	es
amaitinar	es
amajadar	es
amajanar	es
amalecita	es
amalfitano	es
amalgama	es
amalgamador	es
amalgamamiento	es
amalgamar	es
amalladar	es
amamantador	es
amamantamiento	es
amamantar	es
amancay	es
amancebar	es
amancillar	es
amancáis	es
amanear	es
amanecer	es
amaneradamente	es
amaneramiento	es
amanerar	es
amanojar	es
amansado	es
amansador	es
amansamiento	es
amansar	es
amantar	es
amante	es
amantillar	es
amantillo	es
amanuense	es
amaos	es
amapola	es
amapolar	es
amar	es
amaracino	es
amaranto	es
amarantácea	es
amarantáceo	es
amarar	es
amarañar	es
amarecer	es
amargado	es
amargamente	es
amargar	es
amargo	es
amargor	es
amarguero	es
amargura	es
amaricado	es
amarilidácea	es
amarilidáceo	es
amarilla	es
amarillear	es
amarillecer	es
amarillejo	es
amarillento	es
amarilleo	es
amarillismo	es
amarillista	es
amarillo	es
amarinar	es
amariposado	es
amarizar	es
amaromar	es
amarraco	es
amarradero	es
amarrado	es
amarradura	es
amarrar	es
amarre	es
amarreco	es
amarrequear	es
amarteladamente	es
amartelamiento	es
amartelar	es
amartillar	es
amasadera	es
amasadero	es
amasado	es
amasador	es
amasadura	es
amasamiento	es
amasar	es
amasijo	es
amasio	es
amateur	es
amateurs	es
amatista	es
amativo	es
amatorio	es
amaurosis	es
amayorazgar	es
amayuela	es
amazacotado	es
amazona	es
amazónico	es
amañar	es
ambages	es
ambarar	es
ambarina	es
ambarino	es
ambas	es
amberino	es
ambicionar	es
ambicionear	es
ambiciosamente	es
ambicioso	es
ambición	es
ambidextro	es
ambientación	es
ambientador	es
ambiental	es
ambientalista	es
ambientar	es
ambiente	es
ambiguamente	es
ambiguo	es
ambigüedad	es
ambivalencia	es
ambivalente	es
amblar	es
ambleo	es
ambligonio	es
ambliope	es
ambliopía	es
ambo	es
ambos	es
ambrollar	es
ambrosiano	es
ambrosía	es
ambuesta	es
ambulacral	es
ambulancia	es
ambulante	es
ambulativo	es
ambulatorio	es
ameba	es
amebeo	es
amechar	es
amedrantar	es
amedrentador	es
amedrentar	es
amelga	es
amelgador	es
amelgar	es
amellar	es
amelo	es
amelocotonado	es
amelonado	es
amembrillado	es
amenaza	es
amenazador	es
amenazadoramente	es
amenazante	es
amenazar	es
amenguar	es
amenidad	es
amenizar	es
ameno	es
amenorar	es
amenorrea	es
amento	es
ameos	es
amerar	es
amercearse	es
amercendearse	es
amerengado	es
americanada	es
americanismo	es
americanista	es
americanizar	es
americano	es
americanística	es
americanístico	es
amerindio	es
amerizaje	es
amerizar	es
ames	es
amesnar	es
amestizado	es
amesurar	es
ametalado	es
ametista	es
ametrallador	es
ametrallamiento	es
ametrallar	es
ami	es
amia	es
amianto	es
amiba	es
amibo	es
amida	es
amiduro	es
amiento	es
amigabilidad	es
amigable	es
amigablemente	es
amigar	es
amigdalectomía	es
amigdalina	es
amigdalitis	es
amigo	es
amigote	es
amiguete	es
amiguismo	es
amilamia	es
amilanamiento	es
amilanar	es
amillaramiento	es
amillarar	es
amiláceo	es
aminar	es
aminorar	es
aminoácido	es
amistad	es
amistar	es
amistosamente	es
amistoso	es
amnesia	es
amnios	es
amnistiar	es
amniótico	es
amo	es
amoblar	es
amochar	es
amodita	es
amodorramiento	es
amodorrar	es
amodorrecer	es
amohecer	es
amohinar	es
amohosar	es
amojamamiento	es
amojamar	es
amojelar	es
amojonador	es
amojonamiento	es
amojonar	es
amoladera	es
amolador	es
amoladura	es
amolar	es
amoldador	es
amoldamiento	es
amoldar	es
amole	es
amollador	es
amollar	es
amollentar	es
amonar	es
amonedar	es
amonestación	es
amonestador	es
amonestamiento	es
amonestar	es
amoniacal	es
amoniaco	es
amonio	es
amoniotélico	es
amonita	es
amonites	es
amontadgar	es
amontar	es
amontazgar	es
amontillado	es
amontonadamente	es
amontonador	es
amontonamiento	es
amontonar	es
amor	es
amoralismo	es
amoratado	es
amoratar	es
amorbar	es
amorcar	es
amordazador	es
amordazamiento	es
amordazar	es
amorecer	es
amores	es
amorfo	es
amorgonar	es
amorillar	es
amoriscado	es
amorosamente	es
amorrar	es
amorriñar	es
amorronar	es
amortajador	es
amortajamiento	es
amortajar	es
amortecer	es
amortiguador	es
amortiguamiento	es
amortiguar	es
amortizable	es
amortización	es
amortizar	es
amorío	es
amoscamiento	es
amoscar	es
amosquilar	es
amostachado	es
amostazar	es
amotinado	es
amotinador	es
amotinamiento	es
amotinar	es
amover	es
amovible	es
amovilidad	es
amparador	es
amparar	es
amparo	es
ampelita	es
ampere	es
amperio	es
amperímetro	es
amplexo	es
ampliador	es
ampliamente	es
ampliar	es
ampliativo	es
ampliatorio	es
amplificador	es
amplificar	es
amplificativo	es
amplio	es
amplitud	es
ampolla	es
ampollar	es
ampolleta	es
amposta	es
amprar	es
ampulosidad	es
ampuloso	es
amputación	es
amputar	es
amuchachado	es
amueblar	es
amuelar	es
amuermadamente	es
amuermar	es
amufar	es
amugronar	es
amujerado	es
amujeramiento	es
amular	es
amulatado	es
amurallar	es
amurar	es
amurcar	es
amurillar	es
amusgar	es
amuso	es
amustiar	es
amén	es
américa	es
amígdala	es
amílico	es
amónico	es
ana	es
anabaptismo	es
anabaptista	es
anabolismo	es
anacanto	es
anacardina	es
anacardino	es
anacardiácea	es
anacardiáceo	es
anacardo	es
anaco	es
anacoluto	es
anaconda	es
anacora	es
anacoreta	es
anacreóntica	es
anacreóntico	es
anacronismo	es
anacronía	es
anacrónico	es
anadear	es
anadina	es
anadino	es
anadiplosis	es
anaeróbico	es
anafalla	es
anafe	es
anafilaxia	es
anafilaxis	es
anafre	es
anafórico	es
anagnórisis	es
anagrama	es
anagramatista	es
anagramista	es
anagramático	es
anal	es
analectas	es
analfabetismo	es
analfabeto	es
analgesia	es
analgésico	es
analista	es
analizable	es
analizador	es
analizar	es
analmente	es
analogía	es
analítica	es
analíticamente	es
analítico	es
analógico	es
ananá	es
ananás	es
anaquel	es
anaquelería	es
anaranjear	es
anarquismo	es
anarquista	es
anarquizante	es
anarquizar	es
anarquía	es
anasarca	es
anascote	es
anastasia	es
anastomizar	es
anastomosar	es
anastomosis	es
anatema	es
anatematizador	es
anatematizar	es
anatemizar	es
anatista	es
anatolio	es
anatomizar	es
anatomoclínico	es
anatomopatológico	es
anatomía	es
anatómico	es
anca	es
ancado	es
ancestral	es
ancestro	es
ancha	es
anchar	es
ancharia	es
ancheta	es
anchicorto	es
ancho	es
anchoa	es
anchoar	es
anchova	es
anchura	es
anchuroso	es
ancianidad	es
anciano	es
ancla	es
ancladero	es
anclaje	es
anclar	es
anclear	es
anclote	es
anconitano	es
ancorada	es
ancoraje	es
ancorar	es
ancorca	es
ancorel	es
ancorero	es
ancudo	es
ancusa	es
ancón	es
anda	es
andaba	es
andabais	es
andaban	es
andabas	es
andad	es
andada	es
andadas	es
andadera	es
andadero	es
andadle	es
andadles	es
andado	es
andador	es
andados	es
andadura	es
andalia	es
andalotero	es
andalucismo	es
andalucista	es
andalusí	es
andaluz	es
andaluzada	es
andamiada	es
andamio	es
andamos	es
andan	es
andana	es
andanada	es
andancia	es
andancio	es
andando	es
andante	es
andantesco	es
andantino	es
andanza	es
andaos	es
andar	es
andaraje	es
andaremos	es
andarica	es
andariego	es
andarivel	es
andarla	es
andarlas	es
andarle	es
andarles	es
andarlo	es
andarlos	es
andarme	es
andarnos	es
andaros	es
andarraya	es
andarse	es
andarte	es
andará	es
andarán	es
andarás	es
andaré	es
andaréis	es
andaría	es
andaríais	es
andaríamos	es
andarían	es
andarías	es
andas	es
andase	es
andaseis	es
andasen	es
andases	es
ande	es
andemos	es
anden	es
andero	es
andes	es
andesina	es
andesita	es
andina	es
andinista	es
andino	es
ando	es
andola	es
andolina	es
andorga	es
andorina	es
andorra	es
andorrano	es
andorrear	es
andosco	es
andrajo	es
andrajosamente	es
andrajoso	es
andrea	es
andriana	es
andrina	es
andrino	es
androceo	es
androide	es
androsemo	es
andrés	es
andrógeno	es
andujareño	es
andulario	es
andullo	es
andurrial	es
anduve	es
anduviera	es
anduvierais	es
anduvieran	es
anduvieras	es
anduviere	es
anduviereis	es
anduvieren	es
anduvieres	es
anduvieron	es
anduviese	es
anduvieseis	es
anduviesen	es
anduvieses	es
anduvimos	es
anduviste	es
anduvisteis	es
anduviéramos	es
anduviéremos	es
anduviésemos	es
anduvo	es
andábamos	es
andáis	es
andándole	es
andándoles	es
andásemos	es
andéis	es
andén	es
andújar	es
anea	es
anear	es
anecdotario	es
anecdotista	es
anecdótico	es
aneciarse	es
anegadizo	es
anegar	es
anejar	es
anejir	es
anejo	es
anemia	es
anemoscopio	es
anemómetro	es
aneota	es
aneroide	es
anestesia	es
anestesiar	es
anestesista	es
anestesiólogo	es
anestésico	es
aneurisma	es
anexar	es
anexionar	es
anexionismo	es
anexionista	es
anexitis	es
anexión	es
anexo	es
anfesibena	es
anfetamina	es
anfibio	es
anfibolita	es
anfibología	es
anfineuro	es
anfisbena	es
anfisibena	es
anfiteatro	es
anfitrión	es
anfión	es
anfractuosidad	es
anfractuoso	es
anfótero	es
angarillar	es
angaripola	es
angelical	es
angelicalmente	es
angelino	es
angelito	es
angelizar	es
angelota	es
angelote	es
angina	es
anginoso	es
angioma	es
angiosperma	es
angiospermo	es
anglesita	es
anglicanismo	es
anglicano	es
anglicismo	es
anglo	es
angloamericanismo	es
angloamericano	es
anglohablante	es
angloparlante	es
anglosajón	es
angola	es
angoleño	es
angora	es
angorra	es
angostamente	es
angostar	es
angosto	es
angostura	es
anguarina	es
anguila	es
anguilazo	es
anguilero	es
anguilla	es
anguilo	es
anguina	es
angular	es
angulema	es
angulosidad	es
anguloso	es
angustia	es
angustiado	es
angustiador	es
angustiante	es
angustiar	es
angustioso	es
angélica	es
angélicamente	es
angélico	es
anhelante	es
anhelar	es
anhelo	es
anheloso	es
anhidrita	es
anhidro	es
anhidrosis	es
anhídrido	es
aniaga	es
anidamiento	es
anidar	es
anidiar	es
anieblar	es
aniego	es
aniejar	es
anilina	es
anilla	es
anillado	es
anillar	es
animada	es
animadamente	es
animado	es
animador	es
animadversión	es
animal	es
animalada	es
animalario	es
animalesco	es
animalidad	es
animalizar	es
animalucho	es
animar	es
animero	es
animismo	es
animizar	es
animosamente	es
animosidad	es
animoso	es
aniquilador	es
aniquilamiento	es
aniquilar	es
anisado	es
anisakiasis	es
anisakis	es
anisar	es
anisete	es
anisodonte	es
anisofilo	es
anisotropía	es
anisótropo	es
aniversario	es
aniñado	es
aniñar	es
anión	es
anna	es
ano	es
anoche	es
anochecedor	es
anochecer	es
anodinia	es
anodino	es
anofeles	es
anomalía	es
anomalístico	es
anomia	es
anomuro	es
anonadamiento	es
anonadar	es
anonimato	es
anonimia	es
anopluro	es
anorexia	es
anormal	es
anormalmente	es
anorza	es
anotador	es
anotar	es
anqueta	es
anquilosamiento	es
anquilosar	es
anquilosis	es
anquilostoma	es
anquilostomiasis	es
anquiseco	es
ansa	es
ansarero	es
ansarino	es
anseriforme	es
ansia	es
ansiar	es
ansiedad	es
ansiogénico	es
ansiolítico	es
ansiosamente	es
ansioso	es
ansotano	es
anta	es
antagallar	es
antagonismo	es
antagonista	es
antagónico	es
antamilla	es
antaño	es
ante	es
anteado	es
anteanoche	es
anteayer	es
antecedente	es
anteceder	es
antecesor	es
anteco	es
antecoger	es
antedatar	es
anteferir	es
antejo	es
antelación	es
antemano	es
antemeridiano	es
antena	es
antenoche	es
antenotar	es
anteojero	es
antepagar	es
antepasado	es
anteponer	es
antepuesto	es
antepón	es
antequera	es
antequerano	es
antera	es
anterior	es
anterioridad	es
anteriormente	es
antes	es
antevenir	es
antever	es
antevé	es
anti	es
antia	es
antiautoritario	es
antibalas	es
antibiótico	es
anticariense	es
anticarro	es
anticelulítico	es
anticiclón	es
anticipada	es
anticipadamente	es
anticipado	es
anticipador	es
anticipamiento	es
anticipante	es
anticipar	es
anticlinal	es
anticomercial	es
anticongelante	es
anticontaminación	es
anticorrosivo	es
anticresis	es
anticresista	es
anticrisis	es
anticuado	es
anticuar	es
anticuario	es
anticuark	es
antidepresivo	es
antidisturbios	es
antidopaje	es
antidotario	es
antidroga	es
antier	es
antiespañol	es
antiestrés	es
antifaz	es
antifonal	es
antifonario	es
antigualla	es
antiguamente	es
antiguano	es
antiguar	es
antiguo	es
antigüedad	es
antihelmíntico	es
antihistamínico	es
antihorario	es
antiinflamatorio	es
antillanismo	es
antillano	es
antillas	es
antilogía	es
antimateria	es
antimicrobiano	es
antimonial	es
antimonio	es
antimonita	es
antimonopólico	es
antiniebla	es
antinodo	es
antinomia	es
antinovela	es
antipara	es
antipartícula	es
antipatía	es
antipendio	es
antipersona	es
antipersonal	es
antipirina	es
antipirético	es
antipático	es
antiquísimo	es
antirrobo	es
antirrábico	es
antiscio	es
antisepsia	es
antispasto	es
antistrofa	es
antitanque	es
antitético	es
antivirus	es
antociana	es
antocianina	es
antoja	es
antojaba	es
antojaban	es
antojadizamente	es
antojadizo	es
antojado	es
antojan	es
antojana	es
antojara	es
antojaran	es
antojare	es
antojaron	es
antojarse	es
antojará	es
antojarán	es
antojaría	es
antojarían	es
antojase	es
antojasen	es
antoje	es
antojen	es
antojera	es
antojo	es
antojó	es
antología	es
antonia	es
antoniano	es
antonimia	es
antoniniano	es
antonino	es
antonio	es
antonomasia	es
antorcha	es
antorchar	es
antorchero	es
antosta	es
antozoo	es
antracita	es
antracosis	es
antro	es
antropocentrismo	es
antropocéntrico	es
antropofagia	es
antropoide	es
antropoideo	es
antropología	es
antropológico	es
antropomorfismo	es
antropomorfita	es
antropomorfo	es
antropomórfico	es
antroponimia	es
antropófago	es
antropólogo	es
antropónimo	es
antruejar	es
antruejo	es
antuerpiense	es
antuviar	es
antuzano	es
antártico	es
antártida	es
antídoto	es
antífona	es
antífrasis	es
antígeno	es
antílope	es
antípoda	es
antítesis	es
antónimo	es
anual	es
anualidad	es
anualmente	es
anuario	es
anublar	es
anudador	es
anudadura	es
anudamiento	es
anudar	es
anuencia	es
anuente	es
anulador	es
anular	es
anulativo	es
anulete	es
anuloso	es
anumerar	es
anunciador	es
anunciante	es
anunciar	es
anuo	es
anuria	es
anuro	es
anverso	es
anzolar	es
anzolero	es
anzuelo	es
anáfora	es
análisis	es
análogamente	es
análogo	es
anárquico	es
anécdota	es
anélido	es
anémico	es
anémona	es
anímico	es
anís	es
anómalo	es
anómico	es
anón	es
anónimamente	es
anónimo	es
aojar	es
aojo	es
aoristo	es
aorta	es
aovado	es
aovar	es
aovillar	es
ap	es
apabilar	es
apabullamiento	es
apabullante	es
apabullantemente	es
apabullar	es
apacentadero	es
apacentador	es
apacentamiento	es
apacentar	es
apacer	es
apacheta	es
apachurrar	es
apacibilidad	es
apacible	es
apaciblemente	es
apaciguador	es
apaciguamiento	es
apaciguar	es
apacorral	es
apadrinador	es
apadrinamiento	es
apadrinar	es
apagable	es
apagadizo	es
apagador	es
apagamiento	es
apagar	es
apagavelas	es
apagón	es
apaisado	es
apalabrar	es
apalambrar	es
apalancar	es
apaleamiento	es
apalear	es
apalpar	es
apanalado	es
apancora	es
apandar	es
apandillar	es
apaniguar	es
apantanar	es
apantuflado	es
apapagayado	es
aparador	es
aparadura	es
aparar	es
aparasolado	es
aparatar	es
aparatero	es
aparato	es
aparatosamente	es
aparatosidad	es
aparatoso	es
aparcacoches	es
aparcamiento	es
aparcar	es
aparcero	es
aparcería	es
apareamiento	es
aparear	es
aparecer	es
aparecimiento	es
aparejado	es
aparejador	es
aparejar	es
aparejo	es
aparentador	es
aparentar	es
aparente	es
aparentemente	es
aparición	es
apariencia	es
aparir	es
aparrar	es
apartadero	es
apartadijo	es
apartadizo	es
apartado	es
apartador	es
apartamento	es
apartamiento	es
apartar	es
aparte	es
apartheid	es
apartidar	es
apartijo	es
aparvadera	es
aparvadero	es
aparvador	es
aparvar	es
apasionada	es
apasionadamente	es
apasionado	es
apasionamiento	es
apasionante	es
apasionar	es
apastar	es
apastragarse	es
apastrar	es
apatrocinar	es
apatusco	es
apatía	es
apaularse	es
apaulillarse	es
apayasar	es
apañado	es
apañar	es
apañuscar	es
apañárselas	es
apdo	es
apeadero	es
apeador	es
apeamiento	es
apear	es
apechar	es
apechugar	es
apedazar	es
apedrar	es
apedreador	es
apedreamiento	es
apedrear	es
apegaderas	es
apegar	es
apego	es
apelable	es
apelambrar	es
apelante	es
apelar	es
apelativo	es
apelgarar	es
apeligrar	es
apellar	es
apellidar	es
apellido	es
apelmazar	es
apelotonar	es
apenar	es
apenas	es
apencar	es
apendicectomía	es
apendicitis	es
apendicular	es
apeo	es
apeonar	es
apepsia	es
aperador	es
aperar	es
apercebir	es
apercibimiento	es
apercibir	es
aperdigar	es
apergaminado	es
apergaminar	es
aperitivo	es
aperlado	es
apernar	es
aperrear	es
apersogar	es
apersonamiento	es
apersonar	es
apertar	es
apertura	es
aperturismo	es
aperturista	es
apesadumbrar	es
apesarar	es
apesgar	es
apestar	es
apestillar	es
apestoso	es
apetecedor	es
apetecer	es
apetencia	es
apetitivo	es
apetito	es
apetitoso	es
apezonado	es
apezuñar	es
apeñuscar	es
apiadador	es
apiadar	es
apianar	es
apiaradero	es
apical	es
apicarar	es
apicultor	es
apicultura	es
apilada	es
apilador	es
apilamiento	es
apilar	es
apimpollar	es
apio	es
apiojar	es
apiolar	es
apipar	es
apiporrar	es
apisonadora	es
apisonamiento	es
apisonar	es
apitar	es
apitonamiento	es
apitonar	es
apizarrado	es
apiñado	es
apiñar	es
aplacador	es
aplacamiento	es
aplacar	es
aplacentar	es
aplacer	es
aplagar	es
aplanadera	es
aplanador	es
aplanamiento	es
aplanar	es
aplanchar	es
aplantillar	es
aplastamiento	es
aplastante	es
aplastantemente	es
aplastar	es
aplatanar	es
aplaudidor	es
aplaudir	es
aplauso	es
aplayar	es
aplazable	es
aplazamiento	es
aplazar	es
aplebeyar	es
aplegar	es
aplicabilidad	es
aplicable	es
aplicada	es
aplicado	es
aplicar	es
aplicativo	es
aplique	es
aplomado	es
aplomar	es
aplomo	es
apnea	es
apoastro	es
apocadamente	es
apocado	es
apocalipsis	es
apocalíptico	es
apocamiento	es
apocar	es
apocinácea	es
apocináceo	es
apocopar	es
apodar	es
apoderado	es
apoderamiento	es
apoderar	es
apodo	es
apodíctico	es
apogeo	es
apolillar	es
apolinar	es
apolismar	es
apolo	es
apologista	es
apologética	es
apologético	es
apología	es
apoltronamiento	es
apoltronar	es
apolíneo	es
apomazar	es
aponer	es
aponeurosis	es
apontocar	es
aponzoñar	es
apoplejía	es
apoptosis	es
apoquinar	es
aporcador	es
aporcadura	es
aporcar	es
aporisma	es
aporismar	es
aporofobia	es
aporracear	es
aporreador	es
aporreadura	es
aporreamiento	es
aporrear	es
aporreo	es
aporrillar	es
aportación	es
aportadero	es
aportar	es
aportillar	es
aposar	es
aposentador	es
aposentamiento	es
aposentar	es
aposento	es
apostadero	es
apostante	es
apostar	es
apostasía	es
apostatar	es
apostemar	es
apostillar	es
apostolado	es
apostrofar	es
apostólico	es
apotegma	es
apotema	es
apoteosis	es
apotrerar	es
apoyadura	es
apoyar	es
apoyatura	es
apreciabilidad	es
apreciable	es
apreciar	es
apreciativamente	es
apreciativo	es
aprehender	es
aprehensivo	es
aprehensión	es
aprehensor	es
apremiante	es
apremiantemente	es
apremiar	es
apremir	es
aprendedor	es
aprender	es
aprendiz	es
aprendizaje	es
aprensiva	es
aprensivo	es
aprensión	es
apresador	es
apresamiento	es
apresar	es
aprestar	es
apresuradamente	es
apresuramiento	es
apresurar	es
apretadamente	es
apretadera	es
apretadero	es
apretado	es
apretador	es
apretadura	es
apretamiento	es
apretar	es
apretujar	es
apretón	es
aprevenir	es
aprevén	es
apriesa	es
aprieto	es
aprimar	es
apriorismo	es
apriorístico	es
aprisa	es
apriscar	es
aprisionar	es
aproar	es
aprobado	es
aprobar	es
aproches	es
aprodar	es
aprometer	es
aprontamiento	es
aprontar	es
apropiable	es
apropiadamente	es
apropiador	es
apropiar	es
apropincuar	es
aprovecer	es
aprovechada	es
aprovechado	es
aprovechador	es
aprovechamiento	es
aprovechante	es
aprovechar	es
aprovisionamiento	es
aprovisionar	es
aprox	es
aproximadamente	es
aproximado	es
aproximar	es
aproximativo	es
aptar	es
aptitud	es
apto	es
apulgarar	es
apunchar	es
apuntado	es
apuntador	es
apuntalamiento	es
apuntalar	es
apuntamiento	es
apuntar	es
apunte	es
apuntillar	es
apuracabos	es
apurado	es
apurador	es
apuramiento	es
apurar	es
apurrir	es
apuñalado	es
apuñalar	es
apuñar	es
apuñetear	es
apáticamente	es
apático	es
apátrida	es
apéndice	es
apócope	es
apócrifo	es
apófisis	es
apólogo	es
apón	es
apóstata	es
apóstol	es
apóstrofe	es
apóstrofo	es
aquebrazar	es
aquedar	es
aquejar	es
aquel	es
aquelarre	es
aquellar	es
aquellas	es
aquello	es
aquellos	es
aquende	es
aquenio	es
aqueo	es
aquerar	es
aquerenciar	es
aqueresar	es
aqueste	es
aquesto	es
aquiescencia	es
aquietamiento	es
aquietar	es
aquilatamiento	es
aquilatar	es
aquilea	es
aquilino	es
aquillado	es
aquillotrar	es
aquilón	es
aquél	es
aquéllo	es
aquí	es
ar	es
ara	es
araba	es
arabesco	es
arabia	es
arabismo	es
arabizar	es
arabo	es
araceli	es
aracnoides	es
arado	es
arador	es
aradura	es
aragonesismo	es
aragonito	es
aragonés	es
araguato	es
aragón	es
arahuaco	es
aralia	es
arameo	es
arana	es
arancel	es
arancelario	es
aranda	es
arandanedo	es
arandela	es
arandillo	es
araniego	es
aranjuez	es
arar	es
araucanista	es
araucano	es
araucaria	es
arauja	es
aravico	es
araña	es
arañar	es
arañazo	es
arañero	es
arañuela	es
arañuelo	es
arbalestrilla	es
arbitrador	es
arbitraje	es
arbitral	es
arbitrar	es
arbitrariamente	es
arbitrariedad	es
arbitrario	es
arbitriano	es
arbitrio	es
arbitrista	es
arbolado	es
arboladura	es
arbolar	es
arbolecer	es
arboleda	es
arbolete	es
arbolillo	es
arbolista	es
arborecer	es
arborescencia	es
arborescente	es
arboreto	es
arboricultor	es
arboricultura	es
arboriforme	es
arborizar	es
arbotante	es
arbustivo	es
arbusto	es
arbóreo	es
arca	es
arcabucear	es
arcabucero	es
arcabuz	es
arcabuzazo	es
arcada	es
arcadio	es
arcaico	es
arcaizante	es
arcaizar	es
arcangélico	es
arcano	es
arcar	es
arcatura	es
arcaísmo	es
arce	es
arcea	es
arcedianato	es
arcediano	es
arcedo	es
archa	es
archero	es
archibruto	es
archicofrade	es
archidiácono	es
archiducado	es
archiducal	es
archiduque	es
archiduquesa	es
archimandrita	es
archipiélago	es
archivador	es
archivar	es
archivero	es
archivista	es
archivo	es
archivología	es
archivístico	es
arché	es
arcilla	es
arcillar	es
arcilloso	es
arciprestado	es
arciprestal	es
arciprestazgo	es
arcipreste	es
arco	es
arcobricense	es
arcontado	es
arconte	es
arcos	es
arcoíris	es
arcángel	es
arcén	es
arcón	es
arda	es
ardalear	es
arder	es
ardero	es
ardeviejas	es
ardid	es
ardido	es
ardiente	es
ardientemente	es
ardilla	es
ardimiento	es
ardite	es
ardor	es
ardorosamente	es
ardoroso	es
ardoz	es
arduamente	es
arduo	es
areca	es
arecer	es
arelar	es
arena	es
arenal	es
arenar	es
arencar	es
arenero	es
arenga	es
arengador	es
arengar	es
arenillero	es
arenisca	es
arenisco	es
arenoso	es
arenque	es
areola	es
areolar	es
areopagita	es
arestín	es
arete	es
aretino	es
areópago	es
arfar	es
argamasa	es
argamasar	es
arganda	es
arganeo	es
argayar	es
argel	es
argelia	es
argelino	es
argentada	es
argentado	es
argentar	es
argentina	es
argentinismo	es
argentino	es
argentoso	es
argivo	es
argolla	es
argonauta	es
argos	es
argot	es
argucia	es
arguellar	es
argumentación	es
argumentador	es
argumental	es
argumentalmente	es
argumentar	es
argumentario	es
argumentativo	es
argumentista	es
argumento	es
argén	es
argénteo	es
argón	es
argüir	es
aria	es
aricar	es
aridane	es
aridecer	es
aridez	es
arienzo	es
aries	es
arietario	es
ariete	es
arietino	es
arije	es
arilo	es
ario	es
ariscar	es
arisco	es
arisnegro	es
arista	es
aristado	es
aristarco	es
aristino	es
aristocracia	es
aristocratismo	es
aristocratizar	es
aristocrático	es
aristoloquia	es
aristoloquiácea	es
aristoloquiáceo	es
aristoso	es
aristotelismo	es
aristotélico	es
aristócrata	es
aristóteles	es
aritmético	es
arjé	es
arlar	es
arlequinesco	es
arlequín	es
arma	es
armad	es
armada	es
armadera	es
armadijo	es
armadilla	es
armadillo	es
armado	es
armador	es
armadura	es
armamentista	es
armamento	es
armamentístico	es
armaos	es
armar	es
armario	es
armatoste	es
armazón	es
armella	es
armenia	es
armenio	es
armero	es
armería	es
armilar	es
armilla	es
armisticio	es
armiñar	es
armiño	es
armonio	es
armoniosamente	es
armonioso	es
armonizador	es
armonizar	es
armonía	es
armoricano	es
armuelle	es
armémonos	es
arménico	es
armónica	es
armónicamente	es
armónico	es
arna	es
arnés	es
aro	es
aroma	es
aromar	es
aromaticidad	es
aromatizar	es
aromo	es
aromático	es
aron	es
arona	es
arosa	es
arpa	es
arpado	es
arpar	es
arpegiar	es
arpella	es
arpende	es
arpeo	es
arpillera	es
arpista	es
arponar	es
arponear	es
arponero	es
arpía	es
arpón	es
arq	es
arqueada	es
arqueamiento	es
arquear	es
arqueo	es
arqueología	es
arqueológico	es
arquero	es
arquería	es
arqueta	es
arquetipo	es
arquetípico	es
arqueólogo	es
arquibanco	es
arquiepiscopal	es
arquimesa	es
arquisinagogo	es
arquitecto	es
arquitectura	es
arquitectural	es
arquitectónico	es
arquitrabe	es
arquivolta	es
arrabal	es
arrabalero	es
arrabio	es
arracacha	es
arracimado	es
arracimar	es
arraclán	es
arraezar	es
arraigada	es
arraigado	es
arraigar	es
arraigo	es
arralar	es
arramblar	es
arramplar	es
arranar	es
arrancada	es
arrancadera	es
arrancadero	es
arrancado	es
arrancador	es
arrancadura	es
arrancamiento	es
arrancar	es
arranchar	es
arranciar	es
arranque	es
arranquera	es
arrapar	es
arrapiezo	es
arrapo	es
arrasador	es
arrasadura	es
arrasamiento	es
arrasar	es
arrastradera	es
arrastradero	es
arrastradizo	es
arrastrado	es
arrastramiento	es
arrastrante	es
arrastrar	es
arrastre	es
arrastrero	es
arrate	es
arrayanal	es
arrayaz	es
arrayán	es
arre	es
arreador	es
arrear	es
arrebatacapas	es
arrebatadamente	es
arrebatadizo	es
arrebatador	es
arrebatamiento	es
arrebatar	es
arrebatarse	es
arrebato	es
arrebañar	es
arrebol	es
arrebolar	es
arrebolera	es
arrebollar	es
arrebozar	es
arrebujar	es
arrecadar	es
arrechuchar	es
arrechucho	es
arreciar	es
arrecid	es
arrecida	es
arrecidas	es
arrecido	es
arrecidos	es
arreciendo	es
arreciera	es
arrecierais	es
arrecieran	es
arrecieras	es
arreciere	es
arreciereis	es
arrecieren	es
arrecieres	es
arrecieron	es
arreciese	es
arrecieseis	es
arreciesen	es
arrecieses	es
arrecifar	es
arrecife	es
arrecimos	es
arrecir	es
arreciremos	es
arrecirse	es
arrecirá	es
arrecirán	es
arrecirás	es
arreciré	es
arreciréis	es
arreciría	es
arreciríais	es
arreciríamos	es
arrecirían	es
arrecirías	es
arreciste	es
arrecisteis	es
arreciéramos	es
arreciéremos	es
arreciésemos	es
arreció	es
arrecí	es
arrecía	es
arrecíais	es
arrecíamos	es
arrecían	es
arrecías	es
arrecís	es
arredilar	es
arredondear	es
arredrar	es
arregazar	es
arreglada	es
arreglado	es
arreglador	es
arreglar	es
arreglista	es
arreglo	es
arregostar	es
arrejacar	es
arrejerar	es
arrelde	es
arrellanar	es
arremangado	es
arremangar	es
arrematar	es
arremedar	es
arremeter	es
arremetida	es
arremetimiento	es
arremolinar	es
arrempujar	es
arrendadero	es
arrendador	es
arrendajo	es
arrendamiento	es
arrendar	es
arrendatario	es
arrendaticio	es
arreo	es
arrepanchigar	es
arrepasar	es
arrepentida	es
arrepentimiento	es
arrepentir	es
arrepistar	es
arrequesonar	es
arrequive	es
arrestar	es
arresto	es
arretranca	es
arrevolver	es
arrezagar	es
arria	es
arrianismo	es
arriano	es
arriar	es
arriate	es
arriba	es
arribada	es
arribar	es
arribista	es
arribo	es
arridar	es
arriendo	es
arriero	es
arriesgado	es
arriesgar	es
arrimadero	es
arrimadillo	es
arrimadizo	es
arrimador	es
arrimadura	es
arrimar	es
arrimo	es
arrincar	es
arrinconado	es
arrinconamiento	es
arrinconar	es
arriostrar	es
arriscador	es
arriscamiento	es
arriscar	es
arritar	es
arritmia	es
arrizar	es
arroba	es
arrobadizo	es
arrobador	es
arrobamiento	es
arrobar	es
arrobero	es
arrocado	es
arrocero	es
arrocinar	es
arrodear	es
arrodilladura	es
arrodillamiento	es
arrodillar	es
arrodrigar	es
arrodrigonar	es
arrogancia	es
arrogante	es
arrogantemente	es
arrogar	es
arrojadizo	es
arrojado	es
arrojador	es
arrojar	es
arrojo	es
arrollable	es
arrollador	es
arrollamiento	es
arrollar	es
arromadizar	es
arromanzar	es
arromar	es
arromper	es
arronjar	es
arronzar	es
arropar	es
arrope	es
arropiero	es
arropía	es
arrostrar	es
arroto	es
arroyada	es
arroyar	es
arroyo	es
arroz	es
arrozal	es
arruar	es
arruchar	es
arrufar	es
arruga	es
arrugamiento	es
arrugar	es
arruinador	es
arruinamiento	es
arruinar	es
arrullador	es
arrullar	es
arrumaco	es
arrumaje	es
arrumar	es
arrumbamiento	es
arrumbar	es
arrunflar	es
arrusticar	es
arrutar	es
arrutinar	es
arráez	es
arsenal	es
arseniato	es
arsenical	es
arsenioso	es
arsenito	es
arseniuro	es
arsénico	es
art	es
arte	es
artefacto	es
arteijo	es
artejo	es
artemisa	es
artemisia	es
artera	es
arteramente	es
arteria	es
arterial	es
arteriola	es
arteriosclerosis	es
arterioso	es
artero	es
artería	es
artesa	es
artesanado	es
artesanal	es
artesanalmente	es
artesano	es
artesanía	es
artesiano	es
artesonado	es
artesonar	es
articulada	es
articulado	es
articulador	es
articular	es
articulario	es
articulatorio	es
articulista	es
artificial	es
artificialmente	es
artificiar	es
artificiero	es
artificio	es
artificiosa	es
artificiosidad	es
artificioso	es
artigar	es
artillado	es
artillar	es
artillero	es
artillería	es
artilugio	es
artimaña	es
artimón	es
artiodáctilo	es
artista	es
artizar	es
artolas	es
artritis	es
artritismo	es
artroscopia	es
artroscopio	es
artroscopía	es
artrosis	es
artrítico	es
artrópodo	es
arturo	es
artículo	es
artífice	es
artísticamente	es
artístico	es
aruba	es
arucas	es
aruñar	es
arveja	es
arvejana	es
arzobispado	es
arzobispal	es
arzobispo	es
arzolla	es
arzón	es
arábigo	es
arácea	es
aráceo	es
arácnido	es
arándano	es
arísaro	es
arúspice	es
as	es
asa	es
asaborir	es
asacristanado	es
asadero	es
asado	es
asador	es
asadura	es
asaetar	es
asaetear	es
asainetear	es
asalariado	es
asalariar	es
asalir	es
asalmerar	es
asaltante	es
asaltar	es
asamblea	es
asambleario	es
asambleísta	es
asana	es
asar	es
asardinado	es
asarero	es
asarina	es
asativo	es
asayar	es
asaz	es
asbestino	es
asbesto	es
asca	es
ascalonia	es
ascalonita	es
ascendencia	es
ascendente	es
ascender	es
ascendiente	es
ascensional	es
ascensionista	es
ascensión	es
ascenso	es
ascensor	es
ascensorista	es
asceta	es
asceterio	es
ascetismo	es
ascitis	es
asclepiadeo	es
asclepiadácea	es
asclepiadáceo	es
asco	es
asconder	es
ascosidad	es
ascoso	es
ascua	es
ascética	es
ascético	es
aseada	es
aseado	es
asear	es
asechamiento	es
asechanza	es
asechar	es
asedar	es
asediador	es
asediar	es
asedio	es
aseglarar	es
aseguradamente	es
asegurado	es
asegurador	es
aseguramiento	es
asegurar	es
aselar	es
asemejar	es
asenderear	es
asengladura	es
asenso	es
asentaderas	es
asentado	es
asentador	es
asentar	es
asentir	es
asentista	es
aseo	es
asepsia	es
asequible	es
aserción	es
aserenar	es
aseriar	es
aserrada	es
aserradero	es
aserrado	es
aserradura	es
aserrar	es
asertivo	es
aserto	es
asertor	es
asertorio	es
asesar	es
asesinar	es
asesinato	es
asesino	es
asesor	es
asesoramiento	es
asesorar	es
asesoría	es
asestadero	es
asestadura	es
asestar	es
aseverar	es
aseverativo	es
asexualmente	es
asfaltar	es
asfalto	es
asfixia	es
asfixiante	es
asfixiar	es
asfáltico	es
asia	es
asibilación	es
asibilar	es
asidero	es
asiduamente	es
asiduidad	es
asiduo	es
asiento	es
asignado	es
asignar	es
asilado	es
asilar	es
asilvestrado	es
asimetría	es
asimiento	es
asimilado	es
asimilar	es
asimilativo	es
asimilismo	es
asimilista	es
asimismo	es
asimétricas	es
asina	es
asincronía	es
asintomático	es
asintótico	es
asir	es
asirio	es
asistencia	es
asistencial	es
asistenta	es
asistente	es
asistido	es
asistimiento	es
asistir	es
asistolia	es
asiático	es
asma	es
asmar	es
asmático	es
asna	es
asnacho	es
asnado	es
asnal	es
asnico	es
asno	es
asobarcar	es
asobinar	es
asocairar	es
asociacionismo	es
asociado	es
asociamiento	es
asociar	es
asociativo	es
asolador	es
asoladoramente	es
asolamiento	es
asolanar	es
asolapar	es
asolar	es
asoldadar	es
asoldar	es
asolear	es
asomada	es
asomar	es
asombradizo	es
asombrador	es
asombrar	es
asombro	es
asonancia	es
asonantar	es
asonar	es
asondar	es
asordar	es
asosegar	es
asotanar	es
asotilar	es
aspa	es
aspadera	es
aspar	es
aspaventar	es
aspaviento	es
aspe	es
aspear	es
aspecto	es
aspectual	es
asperear	es
aspereza	es
aspergear	es
asperger	es
asperiega	es
asperiego	es
asperilla	es
asperjar	es
aspersión	es
aspersorio	es
asperón	es
aspidistra	es
aspillar	es
aspillera	es
aspillerar	es
aspirada	es
aspirado	es
aspirador	es
aspirante	es
aspirar	es
aspirina	es
aspro	es
aspálato	es
asquear	es
asquerosidad	es
asqueroso	es
asta	es
astada	es
astado	es
astato	es
astenia	es
aster	es
asterisco	es
asterismo	es
astero	es
asteroide	es
astifino	es
astigmatismo	es
astil	es
astilla	es
astillar	es
astillazo	es
astillero	es
astilloso	es
astorgano	es
astracán	es
astral	es
astreñir	es
astricción	es
astrictivo	es
astringencia	es
astringente	es
astringir	es
astriñir	es
astro	es
astrobiología	es
astrofísica	es
astrofísico	es
astrolabio	es
astrolito	es
astrologar	es
astrología	es
astrológico	es
astrometría	es
astronauta	es
astronave	es
astronomía	es
astronáutica	es
astronáutico	es
astronómico	es
astrosa	es
astroso	es
astrágalo	es
astrógrafo	es
astrólogo	es
astrónomo	es
astucia	es
astur	es
asturianismo	es
asturiano	es
asturias	es
asturicense	es
asturleonés	es
astutamente	es
astuto	es
astático	es
asubiadero	es
asubiar	es
asueto	es
asumible	es
asumir	es
asuncionista	es
asunción	es
asuntar	es
asunto	es
asurar	es
asurcado	es
asurcar	es
asustadizo	es
asustar	es
así	es
asín	es
asíncrono	es
asíndeton	es
asíntota	es
asís	es
asómate	es
atabal	es
atabalear	es
atabalero	es
atabardillado	es
atabe	es
atabillar	es
atabladera	es
atablar	es
atacable	es
atacador	es
atacamita	es
atacante	es
atacar	es
atacir	es
atadla	es
atadlas	es
atadlo	es
atadlos	es
atadme	es
atadnos	es
atado	es
atador	es
atadura	es
atafagar	es
atagallar	es
atairar	es
atajadizo	es
atajador	es
atajar	es
atalajar	es
atalantar	es
atalar	es
atalaya	es
atalayador	es
atalayar	es
atalayero	es
ataludar	es
ataluzar	es
atamiento	es
atanasia	es
atancar	es
atanor	es
ataos	es
atapar	es
ataquizar	es
atar	es
atarantar	es
ataraxia	es
atarazar	es
atardecer	es
atarear	es
atarjea	es
atarquinar	es
atarrajar	es
atarugamiento	es
atarugar	es
atascadero	es
atascado	es
atascamiento	es
atascar	es
atasco	es
ataviar	es
atavismo	es
atavío	es
ataxia	es
ataña	es
atañan	es
atañe	es
atañen	es
atañer	es
atañera	es
atañeran	es
atañere	es
atañeren	es
atañeron	es
atañerá	es
atañerán	es
atañería	es
atañerían	es
atañese	es
atañesen	es
atañía	es
atañían	es
atañó	es
ataúd	es
atear	es
atediar	es
atelaje	es
atemorizar	es
atemperar	es
atemporal	es
atemporalidad	es
atenacear	es
atenazar	es
atención	es
atendar	es
atender	es
atendible	es
atenebrar	es
ateneo	es
atener	es
ateniense	es
atenorado	es
atenta	es
atentadamente	es
atentado	es
atentamente	es
atentar	es
atentatorio	es
atento	es
atentísimamente	es
atenuación	es
atenuador	es
atenuante	es
atenuar	es
ateo	es
aterecer	es
atericiarse	es
aterid	es
aterida	es
ateridas	es
aterido	es
ateridos	es
ateriendo	es
ateriera	es
aterierais	es
aterieran	es
aterieras	es
ateriere	es
ateriereis	es
aterieren	es
aterieres	es
aterieron	es
ateriese	es
aterieseis	es
ateriesen	es
aterieses	es
aterimos	es
aterir	es
ateriremos	es
aterirse	es
aterirá	es
aterirán	es
aterirás	es
ateriré	es
ateriréis	es
ateriría	es
ateriríais	es
ateriríamos	es
aterirían	es
aterirías	es
ateriste	es
ateristeis	es
ateriéramos	es
ateriéremos	es
ateriésemos	es
aterió	es
aterosclerosis	es
aterrador	es
aterradoramente	es
aterrajar	es
aterrar	es
aterrerar	es
aterrizaje	es
aterrizar	es
aterronar	es
aterrorizar	es
aterí	es
atería	es
ateríais	es
ateríamos	es
aterían	es
aterías	es
aterís	es
atesar	es
atesoramiento	es
atesorar	es
atestación	es
atestamiento	es
atestar	es
atestiguación	es
atestiguamiento	es
atestiguar	es
atetar	es
atetillar	es
atezamiento	es
atezar	es
ateísmo	es
atibar	es
atibiar	es
atiborrar	es
aticismo	es
aticista	es
atiesar	es
atiestos	es
atifle	es
atigrado	es
atijarero	es
atildadura	es
atildamiento	es
atildar	es
atinar	es
atinconar	es
atinente	es
atipar	es
atipicidad	es
atiplar	es
atirantar	es
atisbador	es
atisbar	es
atizadero	es
atizador	es
atizar	es
atizonar	es
atlante	es
atlas	es
atleta	es
atletismo	es
atlántica	es
atlántico	es
atlético	es
atmosférico	es
atmósfera	es
atoar	es
atocha	es
atochal	es
atochar	es
atochero	es
atocinar	es
atol	es
atolladar	es
atolladero	es
atollar	es
atolondradamente	es
atolondrado	es
atolondramiento	es
atolondrar	es
atolón	es
atomir	es
atomismo	es
atomista	es
atomizar	es
atomístico	es
atona	es
atonar	es
atondar	es
atontadamente	es
atontado	es
atontamiento	es
atontar	es
atontecer	es
atontolinar	es
atonía	es
atoramiento	es
atorar	es
atorcer	es
atordecer	es
atorgar	es
atormentador	es
atormentar	es
atornillador	es
atornillar	es
atorozonar	es
atorra	es
atortolar	es
atortorar	es
atortujar	es
atosigador	es
atosigamiento	es
atosigar	es
atrabancar	es
atrabiliario	es
atrabilioso	es
atrabilis	es
atracadero	es
atracador	es
atracar	es
atraco	es
atractivo	es
atractriz	es
atracón	es
atraer	es
atrafagar	es
atragantar	es
atraicionar	es
atraillar	es
atrampar	es
atramuz	es
atrancar	es
atrapamoscas	es
atrapar	es
atrasado	es
atrasar	es
atraso	es
atravesado	es
atravesador	es
atravesar	es
atrayente	es
atregar	es
atreguar	es
atresia	es
atresnalar	es
atrever	es
atrevido	es
atrevimiento	es
atrezo	es
atribución	es
atribuir	es
atribular	es
atributar	es
atributivo	es
atril	es
atrilera	es
atrincheramiento	es
atrincherar	es
atrio	es
atrochar	es
atrocidad	es
atrofia	es
atrofiar	es
atrojar	es
atronadura	es
atronamiento	es
atronar	es
atronerar	es
atropar	es
atropelladamente	es
atropellado	es
atropellador	es
atropellamiento	es
atropellar	es
atropello	es
atropina	es
atroz	es
atrozmente	es
atruhanado	es
atrás	es
atte	es
atto	es
atuendo	es
atufamiento	es
atufar	es
atunero	es
aturar	es
aturbonado	es
aturdido	es
aturdidor	es
aturdimiento	es
aturdir	es
aturriar	es
aturrullar	es
aturullar	es
atusador	es
atusar	es
atávico	es
atómico	es
atónito	es
atópico	es
atún	es
auca	es
auctorizar	es
audacia	es
audaz	es
audible	es
audición	es
audiencia	es
audio	es
audioguía	es
audiolibro	es
audiovisual	es
auditar	es
auditivamente	es
auditivo	es
auditor	es
auditorio	es
auditoría	es
audiómetro	es
audífono	es
auge	es
augita	es
augmentar	es
augur	es
augurador	es
augurar	es
augurio	es
augustal	es
augustamente	es
augusto	es
aula	es
aulaga	es
aulagar	es
aulladero	es
aullador	es
aullar	es
aullido	es
aumentada	es
aumentador	es
aumentar	es
aumentativo	es
aumento	es
aun	es
aunar	es
aunque	es
aupar	es
aura	es
aurelianense	es
aureola	es
aureolar	es
aurgitano	es
auricular	es
auricularmente	es
auriense	es
auriga	es
aurora	es
aurícula	es
auscultación	es
auscultar	es
ausencia	es
ausentar	es
ausente	es
ausentismo	es
ausetano	es
ausonense	es
ausonio	es
auspiciar	es
auspicio	es
auspicioso	es
austeridad	es
austero	es
austral	es
australia	es
australiano	es
austria	es
austriaco	es
austro	es
austríaco	es
autarquía	es
autenticar	es
autenticidad	es
autentificación	es
autentificar	es
autismo	es
autista	es
auto	es
autoafirmación	es
autoajustar	es
autobombo	es
autobús	es
autocensurar	es
autocitación	es
autoclave	es
autocompasión	es
autoconciencia	es
autoconfianza	es
autoconocimiento	es
autoconsciente	es
autocontenido	es
autoconvencer	es
autocopista	es
autocorrectivo	es
autocracia	es
autocrítica	es
autodefensa	es
autodefinición	es
autodefinir	es
autodenominado	es
autodenominar	es
autodesarrollo	es
autodestructivo	es
autodestruir	es
autodeterminado	es
autodeterminar	es
autodidactismo	es
autodidacto	es
autodisciplina	es
autoeditar	es
autoestop	es
autoestopes	es
autoestopista	es
autoevaluación	es
autogobierno	es
autografiar	es
autoimagen	es
autoimponer	es
autoimpuesto	es
autolesionar	es
autolimitación	es
autolubricante	es
automatismo	es
automatización	es
automatizar	es
automedicar	es
automedonte	es
automovilismo	es
automovilista	es
automovilístico	es
automática	es
automáticamente	es
automático	es
autonomismo	es
autonomista	es
autonomía	es
autonómico	es
autopropulsado	es
autoprotección	es
autopsia	es
autor	es
autoridad	es
autoritariamente	es
autoritario	es
autoritarismo	es
autorización	es
autorizadamente	es
autorizado	es
autorizador	es
autorizamiento	es
autorizar	es
autorregular	es
autoría	es
autosoma	es
autosugestionar	es
autosustentable	es
auténtica	es
auténticamente	es
auténtico	es
autóctono	es
autógeno	es
autógrafo	es
autómata	es
autónomamente	es
autónomo	es
auxiliador	es
auxiliar	es
auxilio	es
av	es
avadar	es
avahar	es
avalancha	es
avalar	es
avaliar	es
avalista	es
avalorar	es
avaluar	es
avambrazo	es
avance	es
avanecer	es
avante	es
avanzada	es
avanzado	es
avanzar	es
avanzo	es
avaricia	es
avariciar	es
avariciosamente	es
avaricioso	es
avariento	es
avaro	es
avasallador	es
avasallamiento	es
avasallar	es
avatar	es
avd	es
avda	es
ave	es
avechucho	es
avecinar	es
avecindamiento	es
avecindar	es
avefría	es
avejentar	es
avejigar	es
avelar	es
avellana	es
avellanal	es
avellanar	es
avellanate	es
avellaneda	es
avellanedo	es
avellanero	es
avellano	es
avemaría	es
avenamiento	es
avenar	es
avenate	es
avenenar	es
avenencia	es
avenimiento	es
avenir	es
aventado	es
aventador	es
aventadura	es
aventajado	es
aventajamiento	es
aventajar	es
aventamiento	es
aventar	es
aventura	es
aventurado	es
aventurar	es
aventureramente	es
aventurero	es
averar	es
averdugar	es
avergonzado	es
avergonzante	es
avergonzar	es
averiar	es
averiguable	es
averiguación	es
averiguador	es
averiguamiento	es
averiguar	es
averno	es
averroísmo	es
averrugado	es
aversar	es
avería	es
averío	es
avestruz	es
avetado	es
avetarda	es
avetoro	es
avezar	es
aviación	es
aviador	es
aviamiento	es
aviar	es
aviario	es
avica	es
aviciar	es
avicultor	es
avicultura	es
avidez	es
aviejar	es
avienta	es
aviesamente	es
avieso	es
avigorar	es
avilantar	es
avilantez	es
avilanteza	es
avilar	es
avilesino	es
avillanamiento	es
avillanar	es
aviltar	es
avilés	es
avinagradamente	es
avinagrar	es
avioneta	es
avisacoches	es
avisado	es
avisador	es
avisar	es
aviso	es
avispa	es
avispado	es
avispar	es
avispero	es
avispón	es
avistamiento	es
avistar	es
avitaminosis	es
avitelado	es
avituallamiento	es
avituallar	es
avivador	es
avivamiento	es
avivar	es
avizor	es
avizorar	es
avión	es
avocamiento	es
avocar	es
avoceta	es
avolcanado	es
avucasta	es
avugo	es
avuguero	es
avutarda	es
avén	es
avéstico	es
avícola	es
avío	es
ax	es
axial	es
axialmente	es
axila	es
axilar	es
axinita	es
axiológico	es
axioma	es
axiomatizar	es
axiomática	es
axiomático	es
axis	es
axón	es
ay	es
aya	es
ayamonte	es
ayer	es
ayermar	es
ayo	es
ayto	es
ayuda	es
ayudado	es
ayudador	es
ayudante	es
ayudar	es
ayunador	es
ayunar	es
ayuno	es
ayuntamiento	es
ayustar	es
azabachado	es
azabache	es
azabachero	es
azabara	es
azacanear	es
azada	es
azadada	es
azadazo	es
azadonada	es
azadonero	es
azadón	es
azafata	es
azafate	es
azafranado	es
azafranal	es
azafranar	es
azafranero	es
azafrán	es
azagadero	es
azagador	es
azagar	es
azagaya	es
azahar	es
azamboero	es
azamboo	es
azanahoriate	es
azarandar	es
azarar	es
azarbe	es
azarbeta	es
azarolla	es
azarollo	es
azarosamente	es
azaroso	es
azcarrio	es
azcona	es
azerbaiyano	es
azerbaiyán	es
azerí	es
azimut	es
azimutal	es
aznacho	es
aznalfarache	es
aznallo	es
azo	es
azoar	es
azoato	es
azocar	es
azoemia	es
azogamiento	es
azogar	es
azogue	es
azoguero	es
azoico	es
azolar	es
azoleo	es
azolvar	es
azolácea	es
azoláceo	es
azomar	es
azor	es
azoramiento	es
azorar	es
azorero	es
azorramiento	es
azorrar	es
azotacalles	es
azotado	es
azotador	es
azotaina	es
azotalenguas	es
azotamiento	es
azotar	es
azote	es
azotea	es
azotina	es
azteca	es
azucarado	es
azucarar	es
azucarero	es
azucarillo	es
azucena	es
azuche	es
azud	es
azufaifo	es
azufrador	es
azuframiento	es
azufrar	es
azufre	es
azufrera	es
azufrero	es
azufroso	es
azul	es
azulado	es
azular	es
azulear	es
azulejar	es
azulejo	es
azulenco	es
azulete	es
azulgrana	es
azulino	es
azulón	es
azumbre	es
azuqueca	es
azur	es
azurita	es
azurronar	es
azuzador	es
azuzar	es
azófar	es
azúcar	es
aérea	es
aéreo	es
añacear	es
añada	es
añadido	es
añadidura	es
añadir	es
añafea	es
añagaza	es
añalejo	es
añascar	es
añedir	es
añejado	es
añejar	es
añejo	es
añicos	es
añidir	es
añil	es
añilar	es
año	es
añoranza	es
añorar	es
añublar	es
añudar	es
añusgar	es
aúlico	es
aún	es
aúpa	es
baba	es
babaza	es
babear	es
babel	es
babera	es
babero	es
babi	es
babiano	es
babieca	es
babilar	es
babilla	es
babilonia	es
babilonio	es
babilónico	es
babirusa	es
babis	es
babismo	es
bable	es
babor	es
babosear	es
babosilla	es
baboso	es
babucha	es
babuchero	es
baca	es
bacalada	es
bacaladero	es
bacalao	es
bacanal	es
bacante	es
bacelar	es
bacera	es
baceta	es
bache	es
bachear	es
bachiller	es
bachilleramiento	es
bachillerar	es
bachillerato	es
bachillerear	es
bacilar	es
bacillar	es
bacillo	es
bacilo	es
bacineta	es
bacinete	es
bacinica	es
bacisco	es
baconiano	es
bacteria	es
bacteriano	es
bactericida	es
bacteriología	es
bacteriológico	es
bacteriostático	es
bacteriófago	es
bactriano	es
bacía	es
bacín	es
badajear	es
badajo	es
badajocense	es
badajoz	es
badal	es
badallar	es
badalona	es
badana	es
badea	es
badelico	es
baderna	es
badiana	es
badil	es
badila	es
badilejo	es
badina	es
badián	es
badulaque	es
badulaquear	es
badán	es
badén	es
baena	es
baenero	es
baezano	es
baga	es
bagacera	es
bagaje	es
bagajero	es
bagar	es
bagatela	es
bagazo	es
bagre	es
baguio	es
bah	es
bahamas	es
bahameño	es
baharí	es
bahreiní	es
bahía	es
baila	es
bailable	es
bailadero	es
bailado	es
bailador	es
bailante	es
bailar	es
bailarín	es
baile	es
bailecillo	es
bailecito	es
bailonamente	es
bailotear	es
baipás	es
baja	es
bajada	es
bajalato	es
bajamanero	es
bajamano	es
bajamar	es
bajamente	es
bajar	es
bajel	es
bajelero	es
bajero	es
bajete	es
bajeza	es
bajillo	es
bajista	es
bajito	es
bajo	es
bajoca	es
bajoncillo	es
bajonista	es
bajorrelieve	es
bajuno	es
bajura	es
bajá	es
bajío	es
bajón	es
bala	es
balacera	es
balador	es
baladrar	es
baladrear	es
baladronada	es
baladronear	es
baladrón	es
baladí	es
balagar	es
balagariense	es
balaguero	es
balaj	es
balaje	es
balalaica	es
balance	es
balanceador	es
balancear	es
balancero	es
balancín	es
balandra	es
balandrista	es
balandro	es
balandrán	es
balanitis	es
balante	es
balanza	es
balanzario	es
balar	es
balarrasa	es
balastar	es
balasto	es
balastro	es
balata	es
balate	es
balausta	es
balaustra	es
balaustrada	es
balaustrado	es
balaustral	es
balaustre	es
balay	es
balazo	es
balboa	es
balbuce	es
balbuceantemente	es
balbucear	es
balbucen	es
balbuceo	es
balbuces	es
balbucid	es
balbucida	es
balbucidas	es
balbucido	es
balbucidos	es
balbuciendo	es
balbuciente	es
balbuciera	es
balbucierais	es
balbucieran	es
balbucieras	es
balbuciere	es
balbuciereis	es
balbucieren	es
balbucieres	es
balbucieron	es
balbuciese	es
balbucieseis	es
balbuciesen	es
balbucieses	es
balbucimos	es
balbucir	es
balbuciremos	es
balbucirse	es
balbucirá	es
balbucirán	es
balbucirás	es
balbuciré	es
balbuciréis	es
balbuciría	es
balbuciríais	es
balbuciríamos	es
balbucirían	es
balbucirías	es
balbuciste	es
balbucisteis	es
balbuciéramos	es
balbuciéremos	es
balbuciésemos	es
balbució	es
balbucí	es
balbucía	es
balbucíais	es
balbucíamos	es
balbucían	es
balbucías	es
balbucís	es
balbusardo	es
balconada	es
balconcillo	es
balcánico	es
balcón	es
balda	es
baldado	es
baldadura	es
baldamiento	es
baldaquín	es
baldar	es
balde	es
baldear	es
baldes	es
baldonar	es
baldonear	es
baldosa	es
baldosador	es
baldosar	es
baldosín	es
baldragas	es
balduque	es
baldés	es
baldío	es
baldón	es
balear	es
baleares	es
baleario	es
balero	es
baleárico	es
balido	es
balista	es
balitadera	es
balitar	es
balitear	es
balizamiento	es
balizar	es
ballar	es
ballena	es
ballenato	es
ballener	es
ballenero	es
ballesta	es
ballestear	es
ballestera	es
ballestero	es
ballestrinque	es
ballet	es
ballico	es
ballueca	es
balneario	es
balneoterapia	es
baloncestista	es
baloncesto	es
balonmano	es
balonvolea	es
balotar	es
balsa	es
balsadera	es
balsamera	es
balsamerita	es
balsamina	es
balsaminácea	es
balsamináceo	es
balsamita	es
balsar	es
balsear	es
balsero	es
balsete	es
balso	es
balsámico	es
balto	es
baltra	es
baluarte	es
balumba	es
balín	es
balística	es
balístico	es
balón	es
bamba	es
bambalear	es
bambalina	es
bambanear	es
bambarria	es
bamboleante	es
bambolear	es
bambolla	es
bambollero	es
bambonear	es
bambuco	es
bambú	es
banaba	es
banal	es
banalidad	es
banalizar	es
bananero	es
banano	es
banasta	es
banastero	es
banasto	es
banca	es
bancada	es
bancal	es
bancalero	es
bancario	es
bancarrota	es
bance	es
banco	es
bancocracia	es
bancos	es
banda	es
bandada	es
bandarria	es
bandas	es
bandear	es
bandeja	es
bandejar	es
bandera	es
banderillear	es
banderillero	es
banderizar	es
banderizo	es
banderola	es
banderín	es
bandidaje	es
bandido	es
bando	es
bandola	es
bandolera	es
bandolerismo	es
bandolero	es
bandolina	es
bandolinista	es
bandolonista	es
bandolón	es
bandujo	es
bandullo	es
bandurria	es
bangladesí	es
bangladés	es
baniano	es
banir	es
banquero	es
banqueta	es
banquete	es
banquetear	es
bantú	es
banzo	es
bao	es
baobab	es
baobabs	es
baptismo	es
baptista	es
baptisterio	es
baptizar	es
baque	es
baqueano	es
baquear	es
baqueta	es
baquetazo	es
baquetear	es
baquiano	es
baquio	es
baquía	es
bar	es
baraca	es
baracaldo	es
barahustar	es
barahúnda	es
baraja	es
barajadura	es
barajar	es
baraka	es
baranda	es
barandal	es
barata	es
baratear	es
baratero	es
baratija	es
baratillero	es
baratillo	es
barato	es
baratura	es
barañáin	es
baraúnda	es
barba	es
barbacana	es
barbacoa	es
barbada	es
barbadense	es
barbado	es
barbados	es
barbaja	es
barbajuelas	es
barbar	es
barbaridad	es
barbarie	es
barbarismo	es
barbarizar	es
barbarote	es
barbastrense	es
barbastrino	es
barbate	es
barbato	es
barbear	es
barbechar	es
barbechera	es
barbecho	es
barberil	es
barbero	es
barberá	es
barbería	es
barbeta	es
barbiblanco	es
barbicacho	es
barbicano	es
barbiespeso	es
barbihecho	es
barbijo	es
barbilindo	es
barbilla	es
barbillera	es
barbilucio	es
barbiluengo	es
barbimoreno	es
barbinegro	es
barbiponiente	es
barbipungente	es
barbiquejo	es
barbirrojo	es
barbirrubio	es
barbitonto	es
barbitúrico	es
barbo	es
barboquejo	es
barbotar	es
barbotear	es
barbudamente	es
barbudo	es
barbullar	es
barbullido	es
barbuquejo	es
barbusano	es
barbárico	es
barca	es
barcal	es
barcarola	es
barcaza	es
barcelona	es
barceo	es
barchilla	es
barcia	es
barcina	es
barcinador	es
barcinar	es
barco	es
barcos	es
barda	es
bardaguera	es
bardaje	es
bardana	es
bardanza	es
bardar	es
bardiota	es
bardiza	es
bardoma	es
bardomera	es
baremación	es
baremo	es
baria	es
bario	es
barisfera	es
barita	es
baritina	es
barión	es
bariónico	es
barjuleta	es
barloa	es
barloar	es
barloventear	es
barlovento	es
barman	es
barnabita	es
barnacla	es
barniz	es
barnizado	es
barnizador	es
barnizar	es
baro	es
barométrico	es
baronesa	es
baronía	es
baroto	es
barquear	es
barquero	es
barquilla	es
barquillero	es
barquinera	es
barquino	es
barquín	es
barra	es
barrabasada	es
barrabás	es
barraca	es
barracuda	es
barracón	es
barragana	es
barraganete	es
barragán	es
barral	es
barrameda	es
barranca	es
barrancal	es
barranco	es
barrancoso	es
barranquera	es
barraquera	es
barraquero	es
barraquillo	es
barrar	es
barreal	es
barrear	es
barreda	es
barredero	es
barredor	es
barreduela	es
barredura	es
barrena	es
barrenar	es
barrendero	es
barrenero	es
barreno	es
barrer	es
barrera	es
barrero	es
barreta	es
barretear	es
barretero	es
barretina	es
barreño	es
barriada	es
barrial	es
barrica	es
barricada	es
barriga	es
barrigudo	es
barriguera	es
barrigón	es
barril	es
barrila	es
barrilamen	es
barrilero	es
barrilete	es
barrillar	es
barrillero	es
barrillos	es
barrio	es
barrios	es
barrisco	es
barritar	es
barrizal	es
barro	es
barrocho	es
barroco	es
barroquismo	es
barroquización	es
barroso	es
barrote	es
barrueco	es
barruntador	es
barruntamiento	es
barruntar	es
barrunte	es
barrón	es
bartola	es
bartolillo	es
bartolomé	es
barullero	es
barullo	es
barza	es
barzal	es
barzonear	es
barzón	es
baréin	es
barítono	es
barómetro	es
barón	es
basa	es
basada	es
basal	es
basalmente	es
basalto	es
basamento	es
basanita	es
basar	es
basauri	es
basca	es
bascar	es
bascosidad	es
bascoso	es
basculante	es
bascular	es
base	es
basilar	es
basilical	es
basilicón	es
basiliense	es
basilio	es
basilisco	es
basquear	es
basquetbol	es
basquiña	es
basta	es
bastante	es
bastantear	es
bastantemente	es
bastar	es
bastarda	es
bastardar	es
bastardear	es
bastardelo	es
bastardo	es
bastear	es
bastecer	es
bastedad	es
basterna	es
bastero	es
bastetano	es
basteza	es
bastidor	es
bastimentar	es
bastionar	es
bastitano	es
bastión	es
basto	es
bastoncillo	es
bastonear	es
bastonero	es
bastón	es
basura	es
basurero	es
basáltico	es
basílica	es
bata	es
batacazo	es
batahola	es
batalla	es
batallador	es
batallar	es
batallola	es
batallona	es
batallón	es
batanar	es
batanear	es
batanero	es
bataola	es
batata	es
batato	es
batayola	es
bate	es
batea	es
bateador	es
batear	es
batel	es
batelero	es
baterista	es
batería	es
batiburrillo	es
baticabeza	es
baticola	es
baticulo	es
batida	es
batidera	es
batidero	es
batido	es
batidor	es
batiente	es
batihoja	es
batimento	es
batimiento	es
batintín	es
batiportar	es
batir	es
batista	es
bato	es
batojar	es
batos	es
batracio	es
batucar	es
batueco	es
batuquear	es
baturrada	es
baturrillo	es
baturro	es
batuta	es
batán	es
baudilio	es
baudio	es
baulero	es
bauprés	es
bausán	es
bautismal	es
bautismo	es
bautista	es
bautisterio	es
bautizar	es
bautizo	es
bauxita	es
bauza	es
baya	es
bayal	es
bayeta	es
bayetón	es
bayo	es
bayoco	es
bayoneta	es
bayonetazo	es
bayoque	es
bayosa	es
bayuca	es
baza	es
bazar	es
bazo	es
bazofia	es
bazucar	es
baída	es
baña	es
bañadero	es
bañado	es
bañador	es
bañar	es
bañero	es
bañista	es
baño	es
baúl	es
bco	es
be	es
beaciense	es
beaterio	es
beatería	es
beatificación	es
beatificar	es
beatilla	es
beatitud	es
beato	es
beatriz	es
beatíficamente	es
beatífico	es
bebedero	es
bebedizo	es
bebedor	es
beber	es
bebercio	es
bebestible	es
bebido	es
bebistrajo	es
beborrotear	es
bebé	es
beca	es
becacina	es
becada	es
becado	es
becar	es
becario	es
becerra	es
becerrada	es
becerrero	es
becerril	es
becerro	es
becoquino	es
becquerel	es
becqueriana	es
becqueriano	es
becuadrado	es
becuadro	es
bedel	es
bedelio	es
bedelía	es
bederre	es
beduino	es
beduro	es
befar	es
befedad	es
befo	es
begardo	es
begastrense	es
begonia	es
begoña	es
behaviorismo	es
behetría	es
beige	es
beis	es
bejarano	es
bejerano	es
bejuco	es
bejín	es
bel	es
belaruso	es
belcho	es
beldad	es
beldar	es
belemnita	es
belemnites	es
belesa	es
belez	es
belezo	es
belfo	es
belga	es
belice	es
beliceño	es
belicismo	es
belicista	es
belicosidad	es
belicoso	es
beligerancia	es
beligerante	es
belio	es
belitre	es
bellaco	es
belladona	es
bellamente	es
bellaquear	es
bellaquería	es
bellasombra	es
belleza	es
bellido	es
bellista	es
bello	es
bellota	es
bellote	es
bellotear	es
bellotero	es
bellotillo	es
belorruso	es
belén	es
bemol	es
ben	es
benalmádena	es
benceno	es
bencina	es
bendecidor	es
bendecir	es
bendición	es
benditamente	es
benditera	es
bendito	es
benedicta	es
benedictino	es
benefactor	es
beneficencia	es
beneficiado	es
beneficiador	es
beneficiar	es
beneficiario	es
beneficio	es
beneficioso	es
benemérita	es
benemérito	es
beneplácito	es
benevolencia	es
benevolente	es
bengala	es
bengalí	es
benicarló	es
benidorm	es
benignamente	es
benignidad	es
benigno	es
beninés	es
benito	es
benjamita	es
benjamín	es
benjuí	es
bentos	es
bentónico	es
benzoe	es
benzoico	es
benzol	es
benéfico	es
benévolamente	es
benévolo	es
benín	es
benítez	es
beocio	es
beodez	es
beodo	es
berberecho	es
berberidácea	es
berberidáceo	es
berberisco	es
berbiquí	es
berbí	es
berceo	es
berciano	es
bereber	es
berebere	es
berengario	es
berenjena	es
berenjenal	es
bergamota	es
bergamote	es
bergamoto	es
bergante	es
bergantín	es
beriberi	es
berilio	es
berilo	es
berkeley	es
berlanga	es
berlina	es
berlingar	es
berma	es
bermejear	es
bermejecer	es
bermejizo	es
bermejo	es
bermellón	es
bermuda	es
bermudas	es
bermudina	es
bernardo	es
berrar	es
berrear	es
berrendear	es
berrendo	es
berrera	es
berrido	es
berrinche	es
berro	es
berrocal	es
berrueco	es
berza	es
berzal	es
berzas	es
berzotas	es
bes	es
besalamano	es
besamanos	es
besamel	es
besana	es
besante	es
besar	es
beses	es
besico	es
beso	es
bestezuela	es
bestia	es
bestiaje	es
bestial	es
bestialidad	es
bestialismo	es
bestializar	es
bestialmente	es
bestiario	es
besucar	es
besugada	es
besugo	es
besuguete	es
besuquear	es
besós	es
beta	es
betel	es
betijo	es
betuminoso	es
betunar	es
betunero	es
betún	es
bey	es
bezaar	es
bezar	es
bezoar	es
bezudo	es
biberón	es
bibijagua	es
bibl	es
biblia	es
bibliofilia	es
bibliografía	es
bibliográfico	es
bibliología	es
bibliometría	es
biblioteca	es
bibliotecario	es
biblioteconomía	es
bicampeonato	es
bicentenario	es
bicha	es
bichero	es
bicho	es
bici	es
bicicleta	es
bicoca	es
bicolor	es
bicoquete	es
bicorne	es
bicultural	es
bidente	es
bidimensional	es
bidimensionalidad	es
bidireccional	es
bidé	es
bidón	es
biela	es
bieldar	es
bieldo	es
bielga	es
bielgo	es
bielorrusia	es
bielorruso	es
bien	es
bienal	es
bienalmente	es
bienandante	es
bienandanza	es
bienaventurado	es
bienaventuranza	es
bienestar	es
bienhechor	es
bienintencionadamente	es
bienintencionado	es
bienio	es
bienmandado	es
bienmesabe	es
bienoliente	es
bienquerencia	es
bienquerer	es
bienquistar	es
bienquisto	es
bienteveo	es
bienvenida	es
bienvenido	es
bienvivir	es
bierzo	es
bies	es
bifloro	es
biforme	es
bifurcado	es
bifurcar	es
biga	es
bigamia	es
bigarda	es
bigardear	es
bigardo	es
bignoniácea	es
bignoniáceo	es
bigornia	es
bigote	es
bigotudo	es
bikini	es
bilao	es
bilbao	es
bilbilitano	es
biliar	es
biliario	es
bilingüe	es
bilingüismo	es
bilirrubina	es
bilis	es
billa	es
billalda	es
billar	es
billarda	es
billarista	es
billete	es
billetero	es
billonario	es
billón	es
bilmar	es
bilocar	es
bimano	es
bimba	es
bimbre	es
bimembre	es
bimestral	es
bimestre	es
bimetalismo	es
bimetalista	es
binadura	es
binar	es
binario	es
bingo	es
binocular	es
binomio	es
binza	es
bioclimático	es
biodegradación	es
biodiversidad	es
bioenergía	es
bioestadística	es
biografiar	es
biografía	es
biográfica	es
biográfico	es
biología	es
biológicamente	es
biológico	es
bioma	es
biomasa	es
biombo	es
biopolímero	es
biopsia	es
bioquímica	es
bioquímico	es
biorremedación	es
biosfera	es
biosíntesis	es
biotecnología	es
biotopo	es
bipartito	es
bipedación	es
biplano	es
biplaza	es
bipontino	es
biquini	es
birimbao	es
birla	es
birlador	es
birlar	es
birlesco	es
birlo	es
birlocha	es
birlocho	es
birlonga	es
birmania	es
birmano	es
birra	es
birrectángulo	es
birreme	es
birreta	es
birrete	es
birretina	es
birria	es
bis	es
bisabuelo	es
bisagra	es
bisalta	es
bisalto	es
bisar	es
bisauguineano	es
bisayo	es
bisbisar	es
bisbisear	es
bisecar	es
bisección	es
bisector	es
bisectriz	es
bisel	es
biselador	es
biselar	es
bisexualidad	es
bisiesto	es
bismutina	es
bismuto	es
bisnieto	es
bisojo	es
bisonte	es
bisoño	es
bissau	es
bistec	es
bisturí	es
bisurco	es
bisutería	es
bisáu	es
bisílabo	es
bit	es
bita	es
bitango	es
bitar	es
bitcóin	es
bitinio	es
bitongo	es
bituminoso	es
bitácora	es
biunívoca	es
bivalente	es
bivalvo	es
bixácea	es
bixáceo	es
bizantinismo	es
bizantino	es
bizarramente	es
bizarrear	es
bizarro	es
bizarría	es
bizcar	es
bizco	es
bizcochada	es
bizcochar	es
bizcochera	es
bizcochero	es
bizcocho	es
bizcornear	es
bizcuerno	es
bizkaia	es
bizma	es
bizmar	es
biznieto	es
bizquear	es
bizquera	es
biógrafo	es
biólogo	es
bla	es
blanca	es
blancal	es
blancamente	es
blancazo	es
blanco	es
blancor	es
blancote	es
blancura	es
blancuzco	es
blanda	es
blandamente	es
blandeador	es
blandear	es
blandengue	es
blandense	es
blandicia	es
blandir	es
blando	es
blandura	es
blandón	es
blanes	es
blanqueador	es
blanqueadura	es
blanqueamiento	es
blanquear	es
blanquecedor	es
blanquecer	es
blanquecimiento	es
blanquecino	es
blanqueo	es
blanquete	es
blanquición	es
blanquimiento	es
blanquinoso	es
blanquizal	es
blanquizar	es
blasfemador	es
blasfemante	es
blasfemar	es
blasfematorio	es
blasfemia	es
blasfemo	es
blasmar	es
blasonado	es
blasonador	es
blasonar	es
blastema	es
blastodermo	es
blasón	es
blaugrana	es
ble	es
bledo	es
blefaritis	es
blefaroplastia	es
blenda	es
blenorragia	es
blenorrea	es
blincar	es
blindado	es
blindaje	es
blindar	es
bloc	es
bloca	es
blocao	es
blog	es
bloguero	es
blonda	es
blondo	es
bloque	es
bloqueador	es
bloquear	es
bloqueo	es
blues	es
blusa	es
blusón	es
blv	es
blíster	es
boa	es
boadilla	es
boalar	es
boardilla	es
boato	es
bobada	es
bobalicón	es
bobamente	es
bobear	es
bobera	es
bobillo	es
bobina	es
bobinadora	es
bobinar	es
bobo	es
boca	es
bocabajo	es
bocabarra	es
bocacalle	es
bocacaz	es
bocacha	es
bocada	es
bocadear	es
bocadito	es
bocado	es
bocajarro	es
bocal	es
bocamanga	es
bocamina	es
bocana	es
bocanada	es
bocarte	es
bocata	es
bocateja	es
bocatijera	es
bocatoma	es
bocaza	es
bocear	es
bocel	es
bocelar	es
bocelete	es
bocera	es
boceras	es
boceto	es
bocezar	es
bocha	es
bochar	es
bochazo	es
bochinche	es
bochinchero	es
bochista	es
bochorno	es
bochornoso	es
bocina	es
bocinar	es
bocinero	es
bocio	es
bocudo	es
bocín	es
boda	es
bode	es
bodega	es
bodeguero	es
bodegón	es
bodigo	es
bodijo	es
bodocal	es
bodollo	es
bodoque	es
bodoquera	es
bodorrio	es
bodrio	es
boezuelo	es
bofar	es
bofe	es
bofena	es
bofetada	es
bofetón	es
bofia	es
bofo	es
boga	es
bogar	es
bogavante	es
bogotano	es
bohardilla	es
bohemia	es
bohemio	es
bohordar	es
bohordo	es
boicot	es
boicotear	es
boicoteo	es
boina	es
boira	es
boj	es
bojar	es
bojear	es
bojedal	es
bojeo	es
bojiganga	es
bol	es
bola	es
bolaga	es
bolagar	es
bolandista	es
bolar	es
bolardo	es
bolchevique	es
bolcheviquismo	es
bolchevismo	es
boldina	es
boldo	es
boleador	es
bolear	es
bolero	es
boleta	es
boletar	es
boletero	es
boleto	es
boletín	es
boliche	es
bolichear	es
bolichero	es
bolina	es
bolinche	es
bolineador	es
bolinear	es
bolisa	es
bolivariano	es
bolivia	es
boliviano	es
bolladura	es
bollar	es
bollecer	es
bollero	es
bollería	es
bolliciar	es
bollir	es
bollo	es
bollón	es
bolo	es
bolonio	es
boloñés	es
bolsa	es
bolsada	es
bolsera	es
bolsero	es
bolsista	es
bolso	es
bolsón	es
bolígrafo	es
bolín	es
bolívar	es
bomba	es
bombacho	es
bombacácea	es
bombacáceo	es
bombarda	es
bombardear	es
bombardeo	es
bombardero	es
bombardino	es
bombazo	es
bombear	es
bombero	es
bombillo	es
bombo	es
bombona	es
bombón	es
bonachón	es
bonaerense	es
bonancible	es
bonanza	es
bonanzoso	es
bonapartismo	es
bonapartista	es
bondad	es
bondadosamente	es
bondadoso	es
bondoso	es
bonete	es
bonetero	es
bonga	es
bongo	es
boniato	es
bonico	es
bonificar	es
bonina	es
bonitamente	es
bonitera	es
bonitero	es
bonito	es
bonizo	es
bono	es
bononiense	es
bonote	es
bonus	es
bonzo	es
bonísimo	es
booleano	es
boom	es
boqueada	es
boquear	es
boquerón	es
boquete	es
boquiabierto	es
boquiangosto	es
boquiduro	es
boquifruncido	es
boquihundido	es
boquimuelle	es
boquinatural	es
boquinegro	es
boquino	es
boquirrasgado	es
boquirroto	es
boquirrubio	es
boquiseco	es
boquisumido	es
boquitorcido	es
boquituerto	es
borato	es
borbollar	es
borbollear	es
borbollonear	es
borboritar	es
borbotar	es
borceguinero	es
borceguí	es
borcellar	es
borda	es
bordada	es
bordado	es
bordador	es
bordadura	es
bordar	es
borde	es
bordear	es
bordelés	es
bordo	es
bordoncillo	es
bordonear	es
bordonero	es
bordura	es
bordón	es
boreal	es
borgoña	es
boricua	es
borja	es
borla	es
borlón	es
borne	es
bornear	es
borneo	es
bornero	es
borní	es
boro	es
borona	es
borra	es
borrachear	es
borrachera	es
borrachero	es
borracho	es
borrachuela	es
borrachín	es
borrador	es
borradura	es
borraja	es
borrajear	es
borrajo	es
borrar	es
borrasca	es
borrascoso	es
borrasquero	es
borrega	es
borrego	es
borreguero	es
borreguil	es
borrica	es
borricada	es
borrical	es
borrico	es
borrina	es
borriquero	es
borriquete	es
borriqueño	es
borroncillo	es
borronear	es
borrosamente	es
borrosidad	es
borroso	es
borrén	es
borrón	es
boruca	es
borujo	es
bosar	es
boscaje	es
boscoso	es
bosnia	es
bosnio	es
bosque	es
bosquejar	es
bosquejo	es
bosquete	es
bosquimán	es
bosta	es
bostezar	es
bostezo	es
bostoniano	es
bosón	es
bota	es
botador	es
botadura	es
botafuego	es
botafumeiro	es
botalón	es
botamen	es
botana	es
botanista	es
botar	es
botaratada	es
botarate	es
botarel	es
botarga	es
botasilla	es
botavante	es
botavara	es
bote	es
botella	es
botellazo	es
botellero	es
botellón	es
botero	es
botica	es
boticario	es
botifarra	es
botija	es
botijero	es
botijo	es
botijuela	es
botilla	es
botillero	es
botina	es
botinero	es
botiquín	es
boto	es
botonadura	es
botonazo	es
botonero	es
botrino	es
botsuana	es
botsuano	es
botsuanés	es
botánica	es
botánico	es
botín	es
botón	es
boutique	es
bouvet	es
bovedilla	es
bovino	es
boxeador	es
boxear	es
boxeo	es
boya	es
boyal	es
boyante	es
boyar	es
boyarda	es
boyardo	es
boyarín	es
boyera	es
boyero	es
boyuno	es
boza	es
bozal	es
bozalejo	es
bozo	es
boíl	es
boñiga	es
boñigar	es
brabante	es
braceador	es
braceaje	es
bracear	es
bracero	es
bracete	es
bracillo	es
braco	es
bractéola	es
bradicardia	es
bradilalia	es
bradipepsia	es
braga	es
bragadura	es
bragazas	es
braguero	es
bragueta	es
braguetazo	es
braguetero	es
braguillas	es
brahmanismo	es
braille	es
brama	es
bramadera	es
bramador	es
bramante	es
bramar	es
bramido	es
bramona	es
branca	es
brancal	es
brandal	es
brandy	es
branque	es
branquia	es
branquial	es
braquial	es
braquiar	es
braquicefalia	es
braquicéfalo	es
braquiocefálico	es
braquiuro	es
brasa	es
brasear	es
brasero	es
brasil	es
brasilero	es
brasilete	es
brasileño	es
bravamente	es
bravata	es
bravear	es
braveza	es
bravo	es
bravocear	es
bravosidad	es
bravoso	es
bravote	es
bravuconada	es
bravuconear	es
bravucón	es
bravura	es
bravío	es
braza	es
brazada	es
brazado	es
brazaje	es
brazal	es
brazalete	es
braznar	es
brazo	es
brazuelo	es
brea	es
brear	es
brebaje	es
breca	es
brecha	es
brechero	es
brega	es
bregar	es
bren	es
breque	es
brescar	es
bretaña	es
brete	es
bretoniano	es
bretón	es
breva	es
breval	es
breve	es
brevedad	es
brevemente	es
brevete	es
breviario	es
brezal	es
brezar	es
brezo	es
breñal	es
briaga	es
briago	es
brial	es
briba	es
bribar	es
bribonada	es
bribonear	es
bribonería	es
bribón	es
bricbarca	es
bricolaje	es
brida	es
briega	es
brigada	es
brigadero	es
brigadier	es
brigantina	es
brigantino	es
brik	es
brillador	es
brillante	es
brillantemente	es
brillantez	es
brillantina	es
brillar	es
brillo	es
brincacharcos	es
brincador	es
brincar	es
brinco	es
brindador	es
brindar	es
brindis	es
brinquiño	es
brinza	es
briol	es
briosamente	es
brioso	es
briqueta	es
brisa	es
brisca	es
briscado	es
briscar	es
brisera	es
brisote	es
britano	es
británica	es
británico	es
brizar	es
brizna	es
briznoso	es
broca	es
brocado	es
brocal	es
brocamantón	es
brocatel	es
brocense	es
brocha	es
brochada	es
brochado	es
brochadura	es
broche	es
brocheta	es
brocho	es
brocino	es
brollar	es
broma	es
bromar	es
bromear	es
bromeliácea	es
bromeliáceo	es
bromista	es
bromo	es
bromuro	es
bronca	es
bronce	es
bronceado	es
bronceador	es
bronceadura	es
broncear	es
broncista	es
bronco	es
broncorragia	es
broncorrea	es
broncíneo	es
bronquedad	es
bronquial	es
bronquiectasia	es
bronquio	es
bronquiolo	es
bronquitis	es
broquel	es
broquelar	es
broqueta	es
broslar	es
brota	es
brotar	es
brote	es
broza	es
brozador	es
brozar	es
brucero	es
bruces	es
brucita	es
brugo	es
brujear	es
brujería	es
brujesco	es
brujilla	es
brujir	es
brujo	es
brujulear	es
bruma	es
brumador	es
brumamiento	es
brumar	es
brumoso	es
bruneano	es
bruneta	es
bruno	es
brunéi	es
brusca	es
bruscamente	es
brusco	es
brusela	es
bruselense	es
brusquedad	es
bruta	es
brutal	es
brutalidad	es
brutalmente	es
brutesco	es
bruteza	es
bruto	es
bruzador	es
bruzar	es
bruzos	es
bruñido	es
bruñir	es
bráctea	es
brío	es
bríos	es
bróker	es
brújula	es
bs	es
bu	es
buaro	es
buba	es
bubón	es
bubónico	es
bucal	es
bucalmente	es
bucanero	es
bucardo	es
bucare	es
buceador	es
bucear	es
bucelario	es
buceo	es
bucero	es
buche	es
bucle	es
buco	es
bucolismo	es
bucólico	es
buda	es
budismo	es
budista	es
budión	es
budín	es
buen	es
buena	es
buenamente	es
buenandanza	es
buenaventura	es
buenazo	es
bueno	es
buenísimo	es
buey	es
bufa	es
bufado	es
bufalino	es
bufanda	es
bufar	es
bufarda	es
bufete	es
bufido	es
bufo	es
bufonada	es
bufonear	es
bufonesco	es
bufonizar	es
bufón	es
buganvilia	es
bugle	es
buglosa	es
buharda	es
buharro	es
buhonero	es
buhonería	es
buitre	es
buitrero	es
buitrón	es
buje	es
bujeda	es
bujedo	es
bujería	es
bujier	es
bujiería	es
bujía	es
bula	es
bular	es
bulario	es
bulbar	es
bulbo	es
bulboso	es
bulero	es
buleto	es
bulevar	es
bulgaria	es
bulimia	es
bulla	es
bullabesa	es
bullaje	es
bullanga	es
bullanguero	es
bullarengue	es
bulldozer	es
bullebulle	es
bullente	es
bullicio	es
bulliciosamente	es
bullicioso	es
bullidor	es
bullir	es
bulo	es
bulto	es
bum	es
bumerán	es
bungalow	es
buque	es
burato	es
burbuja	es
burbujear	es
burda	es
burdamente	es
burdel	es
burdeos	es
burdo	es
bureo	es
burga	es
burgalés	es
burgomaestre	es
burgos	es
burgrave	es
burgraviato	es
burguesía	es
burgundio	es
burgués	es
buriel	es
buril	es
burilar	es
burjaca	es
burjasot	es
burka	es
burkina	es
burkinés	es
burla	es
burladero	es
burlador	es
burlar	es
burlesco	es
burlete	es
burlonamente	es
burlón	es
burocracia	es
burocrático	es
burofax	es
burra	es
burrada	es
burrajear	es
burrajo	es
burrero	es
burriana	es
burriciego	es
burro	es
bursátil	es
burujo	es
burujón	es
burundi	es
burundés	es
burí	es
burócrata	es
bus	es
busca	es
buscador	es
buscapersonas	es
buscapié	es
buscar	es
buscarla	es
buscavida	es
buscona	es
buscón	es
buses	es
busto	es
butaca	es
butacón	es
butanés	es
butifarra	es
butifarrero	es
butrino	es
bután	es
buyo	es
buzamiento	es
buzar	es
buzarda	es
buzo	es
buzonear	es
buzonera	es
buzos	es
buzón	es
buñueliano	es
bv	es
byte	es
báculo	es
bádminton	es
bálago	es
bálano	es
bálsamo	es
bálteo	es
báltico	es
báquico	es
báratro	es
bárbaramente	es
bárbaro	es
bármanes	es
bártulos	es
báscula	es
básicamente	es
básico	es
básquetbol	es
bávaro	es
béisbol	es
bélgica	es
bélico	es
bétera	es
bético	es
bíblico	es
bíceps	es
bífido	es
bígamo	es
bípedo	es
bólido	es
bórax	es
bóreas	es
bórico	es
bótox	es
bóveda	es
bóvido	es
bóxer	es
búbalo	es
búfalo	es
búfer	es
búho	es
búlgaro	es
búnker	es
búsqueda	es
ca	es
cabal	es
cabalero	es
cabalgadura	es
cabalgamiento	es
cabalgar	es
cabalgata	es
cabalista	es
caballa	es
caballada	es
caballar	es
caballear	es
caballejo	es
caballerato	es
caballerear	es
caballeresco	es
caballerete	es
caballeriza	es
caballerizo	es
caballero	es
caballerosamente	es
caballerosidad	es
caballeroso	es
caballerote	es
caballería	es
caballeta	es
caballete	es
caballista	es
caballito	es
caballo	es
caballuno	es
caballón	es
cabalmente	es
cabalístico	es
cabaret	es
cabaré	es
cabaña	es
cabañil	es
cabañuelas	es
cabe	es
cabear	es
cabeceador	es
cabeceamiento	es
cabecear	es
cabecero	es
cabeciancho	es
cabeciblanco	es
cabeciduro	es
cabecirrojo	es
cabellar	es
cabellera	es
cabello	es
cabelludo	es
caber	es
cabero	es
cabestrante	es
cabestrar	es
cabestrear	es
cabestrero	es
cabestro	es
cabeza	es
cabezada	es
cabezal	es
cabezalero	es
cabezo	es
cabezonamente	es
cabezorro	es
cabezota	es
cabezudamente	es
cabezudo	es
cabezuela	es
cabezón	es
cabida	es
cabido	es
cabila	es
cabildada	es
cabildear	es
cabildeo	es
cabildero	es
cabildo	es
cabilla	es
cabillero	es
cabillo	es
cabina	es
cabizbajamente	es
cabizbajo	es
cable	es
cablear	es
cablegrafiar	es
cablegrama	es
cabo	es
cabotaje	es
caboverdiano	es
cabra	es
cabracho	es
cabrada	es
cabrahigar	es
cabrales	es
cabrear	es
cabrerizo	es
cabrero	es
cabrestante	es
cabria	es
cabrillear	es
cabrio	es
cabriola	es
cabriolar	es
cabriolear	es
cabritero	es
cabritilla	es
cabrito	es
cabronada	es
cabruna	es
cabruno	es
cabruñar	es
cabrío	es
cabrón	es
cabuya	es
caca	es
cacahuete	es
cacao	es
cacareador	es
cacarear	es
cacatúa	es
cacear	es
cacera	es
cacereño	es
cacerola	es
caceta	es
cacha	es
cachada	es
cachalote	es
cachar	es
cacharrero	es
cacharro	es
cachas	es
cachava	es
cachavazo	es
cachaza	es
cachazudo	es
cachear	es
cachelos	es
cachemir	es
cachemira	es
cacheta	es
cachetada	es
cachete	es
cachetear	es
cachetero	es
cachetina	es
cachetudo	es
cachicuerno	es
cachifollar	es
cachimba	es
cachipodar	es
cachipolla	es
cachiporra	es
cachiporrazo	es
cachirulo	es
cachivache	es
cachizo	es
cacho	es
cachola	es
cachondas	es
cachondear	es
cachondez	es
cachondo	es
cachorra	es
cachorro	es
cachua	es
cachucha	es
cachuchero	es
cachucho	es
cachuela	es
cachuelo	es
cachulera	es
cachulero	es
cachunde	es
cachón	es
cacicatura	es
cacicazgo	es
cacillo	es
cacimba	es
cacique	es
caciquear	es
caciquil	es
caciquismo	es
caco	es
cacodilato	es
cacodilo	es
cacodílico	es
cacofonía	es
cacofónicamente	es
cacomite	es
cacoquimia	es
cacoquimio	es
cacto	es
cactus	es
cactácea	es
cactáceo	es
cacumen	es
cacuminal	es
cada	es
cadahalso	es
cadalso	es
cadavérico	es
cadena	es
cadencia	es
cadenciosamente	es
cadencioso	es
cadenero	es
cadeneta	es
cadente	es
cadera	es
caderillas	es
cadete	es
cadiazgo	es
cadillar	es
cadillo	es
cadmio	es
cadoce	es
caduca	es
caducamente	es
caducar	es
caduceador	es
caduceo	es
caducidad	es
caducifolio	es
caduco	es
cadáver	es
cadí	es
caedizo	es
caedura	es
caer	es
cafetal	es
cafetalero	es
cafetear	es
cafetero	es
cafetería	es
cafeto	es
cafetucho	es
cafeína	es
caficultor	es
cafre	es
caftán	es
café	es
cagaaceite	es
cagachín	es
cagadero	es
cagalar	es
cagalera	es
cagaluta	es
cagaprisas	es
cagar	es
cagarrache	es
cagarria	es
cagarropa	es
cagarruta	es
cagatinta	es
cagatorio	es
cahíta	es
caicos	es
caimiento	es
caimito	es
caimán	es
cairel	es
cairelar	es
caj	es
caja	es
cajel	es
cajera	es
cajero	es
cajeta	es
cajetilla	es
cajiga	es
cajigo	es
cajista	es
cajonero	es
cajonería	es
cajá	es
cajón	es
cal	es
cala	es
calaba	es
calabacear	es
calabacero	es
calabacil	es
calabacinate	es
calabacino	es
calabaza	es
calabazada	es
calabazar	es
calabazate	es
calabazo	es
calabazona	es
calabazuela	es
calabazón	es
calabobos	es
calabocero	es
calabozo	es
calabriada	es
calabriar	es
calabrotar	es
calabrote	es
calada	es
caladera	es
caladero	es
calado	es
calador	es
caladura	es
calafate	es
calafateador	es
calafateadura	es
calafatear	es
calafateo	es
calafell	es
calafetear	es
calagozo	es
calagurritano	es
calahorra	es
calahorrano	es
calaje	es
calamaco	es
calamar	es
calambac	es
calambre	es
calambuco	es
calamidad	es
calamina	es
calaminar	es
calamita	es
calamite	es
calamitosamente	es
calamitoso	es
calamonar	es
calamorrar	es
calandraca	es
calandrajo	es
calandrar	es
calandria	es
calar	es
calatayud	es
calatravo	es
calavera	es
calaverada	es
calaverear	es
calaverna	es
calavernario	es
calañés	es
calca	es
calcadamente	es
calcador	es
calcar	es
calcañar	es
calcaño	es
calcedonia	es
calcedonio	es
calceta	es
calcetar	es
calcetero	es
calcetín	es
calcicosis	es
calcificar	es
calcina	es
calcinado	es
calcinador	es
calcinamiento	es
calcinar	es
calcinatorio	es
calcinero	es
calcio	es
calcita	es
calco	es
calcografiar	es
calcomanía	es
calcopirita	es
calcorrear	es
calcotipia	es
calculable	es
calculador	es
calcular	es
calculatorio	es
calculista	es
calculoso	es
calcáreo	es
calcés	es
calda	es
caldaria	es
caldeamiento	es
caldear	es
caldeo	es
caldera	es
calderada	es
calderero	es
calderería	es
caldereta	es
calderil	es
caldero	es
calderoniano	es
calderón	es
caldibaldo	es
caldo	es
caldoso	es
calducho	es
caledonia	es
caledonio	es
calefacción	es
calefactor	es
calefactorio	es
caleidoscopio	es
caleidoscópico	es
calendario	es
calendarizar	es
calentador	es
calentamiento	es
calentar	es
calentito	es
calentura	es
calenturientamente	es
calenturiento	es
calenturoso	es
caler	es
calera	es
calero	es
calesa	es
calesera	es
calesero	es
calesinero	es
calesita	es
caleta	es
caletre	es
calibrador	es
calibrar	es
calibre	es
calicanto	es
calicata	es
caliche	es
caliciforme	es
calicillo	es
calicular	es
calidad	es
calidez	es
calidoscopio	es
calientaplatos	es
calientapollas	es
caliente	es
calientemente	es
califa	es
califal	es
califato	es
calificable	es
calificado	es
calificador	es
calificar	es
calificativo	es
californiano	es
californio	es
caligrafiar	es
caligrama	es
caligráfico	es
calima	es
calimaco	es
calimoso	es
calimote	es
calina	es
calinoso	es
calipedia	es
calistenia	es
calitipia	es
caliza	es
calizo	es
callada	es
calladamente	es
callado	es
callamiento	es
callandico	es
callandito	es
callando	es
callantar	es
callao	es
callar	es
calle	es
callear	es
calleja	es
callejear	es
callejero	es
callejuela	es
callejón	es
callentar	es
callialto	es
callicida	es
callista	es
callizo	es
callo	es
callosar	es
callosidad	es
calloso	es
calma	es
calmadamente	es
calmante	es
calmar	es
calmazo	es
calmoso	es
calmudo	es
calofilo	es
calofriar	es
calomel	es
calomelanos	es
caloniar	es
calor	es
calorificación	es
calorina	es
caloría	es
calorífero	es
calorífico	es
calorímetro	es
calosfriar	es
caloso	es
calostro	es
calotipia	es
caloñar	es
calpe	es
calumbrecerse	es
calumnia	es
calumniador	es
calumniar	es
calumniosamente	es
calumnioso	es
calurosamente	es
caluroso	es
calva	es
calvar	es
calvario	es
calvero	es
calvez	es
calvicie	es
calvijar	es
calvinismo	es
calvinista	es
calviá	es
calvo	es
calza	es
calzada	es
calzado	es
calzador	es
calzadura	es
calzar	es
calzonazos	es
calzoncillo	es
calzorras	es
calzón	es
calículo	es
caló	es
calórico	es
cama	es
camada	es
camafeo	es
camaldulense	es
camaleón	es
camandulear	es
camandulero	es
camarada	es
camaradería	es
camarero	es
camareta	es
camargo	es
camarico	es
camarilla	es
camarlengo	es
camaronero	es
camarote	es
camarógrafo	es
camarón	es
camas	es
camastro	es
camastrón	es
camba	es
cambalachar	es
cambalachear	es
cambalachero	es
cambar	es
cambiable	es
cambiadamente	es
cambiador	es
cambiamiento	es
cambiante	es
cambiantemente	es
cambiar	es
cambiazo	es
cambija	es
cambio	es
cambista	es
cambizar	es
cambocho	es
camboya	es
camboyano	es
cambray	es
cambre	es
cambrils	es
cambráis	es
cambur	es
camelador	es
camelar	es
camelete	es
camelia	es
camelina	es
camelio	es
camella	es
camellero	es
camello	es
camellón	es
camelotado	es
camelote	es
camelotina	es
cameo	es
camerino	es
camero	es
camerunés	es
camerún	es
camiar	es
camilla	es
camillero	es
camilo	es
caminador	es
caminante	es
caminar	es
caminata	es
caminero	es
camino	es
camionero	es
camioneta	es
camisa	es
camisero	es
camiseta	es
camisola	es
camisote	es
camisón	es
camita	es
camión	es
camomila	es
camorra	es
camorrear	es
camorrero	es
camorrista	es
camota	es
campa	es
campamento	es
campana	es
campanada	es
campanario	es
campanear	es
campanela	es
campanero	es
campaniforme	es
campanil	es
campanilla	es
campanillazo	es
campanillear	es
campanillero	es
campanillo	es
campano	es
campante	es
campanudo	es
campar	es
campaña	es
campeador	es
campear	es
campechanamente	es
campechano	es
campeche	es
campello	es
campeonato	es
campera	es
campero	es
campería	es
campesino	es
campestre	es
campeón	es
camping	es
campista	es
campiña	es
campo	es
camposanto	es
campurriano	es
campus	es
camucha	es
camuesa	es
camuflaje	es
camuflar	es
camuza	es
camélido	es
camélidos	es
camítico	es
camón	es
can	es
cana	es
canadiense	es
canadá	es
canal	es
canalada	es
canalado	es
canaladura	es
canaleja	es
canaleta	es
canalete	es
canaleto	es
canalización	es
canalizar	es
canalla	es
canallada	es
canallesco	es
canalón	es
canana	es
cananeo	es
cananga	es
canapé	es
canaria	es
canarias	es
canariense	es
canario	es
canasta	es
canastero	es
canastillero	es
canasto	es
canastro	es
cancanear	es
cancel	es
cancela	es
canceladora	es
cancelar	es
cancelariato	es
cancelario	es
cancerar	es
cancerbero	es
canceriforme	es
canceroso	es
cancerígeno	es
cancha	es
canchear	es
canchera	es
canchero	es
canciller	es
cancilleresco	es
cancillería	es
cancioneril	es
cancionero	es
cancioneta	es
cancionista	es
canción	es
candado	es
candaliza	es
candamo	es
candar	es
cande	es
candeal	es
candela	es
candelabro	es
candelaria	es
candelecho	es
candelera	es
candelero	es
candeleta	es
candelizo	es
candencia	es
candente	es
candi	es
candidación	es
candidato	es
candidatura	es
candidez	es
candil	es
candileja	es
candilejo	es
candilera	es
candilero	es
candonguear	es
candor	es
candorosamente	es
candoroso	es
canear	es
caneca	es
canecer	es
canecillo	es
canela	es
canelar	es
canelero	es
canelina	es
canelita	es
canelo	es
canforar	es
cangar	es
cangas	es
cangreja	es
cangrejero	es
cangrejo	es
cangrenarse	es
cangro	es
canguelo	es
canguro	es
canibalismo	es
canica	es
caniche	es
canicie	es
canicular	es
caniculario	es
canijo	es
canilla	es
canillero	es
canina	es
caninamente	es
caninez	es
canino	es
canivete	es
canje	es
canjear	es
canmiar	es
cano	es
canoa	es
canoero	es
canon	es
canonesa	es
canonical	es
canonicato	es
canonista	es
canonización	es
canonizar	es
canonjía	es
canope	es
canoro	es
canoso	es
cansada	es
cansadamente	es
cansado	es
cansador	es
cansancio	es
cansar	es
cansera	es
cansinamente	es
cansino	es
canso	es
canta	es
cantable	es
cantabria	es
cantada	es
cantador	es
cantal	es
cantalear	es
cantaleta	es
cantaletear	es
cantalinoso	es
cantante	es
cantar	es
cantarera	es
cantarero	es
cantarilla	es
cantarrana	es
cantata	es
cantautor	es
cante	es
cantear	es
cantel	es
cantera	es
canterios	es
canterito	es
cantero	es
cantería	es
cantesa	es
cantidad	es
cantiga	es
cantilena	es
cantimplora	es
cantina	es
cantinela	es
cantinero	es
cantizal	es
canto	es
cantonal	es
cantonalismo	es
cantonalista	es
cantonar	es
cantonear	es
cantonero	es
cantonés	es
cantor	es
cantorral	es
cantos	es
cantueso	es
canturrear	es
canturriar	es
canturía	es
cantusar	es
cantábrico	es
cantárida	es
cantón	es
canular	es
canutero	es
canuto	es
caníbal	es
canícula	es
canónica	es
canónicamente	es
canónico	es
canóniga	es
canónigo	es
caoba	es
caobana	es
caobilla	es
caolín	es
caos	es
cap	es
capa	es
capacear	es
capacete	es
capacha	es
capachero	es
capacho	es
capacidad	es
capacitación	es
capacitador	es
capacitancia	es
capacitar	es
capacitivo	es
capacitor	es
capadocio	es
capador	es
capadura	es
capar	es
caparazón	es
caparidácea	es
caparidáceo	es
caparra	es
caparrosa	es
capataz	es
capaz	es
capazmente	es
capciosamente	es
capciosidad	es
capcioso	es
capea	es
capeador	es
capear	es
capeja	es
capela	es
capellada	es
capellanía	es
capellar	es
capellina	es
capellán	es
capelo	es
capelán	es
capero	es
caperucear	es
caperuza	es
capeta	es
capialzar	es
capilar	es
capilaridad	es
capilla	es
capillejo	es
capiller	es
capillero	es
capilludo	es
capirotada	es
capirotado	es
capirote	es
capirucho	es
capital	es
capitalidad	es
capitalino	es
capitalismo	es
capitalista	es
capitalización	es
capitalizar	es
capitana	es
capitanear	es
capitanía	es
capitel	es
capitidisminuir	es
capitolio	es
capitulante	es
capitular	es
capitulario	es
capitularmente	es
capitán	es
capo	es
capolar	es
capona	es
caponar	es
caponera	es
caporal	es
caporalista	es
capota	es
capotar	es
capote	es
capotear	es
capotero	es
cappa	es
capricho	es
caprichosamente	es
caprichoso	es
caprichudo	es
capricornio	es
caprifoliácea	es
caprifoliáceo	es
caprino	es
capsular	es
captación	es
captador	es
captar	es
captener	es
captivar	es
captor	es
captura	es
capturar	es
capucha	es
capuchina	es
capuchino	es
capuchón	es
capuleto	es
capulina	es
capullina	es
capullo	es
capuz	es
capuzar	es
capítulo	es
capó	es
capón	es
caquexia	es
caqui	es
car	es
cara	es
caraba	es
carabao	es
carabear	es
carabela	es
carabina	es
carabinazo	es
carabinera	es
carabinero	es
carabritear	es
caracalla	es
caracas	es
caracense	es
caracha	es
caracho	es
caracol	es
caracola	es
caracolear	es
caracolero	es
caracoleta	es
caracteres	es
caracterización	es
caracterizado	es
caracterizador	es
caracterizar	es
característica	es
característicamente	es
característico	es
caradriforme	es
caradura	es
caraja	es
carajo	es
caralla	es
caramba	es
carambanado	es
carambillo	es
carambola	es
carambolista	es
carambolo	es
caramelizar	es
caramelo	es
caramida	es
caramilla	es
caramillar	es
caramilleras	es
caramillo	es
caramilloso	es
caramujo	es
caramullo	es
caramuzal	es
caranegra	es
carantoña	es
carapa	es
carapacho	es
carapato	es
carapico	es
caraqueño	es
carate	es
caratular	es
caravaca	es
caravana	es
caravanero	es
caray	es
carba	es
carballo	es
carbohidrato	es
carbonar	es
carbonatar	es
carbonato	es
carboncillo	es
carbonear	es
carboneo	es
carbonera	es
carbonero	es
carbonilla	es
carbonilo	es
carbonita	es
carbonización	es
carbonizar	es
carbono	es
carbonoso	es
carbonífero	es
carborundo	es
carboxílico	es
carbunclo	es
carbunco	es
carbuncoso	es
carburador	es
carburante	es
carburar	es
carburina	es
carburo	es
carbólico	es
carbón	es
carbónicamente	es
carbónico	es
carbúnculo	es
carca	es
carcagente	es
carcaj	es
carcajada	es
carcajear	es
carcamal	es
carcasa	es
carcavear	es
carcavinar	es
carcelario	es
carcelera	es
carcelero	es
carcinoma	es
carcoma	es
carcomer	es
carcunda	es
carda	es
cardada	es
cardado	es
cardador	es
cardadura	es
cardal	es
cardamina	es
cardar	es
cardario	es
cardelina	es
cardenal	es
cardenalato	es
cardenalicio	es
cardenillo	es
cardero	es
cardialgia	es
cardias	es
cardillar	es
cardinal	es
cardiograma	es
cardioide	es
cardiotónico	es
cardiovascular	es
carditis	es
cardizal	es
cardiógrafo	es
cardiólogo	es
cardo	es
carduzar	es
cardíaco	es
cardón	es
careador	es
carear	es
carecer	es
carecimiento	es
carena	es
carenadura	es
carenar	es
carencia	es
carencial	es
carenero	es
carenote	es
carente	es
careo	es
carero	es
caresa	es
carestía	es
careta	es
careto	es
carey	es
carga	es
cargada	es
cargadamente	es
cargadera	es
cargadero	es
cargado	es
cargador	es
cargamento	es
cargancia	es
cargante	es
cargar	es
cargazón	es
cargo	es
carguero	es
caria	es
cariacedo	es
cariacontecido	es
cariado	es
cariadura	es
carialegre	es
cariampollar	es
cariancho	es
cariaquito	es
cariar	es
caribe	es
caribello	es
caribeño	es
caricato	es
caricatura	es
caricaturar	es
caricaturesco	es
caricaturista	es
caricaturizar	es
carichato	es
caricia	es
caridad	es
caridoliente	es
caries	es
carifruncido	es
carigordo	es
cariharto	es
carilargo	es
carilindo	es
carillo	es
carillón	es
cario	es
cariocar	es
cariofileo	es
cariofilina	es
cariofilácea	es
cariofiláceo	es
carisea	es
cariseto	es
carisma	es
carismático	es
caritativo	es
cariz	es
cariátide	es
cariñar	es
cariño	es
cariñosamente	es
cariñoso	es
carla	es
carlanca	es
carlear	es
carleta	es
carlina	es
carlinga	es
carlismo	es
carlista	es
carlita	es
carlos	es
carlovingio	es
carmel	es
carmelina	es
carmelita	es
carmelitano	es
carmelo	es
carmen	es
carmenador	es
carmenar	es
carmesí	es
carminar	es
carminativo	es
carmona	es
carmín	es
carnación	es
carnada	es
carnadura	es
carnaje	es
carnal	es
carnalidad	es
carnalmente	es
carnaval	es
carnavalada	es
carnavalesco	es
carnaza	es
carne	es
carnecilla	es
carnerada	es
carnereamiento	es
carnerear	es
carnerero	es
carnero	es
carnestolendas	es
carnet	es
carnicero	es
carnicería	es
carnificar	es
carniforme	es
carniola	es
carniseco	es
carniza	es
carnosidad	es
carnoso	es
carnudo	es
carnuza	es
carné	es
carnívoro	es
caro	es
carochar	es
carola	es
carolingio	es
carolino	es
carolo	es
caromomia	es
caronchar	es
carota	es
carozo	es
carpa	es
carpanta	es
carpelar	es
carpelo	es
carpentear	es
carpeta	es
carpetano	es
carpetazo	es
carpiano	es
carpintear	es
carpinteril	es
carpintero	es
carpintería	es
carpir	es
carpo	es
carquesa	es
carraca	es
carracero	es
carraco	es
carraleja	es
carranca	es
carranza	es
carrasca	es
carrascal	es
carrasco	es
carraspada	es
carraspeantemente	es
carraspear	es
carraspeo	es
carraspera	es
carraspina	es
carrasquear	es
carrasqueño	es
carrasquizo	es
carraón	es
carrear	es
carrera	es
carrerista	es
carrero	es
carreta	es
carretal	es
carrete	es
carretear	es
carretel	es
carretela	es
carretera	es
carreteril	es
carretero	es
carretillero	es
carretonada	es
carretoncillo	es
carretón	es
carricar	es
carricera	es
carricoche	es
carril	es
carrilete	es
carrillada	es
carrilludo	es
carriola	es
carriona	es
carrito	es
carrizo	es
carro	es
carrocero	es
carrocería	es
carrochar	es
carromatero	es
carromato	es
carros	es
carroza	es
carrozar	es
carroña	es
carroñar	es
carroñero	es
carruaje	es
carruajero	es
carrucar	es
carrucha	es
carrujo	es
carrusel	es
carta	es
cartagena	es
cartagenero	es
cartaginense	es
cartaginiense	es
cartaginés	es
cartapacio	es
cartazo	es
carteado	es
cartear	es
cartel	es
cartela	es
cartelear	es
cartelero	es
cartelería	es
cartelista	es
cartera	es
carterista	es
cartero	es
cartesianismo	es
cartesiano	es
carteta	es
cartilaginoso	es
cartivana	es
cartografiar	es
cartográfico	es
cartolas	es
cartomancia	es
cartonera	es
cartonero	es
cartoteca	es
cartuchera	es
cartucho	es
cartuja	es
cartujano	es
cartujo	es
cartulario	es
cartulina	es
cartusana	es
cartílago	es
cartógrafo	es
cartón	es
caruncular	es
carvajal	es
carvajo	es
carvallar	es
carvalledo	es
carvallo	es
carácter	es
caráis	es
carámbano	es
caréis	es
carótida	es
carúncula	es
casa	es
casabe	es
casaca	es
casación	es
casadero	es
casado	es
casal	es
casalicio	es
casamata	es
casamentero	es
casamiento	es
casanova	es
casar	es
casariego	es
casatienda	es
casca	es
cascabel	es
cascabelear	es
cascabelero	es
cascabillo	es
cascada	es
cascadura	es
cascajar	es
cascajo	es
cascajoso	es
cascajuelo	es
cascalbo	es
cascalleja	es
cascalote	es
cascamajar	es
cascamiento	es
cascanueces	es
cascar	es
cascarela	es
cascarilla	es
cascarrabias	es
cascarria	es
cascarrinar	es
cascarón	es
casco	es
cascos	es
cascote	es
caseación	es
caseificar	es
casera	es
caserillo	es
caserna	es
casero	es
caserío	es
caserón	es
cases	es
caseta	es
casete	es
caseto	es
casetón	es
casi	es
casia	es
casiller	es
casillero	es
casimir	es
casina	es
casinita	es
casino	es
casita	es
casiterita	es
caso	es
casona	es
casorio	es
caspa	es
caspio	es
casposamente	es
casposo	es
casquero	es
casquería	es
casquete	es
casquijo	es
casquilla	es
casquilucio	es
casquivano	es
casta	es
castalio	es
castamente	es
castaña	es
castañazo	es
castañeta	es
castañetear	es
castaño	es
castañuela	es
casteldefels	es
castellanamente	es
castellanismo	es
castellanización	es
castellanizar	es
castellano	es
castellar	es
castellonense	es
castellón	es
casticidad	es
casticismo	es
casticista	es
castidad	es
castigador	es
castigar	es
castigo	es
castilla	es
castillejo	es
castillería	es
castillete	es
castillo	es
castina	es
casting	es
castizamente	es
castizo	es
casto	es
castor	es
castora	es
castoreño	es
castorina	es
castra	es
castrado	es
castrador	es
castradura	es
castrapuercas	es
castrar	es
castrense	es
castrillón	es
castro	es
castóreo	es
casual	es
casualidad	es
casualismo	es
casualista	es
casualmente	es
casuariforme	es
casuario	es
casuca	es
casucha	es
casucho	es
casulla	es
casullero	es
casuístico	es
cata	es
catabolismo	es
catacaldos	es
cataclismo	es
cataclísmico	es
catacumbas	es
catadióptrico	es
catador	es
catadura	es
catafalco	es
catafórico	es
catalanidad	es
catalanismo	es
catalanista	es
cataldo	es
catalejo	es
catalepsia	es
catalicores	es
catalina	es
catalizador	es
catalizar	es
catalogador	es
catalogar	es
catalufa	es
cataluña	es
catalán	es
catalítico	es
catamarcano	es
catamarqueño	es
cataplasma	es
catapulta	es
catapultar	es
catar	es
catarata	es
catarral	es
catarrino	es
catarro	es
catarroja	es
catarroso	es
catarsis	es
catarí	es
catasalsas	es
catascopio	es
catastral	es
catastro	es
catastróficamente	es
catastrófico	es
catatonia	es
catatónico	es
cataviento	es
catavino	es
catavinos	es
cateador	es
catear	es
catecismo	es
catecúmeno	es
catedral	es
catedralicio	es
catedralidad	es
catedrar	es
catedrilla	es
catedrático	es
categorismo	es
categorizar	es
categoría	es
categóricamente	es
categórico	es
catenaria	es
catenario	es
catenular	es
catequesis	es
catequismo	es
catequista	es
catequizador	es
catequizar	es
catering	es
caterva	es
catervarios	es
cateterismo	es
cateto	es
catilinaria	es
catite	es
cativar	es
catión	es
cato	es
catolicidad	es
catolicismo	es
catolizar	es
catoniano	es
catonismo	es
catonizar	es
catoptromancia	es
catoptroscopia	es
catoquita	es
catorce	es
catorceavo	es
catorceno	es
catre	es
catrecillo	es
catáfora	es
catálisis	es
catálogo	es
catártico	es
catástrofe	es
catéter	es
catódico	es
católicamente	es
católico	es
catón	es
caucasiano	es
cauce	es
cauchero	es
caucho	es
caucionar	es
caucáseo	es
caucásico	es
cauda	es
caudado	es
caudal	es
caudalosamente	es
caudaloso	es
caudalímetro	es
caudatario	es
caudato	es
caudillismo	es
caudillo	es
cauliforme	es
caulinar	es
caulículo	es
cauro	es
causa	es
causación	es
causador	es
causahabiente	es
causal	es
causalismo	es
causante	es
causar	es
causativo	es
causticar	es
causticidad	es
cauta	es
cautela	es
cautelar	es
cautelosamente	es
cauteloso	es
cauterio	es
cauterización	es
cauterizador	es
cauterizar	es
cautivador	es
cautivar	es
cautiverio	es
cautividad	es
cautivo	es
cauto	es
cautín	es
cava	es
cavadizo	es
cavador	es
cavadura	es
cavar	es
caverna	es
cavernario	es
cavernidad	es
cavernosidad	es
cavernoso	es
caviar	es
cavidad	es
cavilar	es
cavilosamente	es
cavilosidad	es
caviloso	es
cavo	es
cayada	es
cayado	es
cayena	es
cayo	es
cayote	es
caz	es
caza	es
cazabe	es
cazadero	es
cazado	es
cazador	es
cazalla	es
cazallero	es
cazar	es
cazatalentos	es
cazatorpedero	es
cazcalear	es
cazcarria	es
cazo	es
cazolada	es
cazoleja	es
cazolero	es
cazoleta	es
cazoletear	es
cazoletero	es
cazonal	es
cazonete	es
cazuela	es
cazumbrar	es
cazurramente	es
cazurrear	es
cazurro	es
cazuz	es
cazón	es
caída	es
caído	es
caña	es
cañacoro	es
cañada	es
cañadilla	es
cañafístula	es
cañaheja	es
cañamazo	es
cañamón	es
cañar	es
cañavera	es
cañaveral	es
cañaverear	es
cañear	es
cañeramente	es
cañería	es
cañihueco	es
cañivano	es
cañiza	es
cañizo	es
caño	es
cañocazo	es
cañonear	es
cañonera	es
cañuto	es
cañón	es
caótico	es
caústicamente	es
cd	es
cdad	es
ce	es
cea	es
ceba	es
cebada	es
cebadal	es
cebadar	es
cebadazo	es
cebadera	es
cebadero	es
cebador	es
cebadura	es
cebar	es
cebellina	es
cebero	es
cebo	es
cebolla	es
cebollada	es
cebollana	es
cebollar	es
cebollero	es
cebolleta	es
cebollino	es
cebolludo	es
cebra	es
ceburro	es
cebón	es
ceca	es
cecal	es
ceceante	es
ceceantemente	es
cecear	es
ceceoso	es
cecina	es
cecinar	es
ceda	es
cedacear	es
cedacero	es
cedazo	es
cedente	es
ceder	es
cedizo	es
cedrito	es
cedro	es
cedrón	es
cedulario	es
cefalalgia	es
cefalea	es
cefalitis	es
cefalorraquídeo	es
cefalotórax	es
cefalópodo	es
cefear	es
cefo	es
cefálica	es
cefálico	es
cegado	es
cegador	es
cegajear	es
cegar	es
cegato	es
ceguedad	es
ceguera	es
ceiba	es
ceilandés	es
ceilanés	es
ceja	es
cejadero	es
cejador	es
cejar	es
cejijunto	es
cejilla	es
cejudo	es
cejuela	es
celada	es
celador	es
celar	es
celastro	es
celda	es
celebrado	es
celebrador	es
celebrante	es
celebrar	es
celebridad	es
celeminada	es
celeminear	es
celeminero	es
celemín	es
celentéreo	es
celeridad	es
celescopio	es
celeste	es
celestial	es
celestialmente	es
celestina	es
celestinear	es
celestinesco	es
celestino	es
celestre	es
celia	es
celiaco	es
celibato	es
celidonia	es
celinda	es
cella	es
cellisca	es
cellisquear	es
celo	es
celofán	es
celos	es
celosa	es
celosamente	es
celoso	es
celosía	es
celotipia	es
celsitud	es
celsius	es
celta	es
celtiberio	es
celtibérico	es
celtismo	es
celtista	es
celtíbero	es
celular	es
celulario	es
celulita	es
celuloide	es
celulosa	es
celíaco	es
cementar	es
cementerio	es
cementero	es
cemento	es
cementoso	es
cena	es
cenacho	es
cenadero	es
cenador	es
cenagal	es
cenagar	es
cenagoso	es
cenar	es
cencerra	es
cencerrear	es
cencerro	es
cenceño	es
cendal	es
cendolilla	es
cendra	es
cendrar	es
cendrazo	es
cenefa	es
cenegar	es
cenero	es
cenestesia	es
cenia	es
cenicense	es
cenicerense	es
cenicero	es
cenicienta	es
ceniciento	es
cenit	es
cenital	es
ceniza	es
cenizal	es
cenizo	es
cenizoso	es
cenobial	es
cenobio	es
cenobita	es
cenobitismo	es
cenotafio	es
cenote	es
cenozoico	es
censal	es
censar	es
censatario	es
censo	es
censor	es
censorio	es
censual	es
censualista	es
censuario	es
censura	es
censurable	es
censurador	es
censurar	es
censurista	es
cent	es
centaura	es
centaurea	es
centauro	es
centavo	es
centellador	es
centellar	es
centelleante	es
centellear	es
centena	es
centenada	es
centenal	es
centenar	es
centenario	es
centenaza	es
centenero	es
centenilla	es
centeno	es
centenoso	es
centesimal	es
centilitro	es
centiloquio	es
centimano	es
centinela	es
centinodia	es
centiplicado	es
centolla	es
centollo	es
centonar	es
centrada	es
centrado	es
central	es
centralidad	es
centralismo	es
centralista	es
centralita	es
centralización	es
centralizador	es
centralizar	es
centralmente	es
centrar	es
centrifugador	es
centrifugar	es
centro	es
centroafricano	es
centroamericano	es
centroamérica	es
centrocampista	es
centrífuga	es
centrífugo	es
centuplicar	es
centuria	es
centurión	es
centésimo	es
centígrado	es
centímano	es
centímetro	es
centón	es
cenzontle	es
cepa	es
cepeda	es
cepellón	es
cepilladura	es
cepillar	es
cepita	es
cepo	es
ceporro	es
cequia	es
cequiaje	es
cequí	es
cera	es
ceramista	es
cerasta	es
cerbatana	es
cerbero	es
cerca	es
cercado	es
cercador	es
cercanamente	es
cercano	es
cercanía	es
cercar	es
cercas	es
cercear	es
cercen	es
cercenador	es
cercenadura	es
cercenamiento	es
cercenar	es
cerceta	es
cerchar	es
cerchear	es
cercillo	es
cerciorar	es
cerco	es
cercopiteco	es
cercos	es
cercote	es
cercén	es
cerda	es
cerdear	es
cerdito	es
cerdo	es
cerdoso	es
cerdudo	es
cereal	es
cerealista	es
cerebelo	es
cerebración	es
cerebral	es
cerebrina	es
cerebro	es
cerebroespinal	es
cereceda	es
ceremonia	es
ceremonial	es
ceremoniero	es
ceremoniosamente	es
ceremonioso	es
cerero	es
ceresina	es
cereza	es
cerezal	es
cerezo	es
ceriflor	es
cerilla	es
cerillero	es
cerio	es
cerita	es
cerna	es
cernada	es
cerne	es
cernear	es
cernedera	es
cernedero	es
cernedor	es
cerner	es
cernidero	es
cernido	es
cernidura	es
cernir	es
cerno	es
cernícalo	es
cero	es
ceroma	es
ceromancia	es
ceroso	es
cerote	es
cerotear	es
cerquita	es
cerra	es
cerrada	es
cerradera	es
cerradero	es
cerradizo	es
cerrado	es
cerrador	es
cerradura	es
cerraja	es
cerrajear	es
cerrajerillo	es
cerrajero	es
cerrajería	es
cerrajón	es
cerramiento	es
cerrar	es
cerrazón	es
cerrebojar	es
cerrero	es
cerril	es
cerrillar	es
cerro	es
cerrojito	es
cerrojo	es
certamen	es
certeramente	es
certero	es
certeza	es
certidumbre	es
certificado	es
certificador	es
certificar	es
certificatorio	es
certitud	es
certísimo	es
cerulina	es
cerumen	es
cerusa	es
cerusita	es
cerval	es
cervantesco	es
cervantino	es
cervantismo	es
cervantista	es
cervario	es
cervato	es
cervecero	es
cervecita	es
cerveza	es
cervical	es
cervicular	es
cerviguillo	es
cervino	es
cerviz	es
cervuno	es
cerámica	es
cerámico	es
cerífica	es
cerúleo	es
ces	es
cesación	es
cesamiento	es
cesante	es
cesantía	es
cesar	es
cesariano	es
cesariense	es
cesarismo	es
cesarista	es
cese	es
cesio	es
cesionaria	es
cesionario	es
cesión	es
cespitar	es
cesta	es
cestero	es
cestería	es
cesto	es
cestodo	es
cestón	es
cesura	es
cesárea	es
cesáreo	es
cetaria	es
cetario	es
cetona	es
cetrero	es
cetrería	es
cetrino	es
cetro	es
cetáceo	es
ceuta	es
ceutí	es
ceutíes	es
ceñar	es
ceñida	es
ceñido	es
ceñidor	es
ceñir	es
ceño	es
ceñudo	es
cf	es
cfr	es
cgo	es
ch	es
cha	es
chabacanada	es
chabacanería	es
chabacano	es
chabisque	es
chabola	es
chabolismo	es
chabolista	es
chacal	es
chacharear	es
chacho	es
chacina	es
chacinero	es
chacinería	es
chaco	es
chacolotear	es
chacolí	es
chacona	es
chaconada	es
chaconero	es
chacota	es
chacotear	es
chacotero	es
chacra	es
chacó	es
chad	es
chadiano	es
chafaldete	es
chafallar	es
chafar	es
chafarote	es
chafarrinada	es
chafarrinar	es
chafarrocas	es
chaflanar	es
chaflán	es
chaira	es
chal	es
chalación	es
chaladura	es
chalanear	es
chalanesco	es
chalar	es
chalaza	es
chaleco	es
chalequero	es
chalet	es
chalina	es
chalote	es
chalupa	es
chalán	es
chalé	es
chamanismo	es
chamar	es
chamarasca	es
chamarilear	es
chamarilero	es
chamariz	es
chamarra	es
chamba	es
chambelán	es
chambergo	es
chamberguilla	es
chambilla	es
chamelar	es
chamicera	es
chamicero	es
chamiza	es
chamizo	es
chamorrar	es
chamorro	es
champar	es
champaña	es
champurrar	es
champán	es
champú	es
chamullar	es
chamurrar	es
chamuscado	es
chamuscar	es
chamusquina	es
chamán	es
chamánico	es
chanca	es
chance	es
chancear	es
chancero	es
chancho	es
chanchullero	es
chanchullo	es
chanciller	es
chancla	es
chancleta	es
chancletear	es
chanclo	es
chancro	es
chanelar	es
chanfaina	es
changar	es
changarra	es
changarro	es
chanquear	es
chanquete	es
chantaje	es
chantajear	es
chantajista	es
chantar	es
chantre	es
chanza	es
chanzoneta	es
chanzonetero	es
chaola	es
chapa	es
chapado	es
chapalear	es
chapaleta	es
chapaletear	es
chapar	es
chaparra	es
chaparrada	es
chaparral	es
chaparrear	es
chaparreras	es
chaparrete	es
chaparro	es
chaparrudo	es
chaparrón	es
chapatal	es
chapear	es
chapela	es
chaperonado	es
chaperón	es
chapeta	es
chapetonada	es
chapetón	es
chapinero	es
chapinete	es
chapisca	es
chapitel	es
chaple	es
chapo	es
chapodar	es
chapotear	es
chapoteo	es
chapucear	es
chapuceramente	es
chapucero	es
chapullar	es
chapurrar	es
chapurrear	es
chapuz	es
chapuzar	es
chapuzón	es
chapín	es
chaqueta	es
chaquetear	es
chaquetero	es
chaquetón	es
chaqueño	es
chaqué	es
charada	es
charambita	es
charanga	es
charango	es
charanguero	es
charca	es
charcas	es
charco	es
charcutería	es
charla	es
charlador	es
charlar	es
charlatanear	es
charlatanería	es
charlatanismo	es
charlatán	es
charlear	es
charlo	es
charlotear	es
charnela	es
charol	es
charolar	es
charolista	es
charranear	es
charrar	es
charretera	es
charrúa	es
chartreuse	es
chascar	es
chascarro	es
chasco	es
chasis	es
chaspar	es
chaspear	es
chasqueador	es
chasquear	es
chasquido	es
chat	es
chatarra	es
chatarrear	es
chatarrero	es
chatarrería	es
chatear	es
chato	es
chauvinismo	es
chaval	es
chaveta	es
chavetero	es
chavo	es
chavó	es
chayote	es
chazar	es
che	es
checa	es
checo	es
checoslovaco	es
chef	es
chelín	es
chepa	es
cheque	es
chequear	es
chequera	es
cherchar	es
cherriar	es
cheviot	es
chibcha	es
chic	es
chica	es
chicana	es
chicanear	es
chicano	es
chicha	es
chicharra	es
chicharrar	es
chicharrear	es
chicharrera	es
chicharrero	es
chicharro	es
chicharrón	es
chiche	es
chichear	es
chichimeco	es
chichón	es
chiclana	es
chiclanero	es
chicle	es
chico	es
chicolear	es
chicoria	es
chicote	es
chicozapote	es
chifla	es
chiflado	es
chifladura	es
chiflar	es
chiflato	es
chifle	es
chiflete	es
chigre	es
chihuahua	es
chilaba	es
chile	es
chilenismo	es
chileno	es
chilindrina	es
chilindrinero	es
chilindrón	es
chilla	es
chillador	es
chillar	es
chillido	es
chillo	es
chillón	es
chimango	es
chimenea	es
chimpancé	es
china	es
chinar	es
chinarro	es
chinchar	es
chinche	es
chincheta	es
chinchilla	es
chinchorrear	es
chinchorrero	es
chinchorro	es
chinchoso	es
chinela	es
chinesco	es
chingar	es
chinglar	es
chino	es
chip	es
chipre	es
chipriota	es
chiquero	es
chiquilicuatro	es
chiquillada	es
chiquirritico	es
chiquito	es
chiquitín	es
chiribita	es
chirigota	es
chirigotear	es
chirigotero	es
chirimbolo	es
chirimoya	es
chirimoyo	es
chirimía	es
chiringuito	es
chirinola	es
chiripa	es
chiripear	es
chirivella	es
chirivía	es
chirla	es
chirlar	es
chirlatar	es
chirle	es
chirlear	es
chirlo	es
chirona	es
chirrear	es
chirriador	es
chirriante	es
chirriantemente	es
chirriar	es
chirrichote	es
chirrido	es
chirrionero	es
chirrisquear	es
chirrión	es
chirumba	es
chirumbela	es
chirumen	es
chis	es
chiscar	es
chiscarra	es
chisguete	es
chisme	es
chismear	es
chismorrear	es
chismoso	es
chismotear	es
chispa	es
chispeante	es
chispear	es
chispero	es
chispo	es
chisporrotear	es
chisposo	es
chisquero	es
chist	es
chistar	es
chiste	es
chistera	es
chistosamente	es
chistoso	es
chita	es
chitar	es
chito	es
chiton	es
chivar	es
chivata	es
chivatada	es
chivatazo	es
chivatear	es
chivato	es
chivo	es
cho	es
choca	es
chocante	es
chocantemente	es
chocar	es
chocarrear	es
chocarrero	es
chocarrería	es
chocha	es
chochaperdiz	es
chochear	es
chochez	es
chocho	es
chochín	es
choclar	es
choclo	es
choco	es
chocoano	es
chocolate	es
chocolatera	es
chocolatero	es
chocolatina	es
chocó	es
chofer	es
chofeta	es
chola	es
cholla	es
chollo	es
chopa	es
chopo	es
choque	es
chorar	es
chori	es
choricear	es
choricera	es
choricero	es
chorizar	es
chorizo	es
chorla	es
chorlito	es
chorlo	es
chorra	es
chorrada	es
chorreadura	es
chorrear	es
chorreo	es
chorrera	es
chorretada	es
chorretón	es
chorreón	es
chorro	es
chospar	es
chota	es
chotacabras	es
chotear	es
chotis	es
choto	es
chotuno	es
chova	es
chovinismo	es
chovinista	es
choza	es
chozo	es
chozpar	es
chubasco	es
chubasquero	es
chubutense	es
chucero	es
chuchear	es
chuchero	es
chuchería	es
chucho	es
chueca	es
chueta	es
chufa	es
chufar	es
chufero	es
chufeta	es
chuflar	es
chufleta	es
chufletear	es
chufletero	es
chulada	es
chulapo	es
chulear	es
chulería	es
chulesco	es
chuleta	es
chuletón	es
chulo	es
chumacera	es
chumbera	es
chumbo	es
chunga	es
chungo	es
chunguear	es
chupa	es
chupacirios	es
chupada	es
chupadero	es
chupado	es
chupador	es
chupalandero	es
chupar	es
chupatintas	es
chuperretear	es
chupeta	es
chupete	es
chupetear	es
chupi	es
chupinazo	es
chupón	es
churrar	es
churrascar	es
churre	es
churrero	es
churretada	es
churrete	es
churretoso	es
churriana	es
churrigueresco	es
churriguerismo	es
churriguerista	es
churritar	es
churro	es
churrupear	es
churruscar	es
churumbel	es
churumbela	es
chus	es
chuscada	es
chuscamente	es
chusco	es
chusma	es
chusquero	es
chut	es
chutar	es
chute	es
chuzo	es
cháchara	es
chándal	es
chárter	es
chófer	es
ciabogar	es
cianato	es
cianea	es
cianhídrico	es
cianita	es
cianosis	es
cianuro	es
cianí	es
ciar	es
cibeleo	es
cibelina	es
cibera	es
cibercafé	es
ciberespacio	es
cibernauta	es
cibernético	es
cicalar	es
cicatear	es
cicatero	es
cicatería	es
cicatriz	es
cicatrización	es
cicatrizante	es
cicatrizar	es
cicatrizativo	es
cicerone	es
ciceroniano	es
cicerón	es
ciclable	es
ciclamor	es
ciclar	es
ciclismo	es
ciclista	es
ciclo	es
ciclogénesis	es
cicloidal	es
cicloide	es
cicloideo	es
ciclomotor	es
ciclorama	es
ciclostil	es
ciclotimia	es
ciclístico	es
ciclón	es
ciclónica	es
ciclónico	es
ciconiforme	es
cicuta	es
cicutina	es
cid	es
cidra	es
cidro	es
ciegamente	es
ciego	es
cielo	es
ciempiés	es
ciempozuelos	es
cien	es
ciencia	es
cieno	es
cienoso	es
cientificismo	es
cientifismo	es
ciento	es
científicamente	es
científico	es
cierne	es
cierre	es
cierta	es
ciertamente	es
cierto	es
cierva	es
ciervo	es
cierzas	es
cierzo	es
cieza	es
cifosis	es
cifra	es
cifradamente	es
cifrado	es
cifrar	es
cigala	es
cigarra	es
cigarral	es
cigarrera	es
cigarrero	es
cigarro	es
cigofilácea	es
cigofiláceo	es
cigoto	es
cigoñal	es
cigoñino	es
ciguatar	es
cigüete	es
cigüeña	es
cigüeñal	es
cilantro	es
ciliado	es
ciliar	es
cilicio	es
cilindrada	es
cilindrar	es
cilindro	es
cilio	es
cilla	es
cillerero	es
cillero	es
cilíndrica	es
cilíndrico	es
cima	es
cimacio	es
cimar	es
cimarrón	es
cimbalero	es
cimbalillo	es
cimbalista	es
cimbel	es
cimblar	es
cimborrio	es
cimbra	es
cimbrar	es
cimbreante	es
cimbrear	es
cimbrio	es
cimbro	es
cimentación	es
cimentado	es
cimentador	es
cimentar	es
cimento	es
cimera	es
cimerio	es
cimero	es
cimiento	es
cimillo	es
cimitarra	es
cimofana	es
cinabrio	es
cinamomo	es
cinc	es
cinca	es
cincado	es
cincel	es
cincelador	es
cinceladura	es
cincelar	es
cincha	es
cinchado	es
cinchadura	es
cinchar	es
cincho	es
cinchuela	es
cinchuelo	es
cinco	es
cincoenrama	es
cincograbado	es
cincomesino	es
cincuenta	es
cincuentavo	es
cincuentena	es
cincuentenario	es
cincuenteno	es
cincuentón	es
cine	es
cineasta	es
cinema	es
cinematografiar	es
cinematografía	es
cinematográfico	es
cinematógrafo	es
cinemática	es
cinemático	es
cineraria	es
cinerario	es
cinericio	es
cinglar	es
cinismo	es
cinoglosa	es
cinquero	es
cinqueño	es
cinta	es
cintadero	es
cintagorda	es
cintajo	es
cintar	es
cintarazo	es
cintarear	es
cintero	es
cintilar	es
cinto	es
cintos	es
cintura	es
cinturita	es
cinturón	es
cinámico	es
cinéreo	es
cinésica	es
cinética	es
cinético	es
cipariso	es
cipayo	es
ciperáceas	es
ciperáceo	es
cipo	es
cipote	es
cipresillo	es
cipresino	es
ciprés	es
ciquiricata	es
ciquitroque	es
circasiano	es
circe	es
circense	es
circo	es
circona	es
circonio	es
circuir	es
circuito	es
circulante	es
circular	es
circularidad	es
circularmente	es
circulatorio	es
circumpolar	es
circuncidar	es
circuncisa	es
circuncisión	es
circunciso	es
circundante	es
circundar	es
circunferencia	es
circunferencial	es
circunferencialmente	es
circunferente	es
circunferir	es
circunflejo	es
circunfuso	es
circunlocución	es
circunloquio	es
circunnavegar	es
circunscribir	es
circunscripción	es
circunscrito	es
circunsolar	es
circunspección	es
circunspecto	es
circunstancia	es
circunstanciado	es
circunstancial	es
circunstanciar	es
circunstante	es
circunvalar	es
circunvecino	es
circunvenir	es
circunvolar	es
circunvolución	es
circunyacente	es
circón	es
cirenaico	es
cireneo	es
cirial	es
cirio	es
cirro	es
cirrosis	es
cirroso	es
cirrípedo	es
cirrópodo	es
ciruela	es
ciruelo	es
cirugía	es
cirujano	es
cirílico	es
ciscar	es
cisco	es
cisjordania	es
cisma	es
cismar	es
cismontano	es
cismático	es
cisne	es
cisoria	es
cisquera	es
cisquero	es
cista	es
cisterciense	es
cisterna	es
cisticerco	es
cisticercosis	es
cistitis	es
cistácea	es
cistáceo	es
cistíneo	es
cisura	es
cit	es
cita	es
citación	es
citador	es
citano	es
citar	es
citara	es
citarilla	es
citarista	es
citarizar	es
citereo	es
citerior	es
citocromo	es
citoesqueleto	es
citoplasma	es
citrato	es
citricultor	es
citrina	es
citrino	es
ciudad	es
ciudadano	es
ciudadanía	es
ciudadela	es
civeta	es
civil	es
civilidad	es
civilista	es
civilización	es
civilizador	es
civilizar	es
civilmente	es
civilísima	es
civismo	es
cizalla	es
cizalladura	es
cizallar	es
cizaña	es
cizañar	es
cizañear	es
cizañero	es
ciánico	es
ciénaga	es
ciénega	es
cl	es
clac	es
clamar	es
clamor	es
clamorear	es
clamoroso	es
clan	es
clandestinamente	es
clandestinidad	es
clandestino	es
claque	es
claqué	es
clara	es
claraboya	es
claramente	es
clarar	es
clarear	es
clarecer	es
clareo	es
clarete	es
clareza	es
claridad	es
clarificar	es
clarinete	es
clarinetista	es
clarisa	es
clarividencia	es
clarividente	es
clarividentemente	es
clarión	es
claro	es
claror	es
claroscuro	es
clarucho	es
clarín	es
clase	es
clasema	es
clasicismo	es
clasicista	es
clasificado	es
clasificador	es
clasificar	es
clasificatorio	es
clasista	es
claudia	es
claudicar	es
claustra	es
claustral	es
claustrar	es
claustro	es
claustrofobia	es
clausular	es
clausura	es
clausurar	es
clava	es
clavada	es
clavadizo	es
clavado	es
clavadura	es
claval	es
clavar	es
clavazón	es
clave	es
clavecín	es
clavel	es
clavelito	es
clavellina	es
clavera	es
clavero	es
clavetear	es
clavicordio	es
clavicular	es
clavicémbalo	es
clavija	es
clavijera	es
clavijero	es
clavito	es
clavo	es
clavícula	es
claxon	es
clemencia	es
clemente	es
clementina	es
clemátide	es
clepsidra	es
cleptomanía	es
cleptomaníaco	es
cleptómano	es
clerecía	es
clerical	es
clericalismo	es
clericalmente	es
clericatura	es
clero	es
clerofobia	es
clic	es
cliché	es
clienta	es
cliente	es
clientela	es
clientelismo	es
clima	es
climaterio	es
climatizar	es
climatología	es
climatérico	es
climático	es
clinopodio	es
clip	es
clipperton	es
clisar	es
clister	es
clisterizar	es
clisé	es
clitoriano	es
cloaca	es
cloc	es
clocar	es
clon	es
clonación	es
clonar	es
cloquear	es
cloqueo	es
clorar	es
clorato	es
clorhidrato	es
clorhídrico	es
clorita	es
cloro	es
cloroacético	es
clorofila	es
clorofilo	es
cloroformizar	es
cloroformo	es
cloroplasto	es
clorosis	es
clorurar	es
cloruro	es
clorótico	es
club	es
clubs	es
clueco	es
cluniacense	es
cluniense	es
clámide	es
clásica	es
clásico	es
cláusula	es
cláxones	es
clérigo	es
clímax	es
clínica	es
clínico	es
clípeo	es
clíper	es
clítoris	es
clórico	es
clúster	es
cm	es
cnidario	es
coa	es
coaccionar	es
coacervar	es
coadunar	es
coadyutor	es
coadyuvante	es
coadyuvar	es
coagente	es
coagulador	es
coagulante	es
coagular	es
coaguloso	es
coalicionista	es
coalición	es
coaligar	es
coaptar	es
coartar	es
coatí	es
coba	es
cobaltina	es
cobalto	es
cobarde	es
cobardear	es
cobardemente	es
cobardía	es
cobardón	es
cobaya	es
cobayo	es
cobertera	es
cobertizo	es
cobertor	es
cobertura	es
cobija	es
cobijador	es
cobijamiento	es
cobijar	es
cobijera	es
cobista	es
cobra	es
cobrable	es
cobradero	es
cobrador	es
cobranza	es
cobrar	es
cobre	es
cobrear	es
cobrizo	es
cobro	es
coca	es
cocar	es
cocarar	es
cocaína	es
cocción	es
coceador	es
coceadura	es
coceamiento	es
cocear	es
cocedero	es
cocedizo	es
cocedor	es
cocedura	es
cocer	es
cocha	es
cochambre	es
cochambroso	es
coche	es
cochear	es
cochera	es
cocheril	es
cochero	es
cochi	es
cochifrito	es
cochina	es
cochinada	es
cochinamente	es
cochinero	es
cochinito	es
cochino	es
cochiquera	es
cocho	es
cochura	es
cocido	es
cociente	es
cocimiento	es
cocina	es
cocinar	es
cocinero	es
cocinilla	es
cocinita	es
coclear	es
coclearia	es
coco	es
cocodrilo	es
cocotal	es
cocote	es
cocotero	es
coctelera	es
cocuyo	es
coda	es
codadura	es
codal	es
codaste	es
codear	es
codeso	es
codicia	es
codiciador	es
codiciar	es
codicilo	es
codicioso	es
codificador	es
codificar	es
codillera	es
codina	es
codirector	es
codirigir	es
codo	es
codorniz	es
codorno	es
codoñate	es
codujo	es
codujón	es
coeducar	es
coeficiente	es
coenzima	es
coercible	es
coercitivo	es
coerción	es
coetáneo	es
coexistir	es
coextender	es
cofa	es
cofia	es
cofiador	es
cofinanciar	es
cofrade	es
cofradía	es
cofre	es
cofrear	es
cofrero	es
cofundador	es
cogechar	es
cogedero	es
cogedor	es
cogedura	es
cogeneración	es
coger	es
cogido	es
cogitabundo	es
cogitativo	es
cognación	es
cognado	es
cognición	es
cognitivo	es
cognocer	es
cognomento	es
cognominar	es
cognoscible	es
cognoscitivo	es
cogollo	es
cogolmar	es
cogorza	es
cogote	es
cogotera	es
cogotudo	es
cogucho	es
cogujada	es
cogujonero	es
cogujón	es
cogulla	es
cogullada	es
cohabitar	es
cohechar	es
coheredar	es
coherencia	es
coherente	es
coherentismo	es
cohesionar	es
cohesivo	es
cohesión	es
cohesor	es
cohete	es
cohetero	es
cohibición	es
cohibir	es
cohobar	es
cohombrillo	es
cohonder	es
cohonestar	es
cohorte	es
coimbricense	es
coime	es
coincidentemente	es
coincidir	es
coinquinar	es
coinvestigador	es
cois	es
coitar	es
coito	es
coja	es
cojear	es
cojera	es
cojinete	es
cojitranco	es
cojo	es
cojonudamente	es
cojonudo	es
cojuelo	es
cojín	es
cok	es
col	es
cola	es
colaborador	es
colaborar	es
colaborativo	es
colacionar	es
colada	es
coladera	es
coladero	es
coladizo	es
colado	es
colador	es
coladora	es
coladura	es
colagogo	es
colaina	es
colaire	es
colambre	es
colana	es
colanilla	es
colapez	es
colapiscis	es
colapsar	es
colar	es
colaudar	es
colcha	es
colchadura	es
colchar	es
colchonero	es
colchoneta	es
colchón	es
coleados	es
colear	es
coleccionador	es
coleccionar	es
coleccionismo	es
colección	es
colectar	es
colecticio	es
colectivamente	es
colectividad	es
colectivismo	es
colectivista	es
colectivización	es
colectivizar	es
colectivo	es
colector	es
colega	es
colegiadamente	es
colegiado	es
colegial	es
colegiala	es
colegialmente	es
colegiar	es
colegiata	es
colegiatura	es
colegio	es
colegir	es
colendo	es
coleriforme	es
colerina	es
colesterina	es
colesterol	es
coleta	es
coletero	es
coleto	es
coleóptero	es
colgadero	es
colgadizo	es
colgado	es
colgador	es
colgadura	es
colgajo	es
colgamiento	es
colgante	es
colgar	es
colibacilo	es
colibacilosis	es
colibrí	es
colicano	es
colicuar	es
colicuativo	es
colicuecer	es
colidir	es
coliflor	es
coligadura	es
coligar	es
colillero	es
colimar	es
colinabo	es
colindar	es
colino	es
coliseo	es
colisionar	es
colisión	es
colitis	es
colla	es
collada	es
collado	es
collar	es
collarino	es
collarín	es
collazo	es
colleja	es
collera	es
colmado	es
colmar	es
colmatar	es
colmena	es
colmenar	es
colmenero	es
colmillada	es
colmillar	es
colmillo	es
colmilludo	es
colmo	es
colocado	es
colocar	es
colocasia	es
colocón	es
colodión	es
colodra	es
colodrillo	es
colofonia	es
colofonita	es
colofón	es
coloidal	es
coloide	es
coloideo	es
coloma	es
colombia	es
colombianismo	es
colombiano	es
colombina	es
colombino	es
colon	es
colonato	es
colonia	es
colonial	es
colonialismo	es
colonización	es
colonizador	es
colonizar	es
colono	es
coloquial	es
coloquialmente	es
coloquio	es
coloquíntida	es
color	es
colorado	es
colorante	es
colorar	es
colorear	es
colorete	es
colorid	es
colorida	es
coloridas	es
colorido	es
coloridos	es
coloriendo	es
coloriera	es
colorierais	es
colorieran	es
colorieras	es
coloriere	es
coloriereis	es
colorieren	es
colorieres	es
colorieron	es
coloriese	es
colorieseis	es
coloriesen	es
colorieses	es
colorimos	es
colorir	es
coloriremos	es
colorirse	es
colorirá	es
colorirán	es
colorirás	es
coloriré	es
coloriréis	es
coloriría	es
coloriríais	es
coloriríamos	es
colorirían	es
colorirías	es
colorismo	es
colorista	es
coloriste	es
coloristeis	es
coloriéramos	es
coloriéremos	es
coloriésemos	es
colorió	es
colorí	es
coloría	es
coloríais	es
coloríamos	es
colorían	es
colorías	es
colorín	es
colorís	es
colosal	es
colosense	es
coloso	es
colpar	es
coludir	es
columbario	es
columbino	es
columbrar	es
columelar	es
columna	es
columnario	es
columnata	es
columnista	es
columpiar	es
columpio	es
coluro	es
colza	es
colágeno	es
colérico	es
colín	es
colón	es
coma	es
comadrazgo	es
comadre	es
comadrear	es
comadreja	es
comadrero	es
comadrón	es
comalecerse	es
comanche	es
comandancia	es
comandante	es
comandar	es
comandita	es
comanditar	es
comanditario	es
comando	es
comarca	es
comarcal	es
comarcar	es
comatoso	es
comba	es
combadura	es
combalachar	es
combar	es
combate	es
combatidor	es
combatiente	es
combatir	es
combatividad	es
combativo	es
combeneficiado	es
combi	es
combinable	es
combinacional	es
combinada	es
combinado	es
combinar	es
combinatoria	es
combinatorio	es
comburente	es
combustibilidad	es
combustible	es
combustión	es
combusto	es
combés	es
comedero	es
comedia	es
comediante	es
comedida	es
comedidamente	es
comedido	es
comedimiento	es
comedio	es
comedir	es
comediógrafo	es
comedor	es
comején	es
comemierda	es
comendador	es
comendadora	es
comendamiento	es
comendatario	es
comendaticio	es
comendatoria	es
comendatorio	es
comensal	es
comentador	es
comentar	es
comentario	es
comentarista	es
comenzar	es
comer	es
comerciabilidad	es
comerciable	es
comercial	es
comercialización	es
comercializador	es
comercializar	es
comercialmente	es
comerciante	es
comerciar	es
comercio	es
comestible	es
cometa	es
cometer	es
cometido	es
comezón	es
comible	es
comichear	es
comicial	es
comicidad	es
comicios	es
comida	es
comidilla	es
comido	es
comienzo	es
comillas	es
comilón	es
cominear	es
cominero	es
comino	es
comiquear	es
comisariado	es
comisario	es
comisaría	es
comiscar	es
comisionado	es
comisionar	es
comisionista	es
comisión	es
comisquear	es
comistrajo	es
comisura	es
comitente	es
comitiva	es
comité	es
comiza	es
commelinácea	es
commelináceo	es
como	es
comodante	es
comodato	es
comodidad	es
comodoro	es
comodín	es
comodón	es
comoquiera	es
comoras	es
comorense	es
compacidad	es
compactación	es
compactar	es
compactibilidad	es
compacto	es
compadecer	es
compadrar	es
compadrazgo	es
compadre	es
compadrear	es
compaginador	es
compaginar	es
comparable	es
comparada	es
comparado	es
comparador	es
comparanza	es
comparar	es
comparativamente	es
comparativo	es
comparecencia	es
comparecer	es
compareciente	es
comparsa	es
compartible	es
compartido	es
compartidor	es
compartimentar	es
compartimento	es
compartimiento	es
compartir	es
compasadamente	es
compasar	es
compasear	es
compasillo	es
compasiva	es
compasivo	es
compasión	es
compaternidad	es
compatibilidad	es
compatibilizar	es
compatible	es
compatriota	es
compatronato	es
compatrono	es
compaña	es
compañerismo	es
compañero	es
compañía	es
compeler	es
compendiador	es
compendiar	es
compendio	es
compendiosamente	es
compendioso	es
compendista	es
compendizar	es
compenetrar	es
compensable	es
compensación	es
compensador	es
compensar	es
compensativo	es
compensatorio	es
competencia	es
competencial	es
competente	es
competentemente	es
competer	es
competición	es
competidor	es
competir	es
competitividad	es
competitivo	es
compilador	es
compilar	es
compinche	es
complacencia	es
complacer	es
complaciente	es
complacimiento	es
complanar	es
complañir	es
compleja	es
complejidad	es
complejo	es
complementación	es
complementar	es
complementariamente	es
complementariedad	es
complementario	es
complemento	es
completa	es
completamente	es
completar	es
completas	es
completitud	es
completivo	es
completo	es
completud	es
completísimo	es
complexa	es
complexidad	es
complexión	es
complexo	es
complicado	es
complicar	es
complicidad	es
complot	es
complotes	es
complutense	es
componedor	es
componenda	es
componente	es
componer	es
componible	es
comporta	es
comportamiento	es
comportar	es
composición	es
compositivo	es
compositor	es
compost	es
compostaje	es
compostar	es
compostela	es
compostelano	es
compostura	es
compota	es
compra	es
comprado	es
comprador	es
comprar	es
compraventa	es
comprehender	es
comprehensivo	es
comprender	es
comprensibilidad	es
comprensible	es
comprensivo	es
comprensión	es
compresa	es
compresibilidad	es
compresible	es
compresivo	es
compresión	es
compresor	es
comprimido	es
comprimir	es
comprobante	es
comprobar	es
comprobatorio	es
comprometedor	es
comprometer	es
comprometido	es
comprometimiento	es
compromisario	es
compromiso	es
compromisorio	es
comprueba	es
compuerta	es
compuesta	es
compuesto	es
compulsar	es
compulsivo	es
compulsión	es
compungid	es
compungida	es
compungidamente	es
compungidas	es
compungido	es
compungidos	es
compungiendo	es
compungiera	es
compungierais	es
compungieran	es
compungieras	es
compungiere	es
compungiereis	es
compungieren	es
compungieres	es
compungieron	es
compungiese	es
compungieseis	es
compungiesen	es
compungieses	es
compungimos	es
compungir	es
compungiremos	es
compungirse	es
compungirá	es
compungirán	es
compungirás	es
compungiré	es
compungiréis	es
compungiría	es
compungiríais	es
compungiríamos	es
compungirían	es
compungirías	es
compungiste	es
compungisteis	es
compungiéramos	es
compungiéremos	es
compungiésemos	es
compungió	es
compungí	es
compungía	es
compungíais	es
compungíamos	es
compungían	es
compungías	es
compungís	es
computacional	es
computación	es
computador	es
computadorizar	es
computar	es
computarizar	es
compás	es
compón	es
comulación	es
comulgante	es
comulgar	es
comulgatorio	es
comuna	es
comunal	es
comunalmente	es
comunero	es
comunicabilidad	es
comunicable	es
comunicacional	es
comunicación	es
comunicado	es
comunicador	es
comunicante	es
comunicar	es
comunicativo	es
comunicatorias	es
comunidad	es
comunismo	es
comunista	es
comunitario	es
comunión	es
común	es
comúnmente	es
con	es
conato	es
concadenadamente	es
concadenar	es
concatenadamente	es
concatenante	es
concatenar	es
concebible	es
concebimiento	es
concebir	es
conceder	es
concejal	es
concejil	es
concejo	es
concelebrar	es
concentrado	es
concentrador	es
concentrar	es
concepcionista	es
concepción	es
conceptismo	es
conceptista	es
conceptivo	es
concepto	es
conceptual	es
conceptualismo	es
conceptualista	es
conceptualizante	es
conceptualmente	es
conceptuar	es
conceptuoso	es
concernencia	es
concernido	es
concerniendo	es
concerniente	es
concerniera	es
concernieran	es
concerniere	es
concernieren	es
concernieron	es
concerniese	es
concerniesen	es
concernir	es
concernirá	es
concernirán	es
concerniría	es
concernirían	es
concernió	es
concernía	es
concernían	es
concertada	es
concertadamente	es
concertador	es
concertante	es
concertar	es
concertina	es
concertino	es
concertista	es
concesible	es
concesivo	es
concha	es
conchabamiento	es
conchabanza	es
conchabar	es
conchero	es
concho	es
conchudo	es
conchuela	es
conciencia	es
concienciar	es
concienzudamente	es
concienzudo	es
concierna	es
conciernan	es
concierne	es
conciernen	es
concierto	es
conciliable	es
conciliador	es
conciliar	es
conciliatorio	es
concionar	es
concipiente	es
concisión	es
conciso	es
concitar	es
conclavista	es
concluir	es
conclusa	es
conclusión	es
concluso	es
concluyente	es
concoide	es
concoideo	es
concomer	es
concomitancia	es
concomitante	es
concomitantemente	es
concordador	es
concordancia	es
concordante	es
concordar	es
concordatario	es
concordativo	es
concordato	es
concorde	es
concordia	es
concreado	es
concrecionar	es
concreción	es
concrescencia	es
concretamente	es
concretar	es
concretizar	es
concreto	es
concubina	es
concubinato	es
concuerda	es
conculcador	es
conculcar	es
concupiscencia	es
concupiscente	es
concupiscible	es
concurrencia	es
concurrente	es
concurrido	es
concurrir	es
concursante	es
concursar	es
concéntricamente	es
concéntrico	es
concúbito	es
condal	es
conde	es
condecir	es
condecorar	es
condena	es
condenadamente	es
condenado	es
condenador	es
condenar	es
condenatorio	es
condensabilidad	es
condensación	es
condensador	es
condensar	es
condensativo	es
condesar	es
condescender	es
condescendiente	es
condestable	es
condestablesa	es
condicho	es
condicionada	es
condicionado	es
condicional	es
condicionalmente	es
condicionamiento	es
condicionante	es
condicionar	es
condición	es
condimentar	es
condimento	es
condolecer	es
condoler	es
condonar	es
condotiero	es
condrila	es
condritis	es
condroma	es
conducción	es
conducencia	es
conducente	es
conducho	es
conducir	es
conducta	es
conductible	es
conducticio	es
conductividad	es
conducto	es
conductor	es
condumio	es
condurar	es
condón	es
conectar	es
conectividad	es
conectivo	es
conector	es
coneja	es
conejar	es
conejero	es
conejillo	es
conejito	es
conejo	es
conejuna	es
conejuno	es
conexa	es
conexionar	es
conexión	es
conexo	es
confabular	es
confalonier	es
confaloniero	es
confeccionador	es
confeccionar	es
confección	es
confederado	es
confederar	es
conferencia	es
conferenciante	es
conferenciar	es
conferir	es
confesa	es
confesable	es
confesado	es
confesante	es
confesar	es
confesional	es
confesionalidad	es
confesionario	es
confesionista	es
confesión	es
confeso	es
confesonario	es
confesor	es
confesorio	es
confeti	es
confiabilidad	es
confiada	es
confiadamente	es
confiado	es
confianza	es
confianzudo	es
confiar	es
conficionar	es
confidencia	es
confidencial	es
confidencialidad	es
confidencialmente	es
confidente	es
configurador	es
configurar	es
confinante	es
confinar	es
confirmación	es
confirmador	es
confirmar	es
confirmativo	es
confirmatorio	es
confiscación	es
confiscar	es
confiscatorio	es
confitado	es
confitar	es
confite	es
confitero	es
confitería	es
confitico	es
confitura	es
conflagración	es
conflagrar	es
conflictividad	es
conflictivo	es
conflicto	es
confluir	es
conformado	es
conformador	es
conformar	es
conforme	es
conformemente	es
conformidad	es
conformismo	es
conformista	es
confort	es
confortable	es
confortablemente	es
confortación	es
confortador	es
confortamiento	es
confortante	es
confortar	es
confortativo	es
confraternar	es
confraternizar	es
confricar	es
confrontación	es
confrontamiento	es
confrontar	es
confucianismo	es
confuciano	es
confucionismo	es
confucionista	es
confuir	es
confulgencia	es
confundible	es
confundidor	es
confundimiento	es
confundir	es
confusamente	es
confusionismo	es
confusionista	es
confuso	es
confutar	es
confín	es
conga	es
congelación	es
congelado	es
congelador	es
congelamiento	es
congelar	es
congeniar	es
congerie	es
congestionar	es
congestivo	es
congio	es
conglobar	es
conglomeración	es
conglomeradas	es
conglomerado	es
conglomerante	es
conglomerar	es
congloriar	es
conglutinar	es
congo	es
congoja	es
congojar	es
congojoso	es
congoleño	es
congolés	es
congosto	es
congraciador	es
congraciamiento	es
congraciar	es
congratulación	es
congratular	es
congregación	es
congregante	es
congregar	es
congresista	es
congreso	es
congrio	es
congrua	es
congruencia	es
congruente	es
congruo	es
congénere	es
congénito	es
conhortar	es
conicidad	es
coniforme	es
conil	es
conimbricense	es
conirrostro	es
conivalvo	es
coniza	es
conjetura	es
conjetural	es
conjeturar	es
conjugación	es
conjugado	es
conjugar	es
conjunción	es
conjuntamente	es
conjuntar	es
conjuntiva	es
conjuntivitis	es
conjuntivo	es
conjunto	es
conjuración	es
conjuramentar	es
conjurar	es
conllevar	es
conllorar	es
conloar	es
conmemoración	es
conmemorar	es
conmemoratorio	es
conmensurabilidad	es
conmensurable	es
conmensurar	es
conmensurativo	es
conmigo	es
conminar	es
conminativo	es
conminatorio	es
conmiserativo	es
conmocionar	es
conmover	es
conmutabilidad	es
conmutable	es
conmutador	es
conmutar	es
conmutativo	es
connaturalizar	es
connaturalmente	es
connivencia	es
connivente	es
connotar	es
connotativo	es
connumerar	es
cono	es
conocedor	es
conocer	es
conocible	es
conocida	es
conocidamente	es
conocido	es
conocimiento	es
conoidal	es
conoide	es
conoideo	es
conque	es
conquense	es
conquerir	es
conquiforme	es
conquista	es
conquistable	es
conquistador	es
conquistar	es
conrear	es
consaburense	es
consagración	es
consagrar	es
consagratorio	es
consanguinidad	es
consciencia	es
consciente	es
conscientemente	es
consecución	es
consecuencia	es
consecuente	es
consecuentemente	es
consecutivamente	es
consecutivo	es
conseguir	es
conseja	es
consejar	es
consejero	es
consejería	es
consejo	es
consenso	es
consensuar	es
consentidor	es
consentir	es
conserje	es
conserjería	es
conserva	es
conservación	es
conservador	es
conservadurismo	es
conservante	es
conservar	es
conservativo	es
conservatorio	es
conservero	es
considerablemente	es
consideración	es
considerada	es
considerado	es
considerando	es
considerar	es
consiervo	es
consigna	es
consignación	es
consignador	es
consignar	es
consignatario	es
consignativo	es
consigo	es
consiguiente	es
consiguientemente	es
consiliario	es
consistencia	es
consistente	es
consistentemente	es
consistir	es
consistorial	es
consistorialmente	es
consistorio	es
consograr	es
consola	es
consolable	es
consolación	es
consolador	es
consolar	es
consolativo	es
consolatorio	es
consoldar	es
consolidación	es
consolidada	es
consolidar	es
consomé	es
consonancia	es
consonante	es
consonantismo	es
consonantizar	es
consonar	es
consorcio	es
consorte	es
conspicuo	es
conspiración	es
conspirador	es
conspirar	es
conspirativo	es
conspiratorio	es
constancia	es
constanciense	es
constante	es
constantemente	es
constantinopolitano	es
constar	es
constatación	es
constatar	es
constelación	es
constelar	es
consternación	es
consternar	es
constipar	es
constitucional	es
constitucionalidad	es
constitucionalismo	es
constitucionalista	es
constitucionalmente	es
constitución	es
constituidor	es
constituir	es
constitutivo	es
constituyente	es
constreñir	es
constricción	es
constrictivo	es
constrictor	es
constringente	es
constringir	es
constriñir	es
construcción	es
constructiva	es
constructivismo	es
constructivo	es
constructo	es
constructor	es
construir	es
consubstancialidad	es
consuelo	es
consuetudinario	es
consulado	es
consular	es
consulesa	es
consulta	es
consultante	es
consultar	es
consultivo	es
consultor	es
consultorio	es
consultoría	es
consumación	es
consumadamente	es
consumado	es
consumar	es
consumativo	es
consumido	es
consumidor	es
consumimiento	es
consumir	es
consumismo	es
consumista	es
consunción	es
consuno	es
consustancialidad	es
contabilidad	es
contabilizar	es
contable	es
contactar	es
contadero	es
contado	es
contador	es
contaduría	es
contagiar	es
contagio	es
contagiosidad	es
contagioso	es
contaminación	es
contaminador	es
contaminante	es
contaminar	es
contante	es
contar	es
contecer	es
contemperar	es
contemplación	es
contemplar	es
contemplativo	es
contemporaneidad	es
contemporización	es
contemporizador	es
contemporizar	es
contemporáneamente	es
contemporáneo	es
contencioso	es
contención	es
contendedor	es
contender	es
contenedor	es
contener	es
contenido	es
contenta	es
contentadamente	es
contentadiza	es
contentadizo	es
contentamente	es
contentamiento	es
contentar	es
contentivo	es
contento	es
contentísimo	es
conteo	es
contera	es
contero	es
contestable	es
contestación	es
contestador	es
contestar	es
contestatario	es
contextual	es
contextualizado	es
contextualizar	es
contextuar	es
contigo	es
contiguamente	es
contiguo	es
contigüidad	es
continencia	es
continental	es
continente	es
contingencia	es
contingentar	es
contingente	es
continua	es
continuación	es
continuadamente	es
continuado	es
continuador	es
continuamente	es
continuar	es
continuativo	es
continuidad	es
continuista	es
continuo	es
contonear	es
contorcer	es
contornar	es
contornear	es
contorsionar	es
contorsionista	es
contra	es
contraalmirante	es
contraatacar	es
contraataque	es
contrabajista	es
contrabajo	es
contrabalancear	es
contrabalanza	es
contrabandear	es
contrabandista	es
contrabando	es
contrabarrera	es
contrabatir	es
contrabolina	es
contrabranque	es
contrabraza	es
contracambio	es
contracancha	es
contracarta	es
contrachapado	es
contracifra	es
contraclave	es
contracodaste	es
contracorriente	es
contracosta	es
contractivo	es
contractual	es
contractura	es
contracultura	es
contradanza	es
contradecir	es
contradicción	es
contradicho	es
contradictor	es
contradictoria	es
contradictorio	es
contradique	es
contradriza	es
contradurmiente	es
contraelectromotriz	es
contraemboscada	es
contraembozo	es
contraenvite	es
contraer	es
contraescarpa	es
contraescota	es
contraescritura	es
contrafacer	es
contrafallar	es
contrafigura	es
contrafilo	es
contrafuerte	es
contragolpe	es
contraguardia	es
contraguerrilla	es
contraguía	es
contrahacer	es
contrahaz	es
contrahecho	es
contrahechura	es
contrahierba	es
contrahilera	es
contrahuella	es
contraindicante	es
contraindicar	es
contrallar	es
contralmirante	es
contralor	es
contralorear	es
contralto	es
contraluz	es
contramaestre	es
contramalla	es
contramalladura	es
contramallar	es
contramandar	es
contramandato	es
contramangas	es
contramano	es
contramarca	es
contramarcar	es
contramarchar	es
contramarea	es
contramatar	es
contramesana	es
contraminar	es
contramuelle	es
contramuralla	es
contramuro	es
contranatural	es
contranota	es
contraofensiva	es
contraorden	es
contrapartida	es
contrapasamiento	es
contrapasar	es
contrapear	es
contrapechar	es
contrapelear	es
contrapelo	es
contrapesar	es
contrapeso	es
contrapeste	es
contrapilastra	es
contraponedor	es
contraponer	es
contraportada	es
contraposición	es
contrapotenzado	es
contrapozo	es
contraprestación	es
contraprincipio	es
contraproducente	es
contraprueba	es
contrapuerta	es
contrapuesto	es
contrapugnar	es
contrapuntante	es
contrapuntar	es
contrapuntear	es
contrapunteo	es
contrapuntista	es
contrapunto	es
contrapunzar	es
contrapón	es
contraquilla	es
contrariamente	es
contrariar	es
contrariedad	es
contrario	es
contrarregistro	es
contrarreguera	es
contrarreloj	es
contrarrelojista	es
contrarrestar	es
contrarresto	es
contrarrevolucionario	es
contrarrevolución	es
contrarroda	es
contrarronda	es
contrarrotura	es
contraseguro	es
contrasellar	es
contrasentido	es
contraseña	es
contraseñar	es
contrastable	es
contrastante	es
contrastar	es
contraste	es
contratación	es
contratapa	es
contratar	es
contratela	es
contratiempo	es
contratista	es
contratorpedero	es
contratrinchera	es
contravalación	es
contravalar	es
contravalor	es
contravapor	es
contravención	es
contraveneno	es
contravenir	es
contraventana	es
contraventura	es
contravidriera	es
contravoluta	es
contravén	es
contray	es
contrayente	es
contraír	es
contremecer	es
contribución	es
contribuidor	es
contribuir	es
contribular	es
contributivo	es
contribuyente	es
contrición	es
contrincante	es
contristar	es
contrita	es
contrito	es
control	es
controlable	es
controlador	es
controlar	es
controversia	es
controversista	es
controvertible	es
controvertido	es
controvertir	es
contráctil	es
contráis	es
contubernio	es
contumacia	es
contumaz	es
contumazmente	es
contumelia	es
contumelioso	es
contundencia	es
contundir	es
conturbar	es
contusionar	es
contusión	es
contuso	es
conurbación	es
convalecencia	es
convalecer	es
convaleciente	es
convalidar	es
convección	es
convencer	es
convencional	es
convencionalismo	es
convencionalmente	es
convención	es
convenible	es
convenido	es
conveniencia	es
conveniente	es
convenientemente	es
convenio	es
convenir	es
conventico	es
convento	es
conventual	es
conventualidad	es
convergencia	es
convergente	es
converger	es
convergir	es
conversable	es
conversacional	es
conversación	es
conversador	es
conversar	es
converso	es
convertible	es
convertidor	es
convertir	es
convexa	es
convexidad	es
convexo	es
convicción	es
convicto	es
convictor	es
convictorio	es
convidado	es
convidador	es
convidar	es
convincente	es
convincentemente	es
convite	es
conviviente	es
convivio	es
convivir	es
convocador	es
convocante	es
convocar	es
convocatoria	es
convocatorio	es
convolar	es
convolución	es
convolvulácea	es
convolvuláceo	es
convoy	es
convoyar	es
convulsionante	es
convulsionar	es
convulsivamente	es
convulsivo	es
convulsión	es
convulso	es
convén	es
conyugal	es
conífera	es
conífero	es
cook	es
cooperante	es
cooperar	es
cooperario	es
cooperativa	es
cooperativamente	es
cooperativismo	es
cooperativista	es
cooperativo	es
cooptar	es
coord	es
coordinación	es
coordinadamente	es
coordinado	es
coordinador	es
coordinamiento	es
coordinante	es
coordinar	es
copa	es
copaiba	es
copar	es
coparentalidad	es
copartidario	es
copartícipe	es
copayero	es
copear	es
copela	es
copelación	es
copelar	es
copero	es
copete	es
copia	es
copiador	es
copiar	es
copilador	es
copilar	es
copiloto	es
copiosamente	es
copiosidad	es
copioso	es
copista	es
copla	es
coplear	es
coplero	es
coplista	es
coplona	es
copo	es
coposesor	es
coproducir	es
coproductor	es
coprolito	es
coprológico	es
copropiedad	es
copropietario	es
copto	es
copudo	es
copular	es
copulativo	es
copyright	es
copón	es
coque	es
coquetear	es
coquetería	es
coquetismo	es
coqueto	es
coquilla	es
coquina	es
coquinero	es
coquizar	es
coracero	es
coraje	es
corajina	es
corajudo	es
coral	es
coralario	es
coralillo	es
coralina	es
coralino	es
corambre	es
coraza	es
corazonada	es
corazoncillo	es
corazón	es
corbata	es
corbatero	es
corbato	es
corbatín	es
corbeta	es
corcar	es
corcel	es
corchar	es
corchea	es
corchero	es
corcheta	es
corchetada	es
corchete	es
corcho	es
corchoso	es
corcino	es
corcova	es
corcovado	es
corcovar	es
corcovear	es
corcusir	es
corda	es
cordada	es
cordaje	es
cordal	es
cordel	es
cordelar	es
cordelejo	es
cordelero	es
cordelería	es
cordellate	es
cordera	es
corderina	es
corderino	es
cordero	es
cordería	es
cordial	es
cordialidad	es
cordialmente	es
cordiforme	es
cordillera	es
cordillerano	es
cordilo	es
cordobán	es
cordobés	es
cordoncillo	es
cordonero	es
cordubense	es
cordula	es
cordura	es
cordón	es
corea	es
coreano	es
corear	es
coreografiar	es
coreográfico	es
corezuelo	es
coria	es
corimbo	es
corindón	es
corintio	es
corinto	es
corion	es
corista	es
coriza	es
coriáceo	es
corlar	es
corlear	es
cornada	es
cornadura	es
cornalina	es
cornamenta	es
cornamusa	es
cornatillo	es
corneador	es
cornear	es
corneja	es
cornejo	es
cornellá	es
cornero	es
corneta	es
cornete	es
cornetilla	es
cornetín	es
cornezuelo	es
cornicabra	es
cornisa	es
cornisamento	es
cornisamiento	es
cornista	es
corniveleto	es
cornizo	es
corno	es
cornucopia	es
cornudilla	es
cornudo	es
cornuto	es
cornígero	es
coro	es
coroides	es
corojo	es
corola	es
corolario	es
coroliflora	es
corona	es
coronación	es
coronada	es
coronado	es
coronador	es
coronal	es
coronamiento	es
coronar	es
coronaria	es
coronario	es
coronavirus	es
corondel	es
coroneja	es
coronel	es
coronela	es
coronio	es
coroza	es
corozo	es
corpachón	es
corpiño	es
corporación	es
corporal	es
corporalidad	es
corporalmente	es
corporativamente	es
corporativismo	es
corporativo	es
corporeidad	es
corporeizar	es
corporificar	es
corporizar	es
corps	es
corpulencia	es
corpulento	es
corpus	es
corpuscular	es
corpusculista	es
corpórea	es
corpóreo	es
corpúsculo	es
corra	es
corral	es
corraliza	es
correar	es
correccional	es
correccionalismo	es
correccionalista	es
correccionalmente	es
corrección	es
correcta	es
correctamente	es
correctivo	es
correcto	es
corredero	es
corredizo	es
corredor	es
corredura	es
correduría	es
corregibilidad	es
corregible	es
corregidor	es
corregir	es
correhuela	es
correlativamente	es
correlato	es
correligionario	es
correndilla	es
correntiar	es
correntino	es
correo	es
correoso	es
correr	es
correría	es
correspondencia	es
corresponder	es
correspondiente	es
correspondientemente	es
corresponsabilidad	es
corresponsable	es
corresponsal	es
corretaje	es
corretear	es
correveidile	es
correón	es
corrida	es
corrido	es
corriente	es
corrientemente	es
corrigendo	es
corrillero	es
corrimiento	es
corrincho	es
corro	es
corroborar	es
corroer	es
corromper	es
corrompidamente	es
corrosible	es
corrosiva	es
corrosivo	es
corrosión	es
corrozar	es
corruco	es
corrugar	es
corrupción	es
corrupia	es
corrupta	es
corruptamente	es
corruptela	es
corruptibilidad	es
corruptible	es
corruptivo	es
corrupto	es
corruptor	es
corsario	es
corsear	es
corselete	es
corsetero	es
corso	es
corsé	es
cortacallos	es
cortacigarros	es
cortacircuitos	es
cortacorriente	es
cortada	es
cortadamente	es
cortadillo	es
cortado	es
cortador	es
cortadura	es
cortafrío	es
cortafuego	es
cortamente	es
cortante	es
cortapapeles	es
cortapicos	es
cortapisa	es
cortaplumas	es
cortapuros	es
cortar	es
cortaviento	es
cortaúñas	es
corte	es
cortedad	es
cortejador	es
cortejar	es
cortejo	es
cortes	es
cortesana	es
cortesano	es
cortesanía	es
cortesía	es
cortesísimamente	es
corteza	es
cortical	es
corticoide	es
cortijada	es
cortijero	es
cortijo	es
cortina	es
cortinado	es
cortinaje	es
cortinal	es
cortinón	es
cortisona	es
cortisquear	es
corto	es
cortocircuitar	es
cortocircuito	es
cortometraje	es
cortoplacismo	es
cortoplacista	es
cortés	es
cortésmente	es
coruscar	es
coruña	es
corva	es
corvadura	es
corval	es
corvaza	es
corvejos	es
corvejón	es
corveta	es
corvetear	es
corvillo	es
corvina	es
corvinera	es
corvino	es
corvo	es
corza	es
corzo	es
corzuelo	es
corán	es
cosa	es
cosaco	es
cosario	es
coscar	es
coscoja	es
coscojal	es
coscojar	es
coscorrón	es
cosecante	es
cosecha	es
cosechador	es
cosechar	es
cosechero	es
cosedura	es
coselete	es
coseno	es
coser	es
cosetada	es
cosetano	es
cosetear	es
cosido	es
cosidura	es
cosificar	es
cosilla	es
coslada	es
cosmogonía	es
cosmografía	es
cosmología	es
cosmológico	es
cosmopolita	es
cosmopolitismo	es
cosmorama	es
cosmos	es
cosmovisión	es
cosmético	es
coso	es
cospel	es
cosquillar	es
cosquillas	es
cosquillear	es
cosquilloso	es
costa	es
costado	es
costal	es
costalada	es
costalero	es
costana	es
costanera	es
costanero	es
costar	es
costarricense	es
coste	es
costear	es
costero	es
costezuela	es
costeño	es
costillar	es
costiller	es
costo	es
costosamente	es
costoso	es
costra	es
costreñir	es
costribar	es
costringir	es
costriñir	es
costroso	es
costumbre	es
costumbrismo	es
costumbrista	es
costura	es
costurera	es
costurero	es
cota	es
cotana	es
cotangente	es
cotanza	es
cotarrera	es
cotear	es
cotejar	es
cotejo	es
cotidianamente	es
cotidianidad	es
cotidiano	es
cotila	es
cotilla	es
cotillas	es
cotillear	es
cotilleo	es
cotillo	es
cotillón	es
cotilo	es
cotización	es
cotizado	es
cotizar	es
coto	es
cotorra	es
cotorrear	es
cotorrera	es
coturno	es
coulomb	es
covacha	es
covalente	es
covid	es
coxa	es
coxal	es
coxis	es
coxquear	es
coy	es
coyote	es
coyunda	es
coyuntero	es
coyuntura	es
coyuntural	es
coz	es
coágulo	es
coín	es
coñac	es
coñear	es
coño	es
crac	es
crack	es
cracoviano	es
craneal	es
craneano	es
crapuloso	es
craquear	es
crasamente	es
crascitar	es
crasitud	es
craso	es
crasulácea	es
crasuláceo	es
cratera	es
crateriforme	es
crea	es
creable	es
creacionismo	es
creacionista	es
creación	es
creador	es
creados	es
crear	es
creativa	es
creatividad	es
creativo	es
crecedero	es
crecentar	es
crecer	es
crecida	es
crecido	es
crecidos	es
creciente	es
crecimiento	es
credencia	es
credencial	es
credenciero	es
credibilidad	es
crediticio	es
credo	es
credulidad	es
creencia	es
creer	es
crehuela	es
crema	es
cremación	es
cremallera	es
crematorio	es
cremoso	es
crencha	es
crenchar	es
creosotar	es
crepitación	es
crepitante	es
crepitar	es
crepuscular	es
crepúsculo	es
cresa	es
crespilla	es
crespina	es
crespo	es
crespón	es
cresta	es
crestado	es
crestudo	es
crestón	es
creta	es
cretense	es
cretinismo	es
cretino	es
cretona	es
cretáceo	es
crevillente	es
creyente	es
creyer	es
creíble	es
creído	es
criada	es
criadero	es
criado	es
criador	es
criais	es
criamiento	es
crianza	es
criar	es
criatura	es
criba	es
cribado	es
cribador	es
cribar	es
cribo	es
criboso	es
cric	es
cricket	es
cricoides	es
cridar	es
crie	es
crieis	es
crimen	es
criminal	es
criminalidad	es
criminalizar	es
criminalmente	es
criminar	es
criminoso	es
crin	es
crinar	es
crio	es
criogénesis	es
criolita	es
criollo	es
cripta	es
criptodivisa	es
criptografía	es
criptograma	es
criptográficamente	es
criptográfico	es
criptomoneda	es
criptógama	es
criptógamo	es
criptón	es
crisantema	es
crisantemo	es
crisis	es
crisma	es
crismar	es
crismera	es
crisocola	es
crisol	es
crisolar	es
crisopacio	es
crisopeya	es
crisoprasa	es
crispación	es
crispamiento	es
crispar	es
crispatura	es
crispir	es
crista	es
cristal	es
cristalero	es
cristalería	es
cristalinamente	es
cristalino	es
cristalizable	es
cristalización	es
cristalizado	es
cristalizar	es
cristalografía	es
cristalográfico	es
cristaloide	es
cristaloideo	es
cristian	es
cristiana	es
cristianamente	es
cristianar	es
cristiandad	es
cristianismo	es
cristianización	es
cristianizar	es
cristiano	es
cristina	es
cristino	es
cristo	es
cristóbal	es
crisálida	es
crisólito	es
criterio	es
criticador	es
criticar	es
criticastro	es
criticidad	es
criticismo	es
criticón	es
critiquizar	es
croacia	es
croar	es
croata	es
crocante	es
crocitar	es
crocodilo	es
crol	es
cromar	es
cromatina	es
cromatismo	es
cromatografía	es
cromita	es
cromo	es
cromodinámica	es
cromodinámico	es
cromolitografiar	es
cromosfera	es
cromosoma	es
cromosómico	es
cromotipia	es
cromática	es
cromático	es
cromóforo	es
cron	es
cronicidad	es
cronicismo	es
cronista	es
crono	es
cronograma	es
cronologista	es
cronología	es
cronológicamente	es
cronológico	es
cronometrador	es
cronometraje	es
cronometrar	es
cronólogo	es
cronómetro	es
croqueta	es
croquis	es
croscitar	es
cross	es
crotorar	es
cruasán	es
cruce	es
crucera	es
crucero	es
cruces	es
cruceta	es
crucial	es
cruciata	es
crucificado	es
crucificar	es
crucifijo	es
crucifixión	es
crucifixor	es
cruciforme	es
crucigrama	es
crucífero	es
cruda	es
crudamente	es
crudelísimo	es
crudeza	es
crudillo	es
crudo	es
cruel	es
crueldad	es
cruelmente	es
cruenta	es
cruentamente	es
cruentar	es
cruento	es
crujidero	es
crujiente	es
crujir	es
crujía	es
crup	es
crupier	es
crustáceo	es
cruz	es
cruzada	es
cruzado	es
cruzamiento	es
cruzar	es
cráneo	es
crápula	es
cráter	es
crátera	es
crédito	es
crédula	es
crédulo	es
cría	es
crío	es
crítica	es
críticamente	es
crítico	es
crómico	es
crónica	es
crónico	es
crótalo	es
cta	es
cte	es
ctvo	es
cu	es
cuaderna	es
cuadernal	es
cuaderno	es
cuadra	es
cuadrada	es
cuadradillo	es
cuadrado	es
cuadragenario	es
cuadragesimal	es
cuadragesimoctavo	es
cuadragesimocuarto	es
cuadragesimonono	es
cuadragesimonoveno	es
cuadragesimoprimero	es
cuadragesimoquinto	es
cuadragesimosegundo	es
cuadragesimosexto	es
cuadragesimoséptimo	es
cuadragesimotercero	es
cuadragésimo	es
cuadral	es
cuadrangular	es
cuadrantal	es
cuadrante	es
cuadranura	es
cuadrar	es
cuadratura	es
cuadricular	es
cuadriforme	es
cuadriga	es
cuadrigato	es
cuadriguero	es
cuadril	es
cuadriliteral	es
cuadrillero	es
cuadrillo	es
cuadrilongo	es
cuadrilátero	es
cuadrilítero	es
cuadrimestre	es
cuadringentésimo	es
cuadrinieto	es
cuadrinomio	es
cuadriplicar	es
cuadrivio	es
cuadro	es
cuadropea	es
cuadros	es
cuadrumano	es
cuadrupedal	es
cuadrupedante	es
cuadruplicar	es
cuadrángulo	es
cuadrático	es
cuadrícula	es
cuadrúpedo	es
cuajada	es
cuajadillo	es
cuajado	es
cuajadura	es
cuajaleche	es
cuajamiento	es
cuajar	es
cuajo	es
cual	es
cualesquier	es
cualesquiera	es
cualidad	es
cualificación	es
cualificado	es
cualificar	es
cualitativamente	es
cualitativo	es
cualquier	es
cualquiera	es
cuan	es
cuando	es
cuantiar	es
cuantificable	es
cuantificación	es
cuantificador	es
cuantificadora	es
cuantificar	es
cuantioso	es
cuantitativo	es
cuantización	es
cuantizar	es
cuanto	es
cuantía	es
cuaquerismo	es
cuarcita	es
cuarenta	es
cuarentavo	es
cuarenteno	es
cuarentón	es
cuaresma	es
cuaresmal	es
cuaresmar	es
cuaresmario	es
cuark	es
cuart	es
cuarta	es
cuartago	es
cuartal	es
cuartana	es
cuartar	es
cuarteador	es
cuartear	es
cuartel	es
cuartelada	es
cuartelar	es
cuartelero	es
cuartera	es
cuarterada	es
cuartero	es
cuarterón	es
cuarteta	es
cuarteto	es
cuartillo	es
cuarto	es
cuartucho	es
cuartón	es
cuarzo	es
cuarzoso	es
cuasi	es
cuasicontrato	es
cuasidelito	es
cuasimodo	es
cuaterna	es
cuaternario	es
cuaternidad	es
cuaterno	es
cuatralbo	es
cuatrero	es
cuatrienal	es
cuatrienio	es
cuatrimestral	es
cuatrimestre	es
cuatrimotor	es
cuatro	es
cuatrocentista	es
cuatrocientas	es
cuatrocientos	es
cuatrodoblar	es
cuatropea	es
cuba	es
cubalibre	es
cubano	es
cubata	es
cubero	es
cubertería	es
cubertura	es
cubeta	es
cubeto	es
cubicar	es
cubierta	es
cubierto	es
cubijar	es
cubil	es
cubilar	es
cubilete	es
cubiletear	es
cubiletero	es
cubilote	es
cubismo	es
cubista	es
cubital	es
cubitera	es
cubito	es
cubo	es
cuboides	es
cubrecadena	es
cubrecama	es
cubrenuca	es
cubreobjeto	es
cubrimiento	es
cubrir	es
cubículo	es
cuca	es
cucamonas	es
cucar	es
cucaracha	es
cucarachera	es
cucaña	es
cuchar	es
cuchara	es
cucharada	es
cucharadita	es
cucharear	es
cucharero	es
cuchareta	es
cucharetear	es
cucharetero	es
cucharrena	es
cucharro	es
cucharón	es
cucheta	es
cuchichear	es
cuchichiar	es
cuchilla	es
cuchillada	es
cuchillar	es
cuchillero	es
cuchillo	es
cuchipanda	es
cuchitril	es
cuchuchear	es
cuchufleta	es
cuchufletero	es
cuché	es
cuclillas	es
cuclillo	es
cuco	es
cuculla	es
cucurbitácea	es
cucurbitáceo	es
cucurucho	es
cueca	es
cuelga	es
cuelgacapas	es
cuelgue	es
cuellicorto	es
cuello	es
cuenca	es
cuenco	es
cuenda	es
cuenta	es
cuentacuentos	es
cuentagotas	es
cuentakilómetros	es
cuentapasos	es
cuentero	es
cuentista	es
cuento	es
cuera	es
cuerda	es
cuerdamente	es
cuerdo	es
cuerezuelo	es
cuerna	es
cuerno	es
cuero	es
cuerpo	es
cuerva	es
cuervera	es
cuervo	es
cuesco	es
cuesta	es
cuestionable	es
cuestionablemente	es
cuestionamiento	es
cuestionar	es
cuestionario	es
cuestión	es
cuestor	es
cueva	es
cuevero	es
cueza	es
cuezo	es
cugat	es
cuida	es
cuidadamente	es
cuidado	es
cuidador	es
cuidadosamente	es
cuidadoso	es
cuidar	es
cuis	es
cuita	es
cuitada	es
cuitado	es
cuja	es
culada	es
culata	es
culatazo	es
culebra	es
culebrazo	es
culebrear	es
culebrera	es
culebrina	es
culebrón	es
culero	es
culinaria	es
culinario	es
culinegro	es
cullera	es
culleredo	es
culmen	es
culminación	es
culminante	es
culminar	es
culo	es
culombio	es
culote	es
culpa	es
culpabilidad	es
culpabilizar	es
culpable	es
culpablemente	es
culpada	es
culpado	es
culpar	es
culposo	es
culta	es
cultamente	es
culteranismo	es
culterano	es
cultero	es
cultiparlar	es
cultiparlista	es
cultismo	es
cultivable	es
cultivado	es
cultivador	es
cultivar	es
cultivo	es
culto	es
cultor	es
cultual	es
cultura	es
cultural	es
culturalmente	es
culturar	es
cultureta	es
culturismo	es
culturizar	es
cumanagoto	es
cumbia	es
cumbre	es
cumpleañero	es
cumpleaños	es
cumplida	es
cumplidamente	es
cumplidero	es
cumplido	es
cumplidor	es
cumplimentación	es
cumplimentar	es
cumplimentero	es
cumplimiento	es
cumplir	es
cuna	es
cunar	es
cunchus	es
cundido	es
cundir	es
cunear	es
cuneiforme	es
cunero	es
cuneta	es
cunicultor	es
cunicultura	es
cunita	es
cuota	es
cupido	es
cupo	es
cupresino	es
cuproso	es
cuprífero	es
cupulino	es
cupé	es
cupón	es
cuquera	es
cuquero	es
cura	es
curable	es
curación	es
curadillo	es
curado	es
curador	es
cural	es
curalotodo	es
curandero	es
curar	es
curasao	es
curativa	es
curativo	es
curato	es
curazao	es
curbaril	es
curda	es
curdo	es
cureña	es
curia	es
curial	es
curialesco	es
curiana	es
curiar	es
curie	es
curio	es
curiosa	es
curiosamente	es
curiosear	es
curiosidad	es
curioso	es
currar	es
curricular	es
curro	es
curruca	es
currutaco	es
curry	es
currículo	es
currículum	es
cursado	es
cursar	es
cursi	es
cursilada	es
cursillista	es
cursillo	es
cursiva	es
curso	es
cursor	es
curtidamente	es
curtido	es
curtidor	es
curtiente	es
curtimiento	es
curtir	es
curva	es
curvado	es
curvar	es
curvatura	es
curvidad	es
curvilíneo	es
curvo	es
cuscurro	es
cuscuta	es
cusir	es
custodia	es
custodiar	es
custodio	es
custrir	es
cuticular	es
cutidero	es
cutir	es
cutis	es
cutral	es
cutre	es
cutrez	es
cutánea	es
cutáneo	es
cutícula	es
cuyaes	es
cuyo	es
cuz	es
cuzco	es
cuádriceps	es
cuádruple	es
cuál	es
cuán	es
cuándo	es
cuánticamente	es
cuántico	es
cuánto	es
cuáquero	es
cuásar	es
cuévano	es
cuña	es
cuñado	es
cuñar	es
cuño	es
cábala	es
cáceres	es
cádiz	es
cáfila	es
cálamo	es
cálcico	es
cálculo	es
cálido	es
cáliz	es
cámara	es
cámaro	es
cámbaro	es
cámbrica	es
cámbrico	es
cáncamo	es
cáncer	es
cándidamente	es
cándido	es
cánido	es
cánones	es
cántabro	es
cántara	es
cántaro	es
cántico	es
cántiga	es
cánula	es
cápita	es
cápsula	es
cárabo	es
cárcamo	es
cárcava	es
cárcavo	es
cárcel	es
cárcola	es
cárdeno	es
cárnico	es
cártama	es
cártel	es
cárter	es
cáscara	es
cáspita	es
cátedra	es
cátodo	es
cáustica	es
cáustico	es
cáñamo	es
cédride	es
cédula	es
céfiro	es
célebre	es
célebremente	es
célibe	es
céltico	es
célula	es
cént	es
céntimo	es
céntrico	es
céreo	es
cérvido	es
césar	es
césped	es
céspede	es
cía	es
cíborg	es
cícero	es
cíclico	es
cíclope	es
címbalo	es
címbrico	es
cíngulo	es
cínicamente	es
cínico	es
cínife	es
círculo	es
cístico	es
cítara	es
cítola	es
cítrico	es
cívicamente	es
cívico	es
cóccix	es
cóctel	es
cód	es
códice	es
código	es
cólera	es
cólica	es
cólico	es
cólquico	es
cómic	es
cómicamente	es
cómico	es
cómitre	es
cómo	es
cómoda	es
cómodamente	es
cómodo	es
cómplice	es
cómputo	es
cóncava	es
cóncavo	es
cónclave	es
cóndor	es
cónica	es
cónico	es
cónsul	es
cónyuge	es
cópula	es
córcholis	es
córdoba	es
córnea	es
córneo	es
córtale	es
córtex	es
cósmico	es
cúbica	es
cúbico	es
cúes	es
cúmulo	es
cúprico	es
cúpula	es
cúrcuma	es
cúspide	es
d	es
da	es
daba	es
dabais	es
daban	es
dabas	es
dable	es
daca	es
dacio	es
dactilar	es
dactilarmente	es
dactiloscopia	es
dad	es
dada	es
dadas	es
dadivar	es
dadivosidad	es
dadivoso	es
dadle	es
dadles	es
dadme	es
dado	es
dador	es
dados	es
daga	es
daguerrotipar	es
daguerrotipia	es
dais	es
dala	es
dalas	es
dale	es
dales	es
dalia	es
dalla	es
dallador	es
dallar	es
dalle	es
dalo	es
dalos	es
daltoniano	es
daltonismo	es
daltónico	es
dama	es
damaceno	es
damajuana	es
damasceno	es
damasco	es
damasina	es
damasquinar	es
dame	es
damisela	es
damnificador	es
damnificar	es
damos	es
dan	es
dance	es
dandi	es
dando	es
danes	es
daniel	es
danos	es
dante	es
dantescamente	es
dantesco	es
danza	es
danzado	es
danzador	es
danzante	es
danzar	es
danzarín	es
danés	es
daos	es
dar	es
dardanio	es
dardo	es
daremos	es
dares	es
darla	es
darlas	es
darle	es
darles	es
darlo	es
darlos	es
darme	es
darnos	es
daros	es
darse	es
darte	es
darussalam	es
darwin	es
darwiniano	es
darwinismo	es
dará	es
darán	es
darás	es
daré	es
daréis	es
daría	es
daríais	es
daríamos	es
darían	es
darías	es
das	es
dasocracia	es
data	es
datación	es
datar	es
datario	es
dataría	es
date	es
datilera	es
dativa	es
dativo	es
dato	es
datáfono	es
davalar	es
david	es
dañado	es
dañar	es
dañino	es
daño	es
dañoso	es
dcho	es
de	es
deambular	es
deambulatorio	es
deanato	es
debacle	es
debajo	es
debandar	es
debatir	es
debe	es
debelar	es
deber	es
debidamente	es
debido	es
debilidad	es
debilitación	es
debilitamiento	es
debilitante	es
debilitar	es
debla	es
debrocar	es
debruzar	es
debut	es
debutante	es
debutar	es
debutes	es
decadencia	es
decadentismo	es
decadentista	es
decaer	es
decagramo	es
decalcificar	es
decalitro	es
decalvar	es
decampar	es
decanato	es
decano	es
decantador	es
decantar	es
decapar	es
decapitación	es
decapitar	es
decasílaba	es
decasílabo	es
decebir	es
decena	es
decencia	es
decender	es
decenio	es
decentar	es
decente	es
decentemente	es
decepar	es
decepcionante	es
decepcionar	es
decepción	es
decercar	es
decernir	es
deceso	es
dechado	es
decibelio	es
decible	es
decididamente	es
decidido	es
decidir	es
decidle	es
decidles	es
decidme	es
decidnos	es
decidor	es
decigramo	es
decilitro	es
decimal	es
decimalmente	es
decimoctavo	es
decimocuarto	es
decimonono	es
decimonoveno	es
decimonónico	es
decimoprimero	es
decimoquinto	es
decimosegundo	es
decimosexto	es
decimoséptimo	es
decimotercero	es
decimotercio	es
decir	es
decisivamente	es
decisivo	es
decisión	es
decisorio	es
declamación	es
declamador	es
declamar	es
declamatorio	es
declarable	es
declaración	es
declaradamente	es
declarado	es
declarador	es
declarante	es
declarar	es
declarativo	es
declaratorio	es
declinable	es
declinación	es
declinante	es
declinar	es
declinatoria	es
declinatorio	es
declive	es
declividad	es
decodificación	es
decodificar	es
decolgar	es
decomisar	es
deconstruir	es
decoración	es
decorado	es
decorador	es
decorar	es
decorativamente	es
decorativo	es
decoro	es
decorosamente	es
decoroso	es
decorrerse	es
decorticar	es
decrecer	es
decremento	es
decrepitar	es
decrepitud	es
decretar	es
decretista	es
decreto	es
decretorio	es
decrépito	es
decumbente	es
decuplar	es
decuplicar	es
decuriato	es
decurionato	es
decurión	es
decusata	es
decálogo	es
decápodo	es
decímetro	es
decíos	es
dedal	es
dedalera	es
dedicación	es
dedicadamente	es
dedicar	es
dedicativo	es
dedicatoria	es
dedicatorio	es
dedignar	es
dedil	es
dedillo	es
dedolar	es
deducción	es
deducir	es
deductivamente	es
defamar	es
defecación	es
defecador	es
defecar	es
defección	es
defectibilidad	es
defectible	es
defectivo	es
defectuoso	es
defendedor	es
defender	es
defendible	es
defendido	es
defenestrar	es
defensa	es
defensar	es
defensivo	es
defensor	es
defensorio	es
deferencia	es
defiar	es
deficitario	es
definible	es
definición	es
definido	es
definidor	es
definir	es
definitiva	es
definitivamente	es
definitivo	es
definitorio	es
deflación	es
deflagración	es
deflagrador	es
deflagrante	es
deflagrar	es
deflegmar	es
deflexión	es
defoliación	es
defondonar	es
deforestación	es
deforestar	es
deformable	es
deformar	es
deformatorio	es
deforme	es
deformidad	es
defraudación	es
defraudador	es
defraudar	es
defuir	es
degenerante	es
degenerar	es
deglución	es
deglutir	es
degollación	es
degolladero	es
degollado	es
degollador	es
degolladura	es
degollar	es
degradada	es
degradante	es
degradar	es
degustar	es
degüella	es
degüello	es
dehender	es
dehesa	es
dehesar	es
dehiscencia	es
dehiscente	es
dehortar	es
deicida	es
deicidio	es
deidad	es
deificación	es
deificar	es
deiforme	es
deis	es
deitano	es
deixis	es
deja	es
dejación	es
dejada	es
dejado	es
dejamiento	es
dejar	es
dejarretar	es
dejemplar	es
dejo	es
dejugar	es
del	es
dela	es
delación	es
delantal	es
delante	es
delantero	es
delas	es
delatador	es
delatar	es
delator	es
delaxar	es
dele	es
deleble	es
delectación	es
delegación	es
delegado	es
delegar	es
delegatorio	es
deleitamiento	es
deleitar	es
deleite	es
deleitoso	es
delejar	es
deles	es
deletreador	es
deletrear	es
deletreo	es
deletéreo	es
deleznable	es
delfina	es
delfín	es
delga	es
delgadamente	es
delgadez	es
delgado	es
delgaducho	es
delgazar	es
deliberada	es
deliberadamente	es
deliberado	es
deliberante	es
deliberar	es
deliberativo	es
delibrar	es
delicada	es
delicadamente	es
delicadez	es
delicado	es
delicaducho	es
delicatessen	es
delicia	es
deliciarse	es
deliciosamente	es
delicioso	es
delictivo	es
delicuescente	es
delimitador	es
delimitar	es
delincuencia	es
delincuente	es
delineación	es
delineador	es
delineante	es
delinear	es
delinquimiento	es
delinquir	es
delio	es
delirante	es
delirar	es
delirio	es
delito	es
deliñar	es
delo	es
delongar	es
delos	es
delta	es
deltoides	es
deludir	es
demacrar	es
demagogia	es
demagogo	es
demagógico	es
demandador	es
demandar	es
demanial	es
demarcación	es
demarcar	es
demarrar	es
demasiadamente	es
demasiado	es
deme	es
demencia	es
demencial	es
dementar	es
demente	es
demigar	es
demiurgo	es
demo	es
democracia	es
democratización	es
democratizar	es
democristiano	es
democráticamente	es
democrático	es
demografía	es
demográfico	es
demoler	es
demolición	es
demonche	es
demonio	es
demonización	es
demonizar	es
demonología	es
demonológico	es
demonomancia	es
demonstrar	es
demontre	es
demoníaco	es
demora	es
demorar	es
demos	es
demosofía	es
demostrable	es
demostración	es
demostrar	es
demostrativo	es
demudación	es
demudamiento	es
demudar	es
demulcir	es
demás	es
demócrata	es
demóstenes	es
den	es
denario	es
dendriforme	es
dendrita	es
dendroide	es
dendroideo	es
denegar	es
denegatorio	es
denegrido	es
denegrir	es
dengue	es
denia	es
denigrante	es
denigrar	es
denigrativo	es
denigratorio	es
denla	es
denlas	es
denle	es
denles	es
denlo	es
denlos	es
denme	es
dennos	es
denodado	es
denodar	es
denominación	es
denominador	es
denominar	es
denos	es
denostador	es
denostar	es
denostoso	es
denotar	es
denotativo	es
densa	es
densamente	es
densar	es
dense	es
densidad	es
densificar	es
denso	es
densímetro	es
dentada	es
dentado	es
dentadura	es
dental	es
dentar	es
dentario	es
dente	es
dentecer	es
dentellada	es
dentellado	es
dentellar	es
dentellear	es
dentezuelo	es
denticina	es
dentición	es
denticonejuno	es
denticulado	es
denticular	es
dentina	es
dentirrostro	es
dentista	es
dentivano	es
dentoalveolar	es
dentrambos	es
dentro	es
dentrotraer	es
dentudo	es
dentículo	es
dentífrico	es
dentón	es
denudar	es
denuedo	es
denuesto	es
denuncia	es
denunciador	es
denunciante	es
denunciar	es
denunciatorio	es
deodara	es
deontología	es
deparar	es
departamental	es
departamento	es
departidor	es
departir	es
depauperar	es
dependencia	es
depender	es
dependienta	es
dependiente	es
dependientes	es
depilación	es
depilar	es
depilatorio	es
deplorar	es
deponente	es
deponer	es
depopulador	es
deportación	es
deportar	es
deportista	es
deportiva	es
deportivamente	es
deportividad	es
deportivo	es
deposar	es
depositador	es
depositar	es
depositario	es
depositaría	es
depravación	es
depravado	es
depravador	es
depravar	es
deprecación	es
deprecante	es
deprecar	es
deprecativo	es
deprecatorio	es
depreciación	es
depreciar	es
depredación	es
depredar	es
deprehender	es
depresivo	es
depresor	es
deprimente	es
deprimido	es
deprimir	es
deprisa	es
depto	es
depuesto	es
depuración	es
depurador	es
depurar	es
depurativo	es
depuratorio	es
depón	es
der	es
derecha	es
derechamente	es
derechero	es
derechista	es
derechito	es
derecho	es
derechuelo	es
derechura	es
derelinquir	es
derezar	es
deriva	es
derivación	es
derivado	es
derivar	es
derivativo	es
dermalgia	es
dermatitis	es
dermatoesqueleto	es
dermatología	es
dermatosis	es
dermatólogo	es
dermesto	es
dermis	es
dermitis	es
derogador	es
derogar	es
derogatorio	es
derrabadura	es
derrabar	es
derraigar	es
derrama	es
derramado	es
derramador	es
derramamiento	es
derramar	es
derrame	es
derrancar	es
derranchar	es
derrapar	es
derrape	es
derraspado	es
derrelicto	es
derrelinquir	es
derrenegar	es
derrengado	es
derrengadura	es
derrengar	es
derretido	es
derretimiento	es
derretir	es
derribado	es
derribador	es
derribar	es
derribo	es
derriscar	es
derrocamiento	es
derrocar	es
derrochador	es
derrochar	es
derromper	es
derronchar	es
derrostrarse	es
derrota	es
derrotado	es
derrotar	es
derrotero	es
derrotismo	es
derrotista	es
derrubiar	es
derruir	es
derrumbadero	es
derrumbamiento	es
derrumbar	es
derviche	es
des	es
desabarrancar	es
desabastecer	es
desabatir	es
desabejar	es
desabollador	es
desabollar	es
desabonar	es
desaborar	es
desabordar	es
desaboridamente	es
desaborido	es
desabotonar	es
desabrid	es
desabrida	es
desabridamente	es
desabridas	es
desabrido	es
desabridos	es
desabriendo	es
desabriera	es
desabrierais	es
desabrieran	es
desabrieras	es
desabriere	es
desabriereis	es
desabrieren	es
desabrieres	es
desabrieron	es
desabriese	es
desabrieseis	es
desabriesen	es
desabrieses	es
desabrigar	es
desabrimos	es
desabrir	es
desabriremos	es
desabrirse	es
desabrirá	es
desabrirán	es
desabrirás	es
desabriré	es
desabriréis	es
desabriría	es
desabriríais	es
desabriríamos	es
desabrirían	es
desabrirías	es
desabriste	es
desabristeis	es
desabriéramos	es
desabriéremos	es
desabriésemos	es
desabrió	es
desabrochar	es
desabrí	es
desabría	es
desabríais	es
desabríamos	es
desabrían	es
desabrías	es
desabrís	es
desacalorar	es
desacantonar	es
desacatador	es
desacatar	es
desacato	es
desacedar	es
desaceitar	es
desaceleración	es
desacelerar	es
desacerar	es
desacerbar	es
desacertadamente	es
desacertar	es
desacobardar	es
desacollar	es
desacomodar	es
desacompañar	es
desaconsejadamente	es
desaconsejar	es
desacoplar	es
desacordadamente	es
desacordar	es
desacorralar	es
desacostumbradamente	es
desacostumbrar	es
desacotar	es
desacralizar	es
desacreditador	es
desacreditar	es
desacuartelar	es
desaderezar	es
desadeudar	es
desadorar	es
desadormecer	es
desadornar	es
desafear	es
desafeitar	es
desaferrar	es
desafiadero	es
desafiador	es
desafiante	es
desafiar	es
desafijar	es
desafilar	es
desafinar	es
desafiuciar	es
desafiuzar	es
desaforadamente	es
desaforado	es
desaforar	es
desaforrar	es
desafortunadamente	es
desafuciar	es
desafuero	es
desafío	es
desagarrar	es
desagotar	es
desagradablemente	es
desagradar	es
desagradecer	es
desagraviar	es
desagregar	es
desaguadero	es
desaguador	es
desaguar	es
desaguazar	es
desaguisado	es
desagüe	es
desahijar	es
desahitar	es
desahogadamente	es
desahogar	es
desahuciar	es
desahucio	es
desahumar	es
desainadura	es
desainar	es
desairadamente	es
desairado	es
desairar	es
desaislar	es
desajacarse	es
desajustar	es
desalabear	es
desalagar	es
desalar	es
desalbardar	es
desalentar	es
desalfombrar	es
desalforjar	es
desalhajar	es
desalinear	es
desaliñar	es
desalmadamente	es
desalmado	es
desalmamiento	es
desalmar	es
desalmenar	es
desalmidonar	es
desalojar	es
desalquilar	es
desalterar	es
desalumbradamente	es
desamarrar	es
desamartelar	es
desamasado	es
desambiguar	es
desamistar	es
desamoblar	es
desamontonar	es
desamor	es
desamorar	es
desamorrar	es
desamortizador	es
desamortizar	es
desamotinar	es
desamparado	es
desamparar	es
desamueblar	es
desamurar	es
desanclar	es
desancorar	es
desanda	es
desandaba	es
desandabais	es
desandaban	es
desandabas	es
desandad	es
desandada	es
desandadas	es
desandado	es
desandados	es
desandamos	es
desandan	es
desandando	es
desandar	es
desandara	es
desandarais	es
desandaran	es
desandaras	es
desandare	es
desandareis	es
desandaremos	es
desandaren	es
desandares	es
desandarse	es
desandará	es
desandarán	es
desandarás	es
desandaré	es
desandaréis	es
desandaría	es
desandaríais	es
desandaríamos	es
desandarían	es
desandarías	es
desandas	es
desandase	es
desandaseis	es
desandasen	es
desandases	es
desande	es
desandemos	es
desanden	es
desandes	es
desando	es
desanduve	es
desanduvieron	es
desanduvimos	es
desanduviste	es
desanduvisteis	es
desanduvo	es
desandábamos	es
desandáis	es
desandáramos	es
desandáremos	es
desandásemos	es
desangelado	es
desangramiento	es
desangrar	es
desanidar	es
desanimadamente	es
desanimar	es
desanudar	es
desaojar	es
desapaciblemente	es
desaparear	es
desaparecer	es
desaparecido	es
desaparejar	es
desaparroquiar	es
desapartar	es
desapasionadamente	es
desapasionar	es
desapañar	es
desapegar	es
desapercibido	es
desapiadado	es
desapiolar	es
desaplicar	es
desaplomar	es
desapoderar	es
desapolillar	es
desaporcar	es
desaposentar	es
desaposesionar	es
desapoyar	es
desapreciar	es
desapretar	es
desaprir	es
desaprisionar	es
desapropiamiento	es
desapropiar	es
desaprovechar	es
desapuntalar	es
desapuntar	es
desarbolar	es
desarenar	es
desarmar	es
desarraigar	es
desarrancar	es
desarrapado	es
desarrebozar	es
desarrebujar	es
desarreglar	es
desarrendar	es
desarrevolver	es
desarrimar	es
desarrollador	es
desarrollar	es
desarrollo	es
desarropar	es
desarrugadura	es
desarrugar	es
desarrumar	es
desarticular	es
desartillar	es
desarzonar	es
desasear	es
desasegurar	es
desasir	es
desasistir	es
desasnar	es
desasosegar	es
desasosiego	es
desastillar	es
desastradamente	es
desastrado	es
desastre	es
desatacar	es
desatancar	es
desatapar	es
desatar	es
desatascar	es
desataviar	es
desatemplarse	es
desatender	es
desatentadamente	es
desatesorar	es
desatibar	es
desatinadamente	es
desatinado	es
desatinar	es
desatino	es
desatollar	es
desatolondrar	es
desatontar	es
desatorar	es
desatornillar	es
desatracar	es
desatraillar	es
desatrampar	es
desatrancar	es
desatravesar	es
desatufar	es
desaturdir	es
desautorizar	es
desavahamiento	es
desavahar	es
desavenido	es
desavenir	es
desavezar	es
desaviar	es
desavisar	es
desavén	es
desayudar	es
desayunar	es
desayuntar	es
desazogar	es
desazonar	es
desañudar	es
desbabar	es
desbagar	es
desbalagar	es
desballestar	es
desbancar	es
desbandar	es
desbarahustar	es
desbarajustadamente	es
desbarajustar	es
desbaratadamente	es
desbaratado	es
desbaratador	es
desbaratamiento	es
desbaratar	es
desbarate	es
desbarato	es
desbarbar	es
desbarbillar	es
desbardar	es
desbarrar	es
desbarretar	es
desbarrigar	es
desbastador	es
desbastadura	es
desbastar	es
desbastecido	es
desbautizar	es
desbazadero	es
desbañado	es
desbeber	es
desbecerrar	es
desbinzar	es
desbloquear	es
desbocamiento	es
desbocar	es
desbonetar	es
desboquillar	es
desbordamiento	es
desbordante	es
desbordar	es
desbornizar	es
desboronar	es
desborradora	es
desborrar	es
desbotonar	es
desbragar	es
desbraguetado	es
desbravador	es
desbravar	es
desbravecer	es
desbrazar	es
desbridamiento	es
desbridar	es
desbriznar	es
desbrozar	es
desbruar	es
desbrujar	es
desbuchar	es
desbullar	es
descabalamiento	es
descabalar	es
descabalgar	es
descabelladamente	es
descabellamiento	es
descabellar	es
descabestrar	es
descabezamiento	es
descabezar	es
descabeñarse	es
descabritar	es
descabullir	es
descacharrante	es
descacharrar	es
descacilar	es
descaderar	es
descadillar	es
descaecer	es
descaer	es
descafeinado	es
descafeinar	es
descafilar	es
descalabazar	es
descalabradura	es
descalabrar	es
descalcador	es
descalcar	es
descalcez	es
descalcificar	es
descalichar	es
descalificación	es
descalificar	es
descalostrado	es
descalzadero	es
descalzar	es
descalzo	es
descamación	es
descamar	es
descambiar	es
descaminar	es
descamisar	es
descampar	es
descangallar	es
descansadamente	es
descansadero	es
descansar	es
descanso	es
descantar	es
descantear	es
descanterar	es
descantillar	es
descantonar	es
descaperuzar	es
descapillar	es
descapirotar	es
descapitalizar	es
descapotar	es
descapullar	es
descaradamente	es
descarado	es
descaramiento	es
descarar	es
descarbonatar	es
descarburar	es
descarcañalar	es
descargadura	es
descargamiento	es
descargar	es
descargue	es
descarnador	es
descarnar	es
descarriamiento	es
descarriar	es
descarriladura	es
descarrilamiento	es
descarrilar	es
descarrilladura	es
descarrillar	es
descarrío	es
descartar	es
descasar	es
descascar	es
descascarar	es
descascarillado	es
descascarillar	es
descaspar	es
descastar	es
descatolizar	es
descaudalado	es
descaudillar	es
descañar	es
descañonar	es
descebar	es
descendencia	es
descendente	es
descender	es
descendiente	es
descendimiento	es
descendir	es
descentralizar	es
descentrar	es
descepar	es
descerar	es
descercar	es
descerebrar	es
descerezar	es
descerrajadura	es
descerrajar	es
descerrar	es
descerrumar	es
descervigamiento	es
descervigar	es
desceñir	es
deschuponar	es
descifrable	es
descifrador	es
descifrar	es
descimbramiento	es
descimbrar	es
descimentar	es
descinchar	es
desclasificar	es
desclavador	es
desclavar	es
descoagular	es
descobajar	es
descobijar	es
descocado	es
descocar	es
descodar	es
descodificación	es
descodificador	es
descodificar	es
descogollar	es
descogotar	es
descolar	es
descolchar	es
descolgar	es
descoligado	es
descollamiento	es
descollante	es
descollar	es
descolmar	es
descolmillar	es
descolocar	es
descoloramiento	es
descolorar	es
descolorid	es
descolorierais	es
descoloriereis	es
descolorieseis	es
descolorimiento	es
descoloriréis	es
descoloriríais	es
descoloristeis	es
descoloríais	es
descombrar	es
descomedidamente	es
descomedir	es
descomer	es
descompadrar	es
descompaginar	es
descompasado	es
descompasar	es
descompensar	es
descompletar	es
descomponer	es
descomprimir	es
descompuestamente	es
descompuesto	es
descompón	es
descomulgado	es
descomulgador	es
descomulgar	es
descomunalmente	es
desconceptuar	es
desconcertado	es
desconcertadura	es
desconcertantemente	es
desconchabar	es
desconchadura	es
desconchar	es
desconectado	es
desconectar	es
desconferencia	es
desconfiadamente	es
desconfiar	es
desconformar	es
descongelar	es
descongestionar	es
descongojar	es
desconhortar	es
desconocer	es
desconsejar	es
desconsentir	es
desconsideradamente	es
desconsiderar	es
desconsoladamente	es
desconsolar	es
descontado	es
descontagiar	es
descontaminar	es
descontar	es
descontentar	es
descontento	es
descontinuar	es
descontrolar	es
desconvenir	es
desconversar	es
desconvidar	es
desconvocar	es
desconvén	es
descorazonador	es
descorazonamiento	es
descorazonar	es
descorchador	es
descorchar	es
descordar	es
descorderar	es
descoritar	es
descornar	es
descoronar	es
descorrear	es
descorrer	es
descortezadura	es
descortezamiento	es
descortezar	es
descortinar	es
descoser	es
descosido	es
descostillar	es
descostrar	es
descotar	es
descoyuntamiento	es
descoyuntar	es
descreer	es
descreimiento	es
descremar	es
descrestar	es
descriar	es
describir	es
descrinar	es
descripción	es
descriptible	es
descriptivo	es
descriptor	es
descrismar	es
descristianar	es
descristianizar	es
descrito	es
descrucificar	es
descruzar	es
descuadernar	es
descuadrar	es
descuadrilar	es
descuadrillar	es
descuajar	es
descuajaringar	es
descuartizamiento	es
descuartizar	es
descubiertamente	es
descubierto	es
descubridero	es
descubridor	es
descubrir	es
descuerar	es
descuernacabras	es
descuidadamente	es
descuidado	es
descuidar	es
descuidero	es
descuido	es
descular	es
descumbrado	es
desdaba	es
desdabais	es
desdaban	es
desdabas	es
desdad	es
desdada	es
desdadas	es
desdado	es
desdados	es
desdamos	es
desdando	es
desdar	es
desdaremos	es
desdarse	es
desdará	es
desdarán	es
desdarás	es
desdaré	es
desdaréis	es
desdaría	es
desdaríais	es
desdaríamos	es
desdarían	es
desdarías	es
desde	es
desdecir	es
desdemos	es
desdentado	es
desdevanar	es
desdeñablemente	es
desdeñar	es
desdeñosamente	es
desdeñoso	es
desdibujar	es
desdichadamente	es
desdichado	es
desdicho	es
desdiera	es
desdierais	es
desdieran	es
desdieras	es
desdiere	es
desdiereis	es
desdieren	es
desdieres	es
desdieron	es
desdiese	es
desdieseis	es
desdiesen	es
desdieses	es
desdimos	es
desdiste	es
desdisteis	es
desdiéramos	es
desdiéremos	es
desdiésemos	es
desdió	es
desdoblar	es
desdonar	es
desdorar	es
desdoro	es
desdoy	es
desdá	es
desdábamos	es
desdáis	es
desdán	es
desdás	es
desdé	es
desdén	es
desdés	es
desdí	es
dese	es
deseable	es
deseador	es
desear	es
desecación	es
desecar	es
desecativo	es
desechar	es
desedificar	es
deseducar	es
deselectrizar	es
desellar	es
desembalar	es
desembaldosar	es
desemballestar	es
desembalsar	es
desembanastar	es
desembarazadamente	es
desembarazar	es
desembarcar	es
desembargar	es
desembarrancar	es
desembarrar	es
desembaular	es
desembebecer	es
desembelesar	es
desembocar	es
desembojadera	es
desembojar	es
desembolsar	es
desemborrachar	es
desemboscar	es
desembotar	es
desembozar	es
desembragar	es
desembravecer	es
desembrazar	es
desembriagar	es
desembridar	es
desembrollar	es
desembrozar	es
desembrujar	es
desembuchar	es
desemejar	es
desempacar	es
desempachar	es
desempalagar	es
desempapelar	es
desempaquetar	es
desemparejar	es
desemparentado	es
desemparvar	es
desempastelar	es
desempatar	es
desempavonar	es
desempañar	es
desempedrar	es
desempegar	es
desemperezar	es
desempernar	es
desempeñar	es
desempleado	es
desempolvadura	es
desempolvar	es
desempolvoradura	es
desempolvorar	es
desemponzoñar	es
desempotrar	es
desempozar	es
desempulgar	es
desempuñar	es
desenalbardar	es
desenamorar	es
desenastar	es
desencabalgar	es
desencabestrar	es
desencadenante	es
desencadenar	es
desencajamiento	es
desencajar	es
desencajonar	es
desencalabrinar	es
desencalcar	es
desencallar	es
desencaminar	es
desencantar	es
desencapar	es
desencapillar	es
desencapotar	es
desencaprichar	es
desencarcelar	es
desencargar	es
desencarnar	es
desencasar	es
desencastillar	es
desencentrar	es
desencerrar	es
desenchufar	es
desencintar	es
desenclavar	es
desenclavijar	es
desencofrar	es
desencoger	es
desencolar	es
desencolerizar	es
desenconar	es
desencordar	es
desencordelar	es
desencorvar	es
desencovar	es
desencrespar	es
desencuadernar	es
desendemoniar	es
desendiablar	es
desendiosar	es
desenfadadamente	es
desenfadaderas	es
desenfadado	es
desenfadar	es
desenfaldar	es
desenfardar	es
desenfardelar	es
desenfilar	es
desenfocar	es
desenfrailar	es
desenfrenadamente	es
desenfrenado	es
desenfrenar	es
desenfreno	es
desenfundar	es
desenfurecer	es
desenfurruñar	es
desenganchar	es
desengarrafar	es
desengarzar	es
desengastar	es
desengañado	es
desengañar	es
desengañilar	es
desengomar	es
desengoznar	es
desengranar	es
desengrasar	es
desengrilletar	es
desengrosar	es
desengrudar	es
desenguantar	es
desenhadar	es
desenhastiar	es
desenhebrar	es
desenhetrar	es
desenhornar	es
desenjaezar	es
desenjalmar	es
desenjaular	es
desenlabonar	es
desenladrillar	es
desenlazar	es
desenlodar	es
desenlosar	es
desenlutar	es
desenmallar	es
desenmarañar	es
desenmascarar	es
desenmohecer	es
desenmudecer	es
desenojar	es
desenredar	es
desenrizar	es
desenrollar	es
desenronar	es
desenrudecer	es
desensamblar	es
desensartar	es
desensañar	es
desensebar	es
desenseñar	es
desensillar	es
desensoberbecer	es
desensortijado	es
desentablar	es
desentalingar	es
desentarimar	es
desenterrar	es
desentierramuertos	es
desentoldar	es
desentollecer	es
desentonar	es
desentono	es
desentornillar	es
desentorpecer	es
desentrampar	es
desentrañar	es
desentrenar	es
desentronizar	es
desentropezar	es
desentumecer	es
desentumir	es
desenvainar	es
desenvelejar	es
desenvergar	es
desenviolar	es
desenvolver	es
desenvueltamente	es
desenvuelto	es
desenzarzar	es
deseo	es
deseoso	es
desequilibrar	es
desequipar	es
deserción	es
desertar	es
desertizar	es
desertor	es
deservir	es
deses	es
desescombrar	es
deseslabonar	es
desespaldar	es
desespañolizar	es
desesperación	es
desesperadamente	es
desesperado	es
desesperante	es
desesperanzar	es
desesperar	es
desestabilización	es
desestabilizante	es
desestabilizar	es
desestancar	es
desestañar	es
desesterar	es
desestibar	es
desestimar	es
desestructurar	es
deseñar	es
desfachatado	es
desfachatez	es
desfajar	es
desfalcador	es
desfalcar	es
desfalco	es
desfallecer	es
desfamar	es
desfasar	es
desfavorablemente	es
desfavorecer	es
desfaz	es
desfear	es
desfecho	es
desferrar	es
desfibrar	es
desfiguramiento	es
desfigurar	es
desfilachar	es
desfiladero	es
desfilar	es
desfile	es
desfiuzar	es
desflaquecer	es
desflecar	es
desflemar	es
desflocar	es
desfloramiento	es
desflorar	es
desfogar	es
desfogonar	es
desfollar	es
desfollonar	es
desfondar	es
desforestar	es
desformar	es
desfortalecer	es
desfruncir	es
desfundar	es
desga	es
desgaire	es
desgajadura	es
desgajar	es
desgalgadero	es
desgalgar	es
desgalichado	es
desganadamente	es
desganar	es
desganchar	es
desgarbado	es
desgarbilado	es
desgargantar	es
desgargolar	es
desgaritar	es
desgarrado	es
desgarrador	es
desgarradura	es
desgarramiento	es
desgarrar	es
desgarro	es
desgastadamente	es
desgastamiento	es
desgastar	es
desgaste	es
desgatar	es
desgaznatar	es
desgañifar	es
desgañitar	es
desglosar	es
desgobernadura	es
desgobernar	es
desgolletar	es
desgomar	es
desgonzar	es
desgorrar	es
desgotar	es
desgoznar	es
desgraciadamente	es
desgraciado	es
desgraciar	es
desgraduar	es
desgramar	es
desgranador	es
desgranamiento	es
desgranar	es
desgranzar	es
desgrasar	es
desgravación	es
desgravar	es
desgreñar	es
desgualdrajar	es
desguarnecer	es
desguarnir	es
desguazar	es
desguindar	es
desguinzar	es
deshabilitar	es
deshabitar	es
deshabituar	es
deshacer	es
deshaldo	es
deshambrido	es
desharrapado	es
desharrapamiento	es
deshaz	es
deshebillar	es
deshebrar	es
deshechizar	es
deshecho	es
deshelar	es
desherbar	es
desheredación	es
desheredar	es
deshermanar	es
desherrar	es
desherrumbramiento	es
desherrumbrar	es
deshidratado	es
deshijar	es
deshilachar	es
deshilado	es
deshiladura	es
deshilar	es
deshilvanar	es
deshincar	es
deshinchadura	es
deshinchar	es
deshipotecar	es
deshojador	es
deshojadura	es
deshojar	es
deshollejar	es
deshollinadera	es
deshollinador	es
deshollinar	es
deshonestamente	es
deshonestar	es
deshonor	es
deshonorar	es
deshonrador	es
deshonrar	es
deshornar	es
deshuesador	es
deshuesar	es
deshumanizador	es
deshumanizar	es
deshumedecer	es
desiderable	es
desiderativo	es
desidia	es
desidioso	es
desierto	es
designación	es
designar	es
designativo	es
designio	es
desigualar	es
desilusionar	es
desimaginar	es
desimanar	es
desimantar	es
desimponer	es
desimpresionar	es
desimpuesto	es
desimpón	es
desincentivar	es
desinclinar	es
desincorporar	es
desinencia	es
desinfartar	es
desinfectante	es
desinfectar	es
desinficionar	es
desinflamar	es
desinflar	es
desinformación	es
desinformar	es
desinhibir	es
desinsacular	es
desinsectar	es
desintegrar	es
desinteresar	es
desintestinar	es
desintoxicar	es
desinvernar	es
desistencia	es
desistimiento	es
desistir	es
desjarretadera	es
desjarretar	es
desjugar	es
desjuiciado	es
desjuntamiento	es
desjuntar	es
deslabonar	es
desladrillar	es
deslaidar	es
deslamar	es
deslardarse	es
deslastrar	es
deslatar	es
deslateralizar	es
deslavar	es
deslavazar	es
deslazamiento	es
deslazar	es
deslechugador	es
deslechugar	es
deslechuguillar	es
deslegalizar	es
desleidura	es
desleimiento	es
deslendrar	es
deslenguado	es
deslenguar	es
desleír	es
desliar	es
desligar	es
deslinajar	es
deslinar	es
deslindador	es
deslindar	es
deslinde	es
desliz	es
deslizadero	es
deslizamiento	es
deslizante	es
deslizar	es
desliñar	es
desloar	es
deslomadura	es
deslomar	es
deslucir	es
deslumbrador	es
deslumbramiento	es
deslumbrante	es
deslumbrar	es
deslustrador	es
deslustrar	es
desmadejado	es
desmadejamiento	es
desmadejar	es
desmadrar	es
desmajolar	es
desmalazado	es
desmalingrar	es
desmallador	es
desmalladura	es
desmallar	es
desmamar	es
desmamonar	es
desmamparar	es
desmanar	es
desmanchar	es
desmandar	es
desmanear	es
desmangar	es
desmanotado	es
desmantecar	es
desmantelamiento	es
desmantelar	es
desmaquillar	es
desmarcar	es
desmaridar	es
desmarojador	es
desmarojar	es
desmatar	es
desmayado	es
desmayar	es
desmazalado	es
desmañado	es
desmañar	es
desmedidamente	es
desmedido	es
desmedir	es
desmedrado	es
desmedrar	es
desmejorar	es
desmelancolizar	es
desmelar	es
desmelenar	es
desmembración	es
desmembrador	es
desmembramiento	es
desmembrar	es
desmemoriar	es
desmenguar	es
desmentidor	es
desmentir	es
desmenuzador	es
desmenuzamiento	es
desmenuzar	es
desmeollamiento	es
desmeollar	es
desmerecer	es
desmesuradamente	es
desmesurado	es
desmesurar	es
desmigajar	es
desmigar	es
desmilitarizar	es
desmirlado	es
desmitificar	es
desmocar	es
desmochadura	es
desmochar	es
desmoche	es
desmogar	es
desmolado	es
desmolde	es
desmoldeo	es
desmoler	es
desmonetizar	es
desmontable	es
desmontado	es
desmontar	es
desmoralización	es
desmoralizar	es
desmoronadizo	es
desmoronamiento	es
desmoronar	es
desmostar	es
desmotadera	es
desmotador	es
desmotar	es
desmotivar	es
desmovilizar	es
desmoñar	es
desmugrar	es
desmullir	es
desmultiplicar	es
desmurar	es
desmán	es
desnacionalizar	es
desnarigar	es
desnatadora	es
desnatar	es
desnaturalizar	es
desnaturar	es
desnieve	es
desnivelar	es
desnoblecer	es
desnortar	es
desnucar	es
desnudador	es
desnudamente	es
desnudamiento	es
desnudar	es
desnudez	es
desnudo	es
desnutrir	es
desobedecer	es
desobstruir	es
desocupado	es
desocupar	es
desodorante	es
desodorizante	es
desodorizar	es
desojar	es
desolación	es
desoladamente	es
desolador	es
desoladoramente	es
desolar	es
desolazar	es
desoldar	es
desolladero	es
desollado	es
desollador	es
desolladura	es
desollar	es
desonzar	es
desopilante	es
desopilar	es
desopilativo	es
desopinar	es
desoprimir	es
desorbitar	es
desorden	es
desordenadamente	es
desordenar	es
desorejado	es
desorejamiento	es
desorejar	es
desorganizar	es
desorientar	es
desorillar	es
desornamentado	es
desortijar	es
desosar	es
desosegar	es
desovar	es
desove	es
desovillar	es
desoxidar	es
desoxigenar	es
desoxirribonucleico	es
desoxirribonucleótido	es
desoxirribosa	es
desoír	es
despabilador	es
despabiladura	es
despabilar	es
despachaderas	es
despachado	es
despachador	es
despachar	es
despacho	es
despachurramiento	es
despachurrar	es
despacio	es
despaciosamente	es
despacito	es
despagar	es
despajador	es
despajadura	es
despajar	es
despaladinar	es
despaldar	es
despaldilladura	es
despaldillar	es
despaletillar	es
despalillador	es
despalillar	es
despalmar	es
despampanador	es
despampanadura	es
despampanante	es
despampanar	es
despampanillar	es
despamplonar	es
despanchurrar	es
despancijar	es
despanzurrar	es
despapar	es
desparar	es
desparcir	es
desparear	es
desparecer	es
desparedar	es
desparejar	es
desparpajar	es
desparpajo	es
desparramado	es
desparramador	es
desparramamiento	es
desparramar	es
desparrancar	es
despartidero	es
despartir	es
desparvar	es
despasar	es
despasmarse	es
despatarrar	es
despatillar	es
despavesaderas	es
despavesadura	es
despavesar	es
despavonar	es
despeadura	es
despeamiento	es
despear	es
despechar	es
despechugadura	es
despechugar	es
despectivamente	es
despectivo	es
despedazador	es
despedazamiento	es
despedazar	es
despedida	es
despedimiento	es
despedir	es
despedrar	es
despedregar	es
despegador	es
despegar	es
despegue	es
despeinar	es
despejado	es
despejar	es
despellejadura	es
despellejar	es
despelotar	es
despelucar	es
despeluchar	es
despeluzamiento	es
despeluzar	es
despeluznar	es
despenalizar	es
despenar	es
despender	es
despendolar	es
despenolar	es
despensa	es
despensero	es
despepitar	es
desperar	es
desperdiciado	es
desperdiciador	es
desperdiciar	es
desperdicio	es
desperdigamiento	es
desperdigar	es
desperecer	es
desperezar	es
desperfecto	es
desperfilar	es
desperfollar	es
despernancar	es
despernar	es
despersonalizar	es
despertador	es
despertamiento	es
despertar	es
despesar	es
despescar	es
despestañar	es
despezar	es
despezo	es
despezonar	es
despezuñar	es
despeñadero	es
despeñar	es
despeño	es
despiadadamente	es
despiadado	es
despicar	es
despichar	es
despidida	es
despidiente	es
despido	es
despiertamente	es
despierto	es
despiezar	es
despiezo	es
despilfarrador	es
despilfarradoramente	es
despilfarrar	es
despimpollar	es
despinochar	es
despintar	es
despinzador	es
despinzar	es
despiojador	es
despiojar	es
despistado	es
despistar	es
despitorrado	es
desplacer	es
desplanar	es
desplanchar	es
desplantador	es
desplantar	es
desplante	es
desplatar	es
desplayar	es
desplazamiento	es
desplazar	es
desplegable	es
desplegar	es
despleguetear	es
desplomar	es
desplome	es
desplumadura	es
desplumar	es
despoblar	es
despoetizar	es
despojador	es
despojamiento	es
despojar	es
despojo	es
despolarizador	es
despolarizar	es
despolitizar	es
despolvar	es
despolvorear	es
desponer	es
desportilladura	es
desportillar	es
desposando	es
desposar	es
desposeimiento	es
desposorio	es
despotismo	es
despotricar	es
despreciar	es
despreciativo	es
desprender	es
desprendido	es
despreocupadamente	es
despreocupado	es
despreocupar	es
desprestigiar	es
despresurizar	es
desprevenidamente	es
desprivar	es
desprivatizar	es
despropiar	es
desproporcionadamente	es
desproporcionar	es
despropositado	es
desprotegido	es
desproveer	es
desprovisto	es
despullar	es
despulpador	es
despulpar	es
despulsamiento	es
despulsar	es
despumar	es
despuntar	es
después	es
despí	es
despóticamente	es
despótico	es
desquebrajar	es
desquejar	es
desquerer	es
desquiciador	es
desquiciamiento	es
desquiciar	es
desquijarar	es
desquijerar	es
desquilar	es
desquitar	es
desquite	es
desrabar	es
desrabotar	es
desraigar	es
desraizar	es
desramar	es
desraspado	es
desraspar	es
desratizar	es
desreglar	es
desrelingar	es
desriscar	es
desrizar	es
desriñonar	es
desroblar	es
desrostrar	es
desroñar	es
destacado	es
destacamento	es
destacar	es
destachonar	es
destaconar	es
destajador	es
destajar	es
destajero	es
destajista	es
destallar	es
destalonar	es
destapar	es
destapiar	es
destaponar	es
destarar	es
destartalado	es
destartalo	es
destazador	es
destazar	es
destechadura	es
destechar	es
destejar	es
destejer	es
destellante	es
destellar	es
destello	es
destemplar	es
destensar	es
destentar	es
desterminar	es
desternillante	es
desternillar	es
desterrado	es
desterrar	es
desterronamiento	es
desterronar	es
destetadera	es
destetar	es
desteñir	es
destiempo	es
destierro	es
destilación	es
destiladera	es
destilador	es
destilar	es
destilatorio	es
destilería	es
destinación	es
destinado	es
destinar	es
destinatario	es
destino	es
destiranizado	es
destirpar	es
destitución	es
destituidor	es
destituir	es
destitulado	es
destiñar	es
destocar	es
destorcer	es
destorgar	es
destormar	es
destornillador	es
destornillamiento	es
destornillar	es
destorpar	es
destoser	es
destrabar	es
destral	es
destraleja	es
destralero	es
destramar	es
destrenzar	es
destreza	es
destributar	es
destrincar	es
destripacuentos	es
destripador	es
destripamiento	es
destripar	es
destripaterrones	es
destriunfar	es
destrizar	es
destrocar	es
destronamiento	es
destronar	es
destroncamiento	es
destroncar	es
destronchar	es
destropar	es
destrozador	es
destrozar	es
destrucción	es
destructibilidad	es
destructible	es
destructivamente	es
destructividad	es
destructivo	es
destructor	es
destruir	es
destullecer	es
destupir	es
desturbar	es
desubicar	es
desubstanciar	es
desucar	es
desudar	es
desuncir	es
desunir	es
desurcar	es
desurdir	es
desusadamente	es
desusar	es
desuso	es
desustanciar	es
desuñar	es
desuñir	es
desvahar	es
desvainadura	es
desvainar	es
desvairemos	es
desvairá	es
desvairán	es
desvairás	es
desvairé	es
desvairéis	es
desvairía	es
desvairíais	es
desvairíamos	es
desvairían	es
desvairías	es
desvalido	es
desvalijador	es
desvalijamiento	es
desvalijar	es
desvalorar	es
desvalorizar	es
desvanecedor	es
desvanecer	es
desvaneciente	es
desvanecimiento	es
desvaporizadero	es
desvarar	es
desvaretar	es
desvariar	es
desvarío	es
desvastigar	es
desvaí	es
desvaía	es
desvaíais	es
desvaíamos	es
desvaían	es
desvaías	es
desvaíd	es
desvaída	es
desvaídas	es
desvaído	es
desvaídos	es
desvaímos	es
desvaís	es
desvaíste	es
desvaísteis	es
desvedar	es
desvelamiento	es
desvelar	es
desvelo	es
desvenar	es
desvencijar	es
desvendar	es
desveno	es
desventar	es
desventurado	es
desvergonzadamente	es
desvergonzado	es
desvestir	es
desvezar	es
desviacionismo	es
desviacionista	es
desviación	es
desviador	es
desviamiento	es
desviar	es
desviejar	es
desvincular	es
desvirar	es
desvirgar	es
desvirtuar	es
desvitrificar	es
desvivir	es
desvolvedor	es
desvolver	es
desvuelto	es
desván	es
desvío	es
desyemar	es
desyerbador	es
desyerbar	es
desyugar	es
desyuncir	es
deszafrar	es
deszocar	es
deszulacar	es
deszumar	es
desértico	es
detalladamente	es
detallado	es
detallar	es
detalle	es
detallismo	es
detallista	es
detardar	es
detección	es
detectar	es
detective	es
detectivesco	es
detector	es
detención	es
detenedor	es
detener	es
detenidamente	es
detenido	es
detenimiento	es
detentar	es
detergente	es
deterger	es
deteriorar	es
deterioro	es
determinabilidad	es
determinable	es
determinación	es
determinada	es
determinado	es
determinante	es
determinar	es
determinismo	es
determinista	es
detersorio	es
detestar	es
detienebuey	es
detonación	es
detonador	es
detonante	es
detonar	es
detornar	es
detractar	es
detractor	es
detraer	es
detrimento	es
detrito	es
detrás	es
deturpar	es
detén	es
deuda	es
deudo	es
deudor	es
deuterio	es
devalar	es
devaluar	es
devanadera	es
devanador	es
devanagari	es
devanar	es
devaneador	es
devanear	es
devastación	es
devastador	es
devastar	es
develar	es
devengar	es
devenir	es
devisa	es
devisar	es
devisero	es
devocionario	es
devoción	es
devodar	es
devolver	es
devoniano	es
devorador	es
devorar	es
devota	es
devotamente	es
devoto	es
devover	es
devuelto	es
devén	es
devónico	es
dexiocardia	es
dextrina	es
dextro	es
dextrorso	es
dextrosa	es
dey	es
dezmar	es
dezmero	es
deán	es
deíctico	es
deñar	es
di	es
diabasa	es
diabetes	es
diabeto	es
diabla	es
diablear	es
diablesa	es
diablesco	es
diablo	es
diablura	es
diabólicamente	es
diabólico	es
diaconado	es
diaconal	es
diaconar	es
diaconato	es
diaconisa	es
diadelfos	es
diadema	es
diademado	es
diado	es
diafanidad	es
diafanizar	es
diaforesis	es
diaforético	es
diafragma	es
diafragmar	es
diag	es
diagnosis	es
diagnosticar	es
diagnóstico	es
diagonal	es
diagonalmente	es
diagrama	es
diagramar	es
diaguita	es
dial	es
dialectal	es
dialectalismo	es
dialecto	es
dializador	es
dializar	es
dialogal	es
dialogar	es
dialogismo	es
dialogizar	es
dialoguista	es
dialogístico	es
dialtea	es
dialéctica	es
dialéctico	es
diamagnético	es
diamantar	es
diamante	es
diamantino	es
diamantista	es
diamela	es
diametral	es
diametralmente	es
diana	es
dianche	es
diandro	es
dianense	es
diantre	es
diapalma	es
diapasón	es
diapente	es
diapositiva	es
diaprea	es
diapreado	es
diaquenio	es
diariamente	es
diario	es
diarrea	es
diarreico	es
diartrosis	es
diaspro	es
diastasa	es
diastrofia	es
diatermia	es
diatomea	es
diatriba	es
diatónicamente	es
diatónico	es
diatópico	es
diazoar	es
dibranquial	es
dibujante	es
dibujar	es
dibujo	es
dicacidad	es
dicarboxílico	es
dicc	es
diccionario	es
diccionarista	es
dicción	es
dicente	es
dicha	es
dicharachero	es
dicharacho	es
dichero	es
dicho	es
dichosamente	es
dichoso	es
diciembre	es
diciente	es
diciplinante	es
diciplinar	es
diclino	es
dicoreo	es
dicotiledóneas	es
dicotiledóneo	es
dicotomía	es
dicroico	es
dicroísmo	es
dictado	es
dictador	es
dictadura	es
dictamen	es
dictaminador	es
dictaminar	es
dictar	es
dictatorial	es
dictatorio	es
dicterio	es
dicótomo	es
didelfo	es
didimio	es
didracma	es
didácticamente	es
didáctico	es
diecinueve	es
diecinueveavo	es
dieciochavo	es
dieciocheno	es
dieciochesco	es
dieciochismo	es
dieciochista	es
dieciocho	es
dieciochoavo	es
dieciseisavo	es
dieciseiseno	es
diecisiete	es
diecisieteavo	es
dieciséis	es
diedro	es
diego	es
dieléctrico	es
diente	es
dientimellado	es
dientudo	es
diera	es
dierais	es
dieran	es
dieras	es
diere	es
diereis	es
dieren	es
dieres	es
dieron	es
diese	es
dieseis	es
diesen	es
dieses	es
diestra	es
diestramente	es
diestro	es
dieta	es
dietar	es
dietario	es
dietético	es
diez	es
diezma	es
diezmar	es
diezmero	es
diezmesino	es
diezmillonésimo	es
diezmilésimo	es
diezmo	es
difamación	es
difamador	es
difamar	es
difamatorio	es
diferecer	es
diferencia	es
diferenciable	es
diferenciación	es
diferenciador	es
diferencial	es
diferenciar	es
diferente	es
diferentemente	es
diferido	es
diferir	es
dificultad	es
dificultador	es
dificultar	es
dificultosamente	es
dificultoso	es
difidencia	es
difinecer	es
difinir	es
difiuciar	es
difluencia	es
difluente	es
difluir	es
difracción	es
difractar	es
difrangente	es
difteria	es
difteritis	es
diftérico	es
difuminar	es
difumino	es
difundidor	es
difundir	es
difunta	es
difunto	es
difusamente	es
difusivo	es
difusión	es
difuso	es
difusor	es
difícil	es
difícilmente	es
digamma	es
digerible	es
digerir	es
digestibilidad	es
digestible	es
digestir	es
digestivo	es
digestión	es
digesto	es
digestor	es
digitado	es
digital	es
digitalina	es
digitalizar	es
digitalmente	es
digitiforme	es
digitígrado	es
digladiar	es
digna	es
dignamente	es
dignar	es
dignatario	es
dignidad	es
dignificante	es
dignificar	es
digno	es
digresión	es
dije	es
dijes	es
dila	es
dilacerar	es
dilación	es
dilapidación	es
dilapidador	es
dilapidar	es
dilas	es
dilatabilidad	es
dilatación	es
dilatadamente	es
dilatado	es
dilatador	es
dilatar	es
dilatativo	es
dilatoria	es
dilatorio	es
dile	es
dilección	es
dilecta	es
dilecto	es
dilema	es
diles	es
diligencia	es
diligenciar	es
diligenciero	es
diligente	es
diligentemente	es
dilo	es
dilos	es
dilucidador	es
dilucidar	es
dilucidario	es
dilución	es
diluente	es
diluir	es
dilusivo	es
diluvial	es
diluviana	es
diluviano	es
diluviar	es
diluvio	es
diluyente	es
dimanar	es
dime	es
dimensional	es
dimensionamiento	es
dimensionar	es
dimensión	es
dimiario	es
dimidiar	es
dimidor	es
diminuecer	es
diminuir	es
diminutamente	es
diminutivamente	es
diminutivo	es
diminuto	es
dimir	es
dimisionario	es
dimisión	es
dimisorias	es
dimitente	es
dimitir	es
dimorfismo	es
dimorfo	es
dimos	es
din	es
dina	es
dinamarca	es
dinamarqués	es
dinamia	es
dinamismo	es
dinamista	es
dinamita	es
dinamitar	es
dinamitazo	es
dinamitero	es
dinamización	es
dinamizador	es
dinamizar	es
dinamo	es
dinamómetro	es
dinar	es
dinarada	es
dinasta	es
dinastismo	es
dinastía	es
dinerada	es
dineral	es
dineralada	es
dinerario	es
dinero	es
dineroso	es
dingolondango	es
dino	es
dinornis	es
dinos	es
dinosaurio	es
dinoterio	es
dintel	es
dintelar	es
dintorno	es
dinámica	es
dinámico	es
dinástico	es
dio	es
diocesano	es
diodo	es
diofántica	es
dioico	es
dionea	es
dionisia	es
dionisíaco	es
dioptra	es
diorama	es
diorita	es
dios	es
diosa	es
dioses	es
diosma	es
dioso	es
diplococo	es
diplodoco	es
diploide	es
diploma	es
diplomacia	es
diplomar	es
diplomatura	es
diplomático	es
dipneo	es
dipodia	es
dipolo	es
diptongar	es
diptongo	es
diputación	es
diputado	es
diputador	es
diputar	es
dique	es
diquelar	es
dir	es
dirceo	es
direccional	es
direccionalidad	es
direccionamiento	es
dirección	es
directa	es
directamente	es
directivo	es
directo	es
director	es
directorio	es
directriz	es
diremos	es
dirigencia	es
dirigente	es
dirigible	es
dirigida	es
dirigir	es
dirimente	es
dirimir	es
dirá	es
dirán	es
dirás	es
diré	es
diréis	es
diría	es
diríais	es
diríamos	es
dirían	es
dirías	es
disacárido	es
disanto	es
disartria	es
discantar	es
discapacidad	es
discapacitado	es
disceptar	es
discerner	es
discernidor	es
discernimiento	es
discernir	es
disciplina	es
disciplinable	es
disciplinada	es
disciplinado	es
disciplinal	es
disciplinante	es
disciplinar	es
disciplinario	es
disciplinazo	es
discipulado	es
discipular	es
disco	es
discografía	es
discográfico	es
discoidal	es
discolora	es
disconforme	es
disconformidad	es
discontinuación	es
discontinuar	es
discontinuidad	es
discontinuo	es
disconveniencia	es
disconvenir	es
disconvén	es
discordancia	es
discordante	es
discordar	es
discorde	es
discordia	es
discoteca	es
discrasia	es
discrecional	es
discrecionalmente	es
discreción	es
discrepancia	es
discrepar	es
discreta	es
discretamente	es
discretear	es
discretización	es
discretizar	es
discreto	es
discretorio	es
discriminación	es
discriminador	es
discriminar	es
discriminatorio	es
disculpa	es
disculpable	es
disculpar	es
discurrir	es
discursar	es
discursear	es
discursible	es
discursista	es
discursivamente	es
discursivo	es
discurso	es
discusivo	es
discusión	es
discutible	es
discutidor	es
discutir	es
discípulo	es
disecador	es
disecar	es
diseccionar	es
disección	es
disector	es
diseminador	es
diseminar	es
disensión	es
disenso	es
disentería	es
disentimiento	es
disentir	es
disertación	es
disertador	es
disertante	es
disertar	es
diserto	es
disestesia	es
diseñador	es
diseñar	es
diseño	es
disfagia	es
disfamar	es
disfavor	es
disformar	es
disforme	es
disformidad	es
disfraz	es
disfrazar	es
disfrezarse	es
disfrutar	es
disfrute	es
disfumar	es
disfumino	es
disfunción	es
disgregación	es
disgregador	es
disgregante	es
disgregar	es
disgregativo	es
disgustado	es
disgustar	es
disgusto	es
disgustoso	es
disidencia	es
disidente	es
disidir	es
disimilación	es
disimilar	es
disimilitud	es
disimulación	es
disimuladamente	es
disimulado	es
disimulador	es
disimular	es
disimulo	es
disimétrico	es
disipación	es
disipador	es
disipar	es
disjuntos	es
dislalia	es
dislate	es
dislocación	es
dislocadura	es
dislocar	es
disléxico	es
dismenorrea	es
disminución	es
disminuido	es
disminuir	es
disnea	es
disociación	es
disociador	es
disociar	es
disolubilidad	es
disoluble	es
disolución	es
disolutivo	es
disoluto	es
disolvente	es
disolver	es
disonancia	es
disonante	es
disonar	es
dispar	es
disparadero	es
disparado	es
disparador	es
disparar	es
disparatadamente	es
disparatado	es
disparatador	es
disparatar	es
disparate	es
disparato	es
disparatorio	es
disparcialidad	es
disparejo	es
disparidad	es
disparo	es
dispendio	es
dispendioso	es
dispensa	es
dispensable	es
dispensación	es
dispensador	es
dispensar	es
dispensario	es
dispepsia	es
dispersamente	es
dispersar	es
dispersión	es
disperso	es
dispersor	es
dispertar	es
displacer	es
display	es
displicencia	es
displicente	es
displáis	es
dispondeo	es
disponedor	es
disponer	es
disponibilidad	es
disposición	es
dispositiva	es
dispositivo	es
dispuesta	es
dispuesto	es
disputa	es
disputable	es
disputador	es
disputar	es
dispón	es
disquete	es
disquetera	es
disrumpir	es
disrupción	es
disruptivo	es
distal	es
distancia	es
distanciamiento	es
distanciar	es
distante	es
distantemente	es
distar	es
diste	es
disteis	es
distender	es
distendidamente	es
distensible	es
distensión	es
disterminar	es
distilar	es
distinción	es
distinguible	es
distinguido	es
distinguir	es
distinta	es
distintamente	es
distintivo	es
distinto	es
distocia	es
distorsionador	es
distorsionar	es
distorsión	es
distracción	es
distraer	es
distraimiento	es
distraídamente	es
distraído	es
distribución	es
distribuidor	es
distribuir	es
distributivo	es
distrito	es
distrofia	es
disturbar	es
disturbio	es
disuadir	es
disuasivo	es
disuasión	es
disuasorio	es
disuelto	es
disuria	es
disyunción	es
disyuntiva	es
disyuntivamente	es
disyuntivo	es
disyunto	es
disyuntor	es
disímil	es
dita	es
ditero	es
ditirambo	es
diuca	es
diuresis	es
diurno	es
diurético	es
diuturnidad	es
diva	es
divagación	es
divagador	es
divagar	es
divergencia	es
divergente	es
divergir	es
diversamente	es
diversidad	es
diversificación	es
diversificar	es
diversiforme	es
diversión	es
diverso	es
divertido	es
divertimento	es
divertimiento	es
divertir	es
dividendo	es
divididero	es
dividir	es
dividivi	es
divieso	es
divinal	es
divinamente	es
divinar	es
divinatoria	es
divinatorio	es
divinidad	es
divinización	es
divinizar	es
divino	es
divisa	es
divisar	es
divisibilidad	es
divisible	es
divisional	es
divisionario	es
divisionista	es
divisivo	es
división	es
divisor	es
divisoria	es
divisorio	es
divo	es
divorciar	es
divorcio	es
divulgación	es
divulgador	es
divulgar	es
divulgativo	es
diván	es
dix	es
diyambo	es
dizque	es
diácono	es
diáfano	es
diálisis	es
diálogo	es
diámetro	es
diáspora	es
diátesis	es
diédrico	es
diéramos	es
diéremos	es
diéresis	es
diésel	es
diésemos	es
diñar	es
diócesis	es
dióxido	es
dni	es
do	es
dobla	es
doblada	es
dobladillar	es
dobladillo	es
doblado	es
doblador	es
dobladura	es
doblaje	es
doblamiento	es
doblar	es
doble	es
doblegadamente	es
doblegadizo	es
doblegar	es
doblemente	es
doblero	es
dobles	es
doblescudo	es
doblete	es
doblez	es
doblonada	es
doblón	es
doca	es
doce	es
doceavo	es
docemesino	es
docena	es
docenal	es
docenario	es
docencia	es
doceno	es
docente	es
doceta	es
docetismo	es
docible	es
docientos	es
docilidad	es
docilitar	es
docimasia	es
docta	es
doctamente	es
docto	es
doctor	es
doctorado	es
doctoral	es
doctoramiento	es
doctorando	es
doctorar	es
doctrina	es
doctrinador	es
doctrinal	es
doctrinar	es
doctrinario	es
doctrinarismo	es
doctrinero	es
documentación	es
documentada	es
documentado	es
documental	es
documentalista	es
documentalmente	es
documentar	es
documento	es
dodecaedro	es
dodecafonía	es
dodrante	es
doga	es
dogal	es
dogaresa	es
dogma	es
dogmatismo	es
dogmatista	es
dogmatizador	es
dogmatizante	es
dogmatizar	es
dogmáticamente	es
dogmático	es
dogo	es
dogre	es
doladera	es
dolador	es
doladura	es
dolama	es
dolame	es
dolencia	es
doler	es
dolicocefalia	es
dolicocéfalo	es
doliente	es
dolmen	es
dolmán	es
dolo	es
dolobre	es
dolomita	es
dolomía	es
dolomítico	es
dolor	es
dolora	es
dolorida	es
dolorido	es
dolorioso	es
dolorosa	es
dolorosamente	es
doloroso	es
doloso	es
dom	es
doma	es
domable	es
domador	es
domadura	es
domar	es
dombenitense	es
dombo	es
domesticable	es
domesticación	es
domesticado	es
domesticar	es
domesticidad	es
domestiquez	es
domeñar	es
domiciliar	es
domiciliario	es
domicilio	es
dominación	es
dominador	es
dominancia	es
dominante	es
dominar	es
dominativo	es
dominatriz	es
domingada	es
domingo	es
dominguejo	es
dominguero	es
dominica	es
dominical	es
dominicana	es
dominicano	es
dominico	es
dominio	es
dominiqués	es
dominó	es
domo	es
dompedro	es
doméstico	es
domínguez	es
domínica	es
domínico	es
don	es
dona	es
donación	es
donado	es
donador	es
donaire	es
donante	es
donar	es
donatario	es
donatismo	es
donatista	es
donativo	es
doncel	es
doncella	es
doncellil	es
donde	es
dondequiera	es
dondiego	es
donear	es
dones	es
donguindo	es
donillero	es
donjuanear	es
donjuanesco	es
donjuanismo	es
donjuán	es
donosidad	es
donosilla	es
donoso	es
donostiarra	es
donosura	es
dopaje	es
dopamina	es
dopar	es
doquier	es
doquiera	es
dorada	es
dorado	es
dorador	es
doradura	es
doral	es
dorar	es
dorio	es
dormida	es
dormidero	es
dormido	es
dormidor	es
dormiente	es
dormijoso	es
dormilón	es
dormir	es
dormitar	es
dormitivo	es
dormitorio	es
dormivela	es
dormán	es
dorna	es
dornajo	es
dornillero	es
dornillo	es
dorsal	es
dorsalmente	es
dorso	es
dorta	es
dos	es
dosalbo	es
doscientas	es
doscientos	es
dosel	es
doselera	es
doselete	es
doses	es
dosificación	es
dosificador	es
dosificar	es
dosis	es
dossier	es
dotacional	es
dotación	es
dotada	es
dotado	es
dotador	es
dotal	es
dotar	es
dote	es
dotrinar	es
dovela	es
dovelaje	es
dovelar	es
doxología	es
doy	es
doña	es
doñear	es
doñegal	es
doñigal	es
dpto	es
dr	es
draba	es
dracma	es
draconiano	es
dragado	es
dragaminas	es
dragante	es
dragar	es
dragea	es
drago	es
dragona	es
dragoncillo	es
dragonete	es
dragonites	es
dragontea	es
dragontino	es
dragón	es
drama	es
dramatismo	es
dramatizar	es
dramaturgia	es
dramaturgo	es
dramáticamente	es
dramático	es
drapear	es
dravídico	es
drenaje	es
drenar	es
drepanocitosis	es
driblar	es
dril	es
drino	es
driza	es
droga	es
drogadicción	es
drogadicto	es
drogar	es
drogodependencia	es
drogodependiente	es
droguero	es
droguería	es
droguete	es
droguista	es
dromedario	es
dromomaniaco	es
dromomanía	es
dromomaníaco	es
dron	es
dropacismo	es
drope	es
drosera	es
druida	es
druidismo	es
drupa	es
drupáceo	es
drusa	es
druso	es
drásticamente	es
drástico	es
dríade	es
dto	es
dual	es
dualidad	es
dualismo	es
dualista	es
duba	es
dubio	es
dubitable	es
dubitación	es
dubitativo	es
dubitosamente	es
ducado	es
ducal	es
ducalmente	es
ducentésimo	es
ducha	es
duchar	es
ducho	es
ductilidad	es
ductiva	es
ductivo	es
ductor	es
ductriz	es
duda	es
dudable	es
dudar	es
dudosamente	es
dudoso	es
duela	es
duelista	es
duelo	es
duenario	es
duende	es
duendo	es
duermevela	es
duerna	es
duerno	es
duero	es
dueto	es
dueña	es
dueño	es
dujo	es
dula	es
dular	es
dulcamara	es
dulce	es
dulcedumbre	es
dulcemente	es
dulcera	es
dulcero	es
dulcería	es
dulceza	es
dulcificar	es
dulcinea	es
dulero	es
dulzaina	es
dulzainero	es
dulzaino	es
dulzal	es
dulzamara	es
dulzor	es
dulzorar	es
dulzura	es
dulzurar	es
dulzón	es
dulía	es
duma	es
dumidor	es
duna	es
duodecimal	es
duodenal	es
duodenario	es
duodenitis	es
duodeno	es
duodécimo	es
duomesino	es
dupdo	es
dupla	es
duplado	es
duplicación	es
duplicado	es
duplicar	es
duplicativo	es
duplicatura	es
duplicidad	es
duplo	es
duque	es
duquesa	es
dura	es
durabilidad	es
duración	es
duraderamente	es
duradero	es
duraluminio	es
duramadre	es
duramen	es
duramente	es
duramáter	es
durango	es
durante	es
durar	es
durativo	es
duraznero	es
duraznilla	es
durazno	es
dureza	es
durina	es
durito	es
durlines	es
durmiente	es
duro	es
durán	es
duunvir	es
duunviral	es
duunvirato	es
duunviro	es
dux	es
duz	es
dvd	es
dábamos	es
dádiva	es
dámela	es
dámelas	es
dámelo	es
dámelos	es
dándola	es
dándolas	es
dándole	es
dándoles	es
dándolo	es
dándolos	es
dándome	es
dándomela	es
dándomelas	es
dándomelo	es
dándomelos	es
dándonos	es
dándonosla	es
dándonoslas	es
dándonoslo	es
dándonoslos	es
dándoos	es
dándoosla	es
dándooslas	es
dándooslo	es
dándooslos	es
dándose	es
dándosela	es
dándoselas	es
dándoselo	es
dándoselos	es
dándote	es
dándotela	es
dándotelas	es
dándotelo	es
dándotelos	es
dánico	es
dánosla	es
dánoslas	es
dánoslo	es
dánoslos	es
dárdano	es
dármela	es
dármelas	es
dármelo	es
dármelos	es
dárnosla	es
dárnoslas	es
dárnoslo	es
dárnoslos	es
dárosla	es
dároslas	es
dároslo	es
dároslos	es
dársela	es
dárselas	es
dárselo	es
dárselos	es
dársena	es
dártela	es
dártelas	es
dártelo	es
dártelos	es
dásela	es
dáselas	es
dáselo	es
dáselos	es
dátil	es
dé	es
débil	es
débilmente	es
débito	es
década	es
décima	es
décimo	es
dédalo	es
déficit	es
délfico	es
démela	es
démelas	es
démelo	es
démelos	es
démoselo	es
dénmela	es
dénmelas	es
dénmelo	es
dénmelos	es
dénnosla	es
dénnoslas	es
dénnoslo	es
dénnoslos	es
dénosla	es
dénoslas	es
dénoslo	es
dénoslos	es
dérmico	es
désela	es
déselas	es
déselo	es
déselos	es
déspota	es
dí	es
día	es
díada	es
díctamo	es
dídimo	es
díez	es
dígito	es
dígrafo	es
dímela	es
dímelas	es
dímelo	es
dímelos	es
dínamo	es
dínosla	es
dínoslas	es
dínoslo	es
dínoslos	es
díptero	es
díptico	es
díscolo	es
dísela	es
díselas	es
díselo	es
díselos	es
dístico	es
dítono	es
dña	es
dócil	es
dócilmente	es
dólar	es
dólope	es
dónde	es
dórico	es
dúctil	es
dúo	es
dúplice	es
e	es
ea	es
easonense	es
ebanista	es
ebanistería	es
ebionita	es
ebonita	es
ebriamente	es
ebriedad	es
ebrio	es
ebrioso	es
ebro	es
ebullición	es
eccehomo	es
eccema	es
eccematoso	es
ecdótica	es
ecdótico	es
eceptuar	es
echacantos	es
echacorvear	es
echacuervos	es
echada	es
echadera	es
echadero	es
echadizo	es
echadle	es
echadles	es
echadme	es
echadnos	es
echado	es
echador	es
echadura	es
echamiento	es
echaos	es
echapellas	es
echaperros	es
echar	es
echazón	es
echo	es
echémonos	es
ecijano	es
eclampsia	es
eclecticismo	es
eclesial	es
eclesiástico	es
eclipsar	es
eclipse	es
eclosionar	es
eclosión	es
ecléctico	es
eclíptica	es
eclíptico	es
eco	es
ecografía	es
ecoico	es
ecolalia	es
ecolocación	es
ecologismo	es
ecologista	es
ecología	es
ecológico	es
economato	es
economista	es
economizar	es
economía	es
económicamente	es
económico	es
ecoparque	es
ecorregión	es
ecosistema	es
ecosonda	es
ecotado	es
ectasia	es
ectodermo	es
ectodérmico	es
ectoparásito	es
ectopia	es
ecuable	es
ecuación	es
ecuador	es
ecualización	es
ecualizar	es
ecuanimidad	es
ecuante	es
ecuatoguineano	es
ecuatorial	es
ecuatorianismo	es
ecuatoriano	es
ecuestre	es
ecuménico	es
ecuo	es
ecuánime	es
ecónomo	es
ed	es
edad	es
edecán	es
edema	es
edematoso	es
edetano	es
edición	es
edicto	es
edificación	es
edificador	es
edificar	es
edificativo	es
edificatorio	es
edificio	es
edil	es
edilicio	es
edilidad	es
edit	es
editar	es
editor	es
editorial	es
editorializar	es
edrar	es
edredón	es
eduardo	es
educacional	es
educación	es
educada	es
educadamente	es
educado	es
educador	es
educando	es
educar	es
educativo	es
educir	es
edulcoradamente	es
edulcorante	es
edulcorar	es
edén	es
ef	es
efe	es
efebo	es
efectismo	es
efectista	es
efectivamente	es
efectividad	es
efectivo	es
efecto	es
efector	es
efectuar	es
efeminar	es
efemérides	es
eferente	es
efervescencia	es
efervescente	es
efesino	es
efesio	es
eficacia	es
eficaz	es
eficazmente	es
eficiencia	es
eficiente	es
eficientemente	es
efigiar	es
efigie	es
eflorecer	es
eflorescencia	es
eflorescente	es
efluente	es
efluir	es
efluvio	es
efod	es
efraimita	es
efrateo	es
efugio	es
efundir	es
efusivamente	es
efusivo	es
efusión	es
efímera	es
efímero	es
egabrense	es
egarense	es
egetano	es
egilope	es
egineta	es
egipciano	es
egipcio	es
egiptano	es
egipto	es
egiptólogo	es
ego	es
egocentrismo	es
egocéntrico	es
egolatría	es
egotismo	es
egoísmo	es
egoísta	es
egoístamente	es
egregiamente	es
egregio	es
egresar	es
eguar	es
eh	es
eidético	es
ej	es
ejabrir	es
ejarbe	es
eje	es
ejecución	es
ejecutante	es
ejecutar	es
ejecutiva	es
ejecutivamente	es
ejecutivo	es
ejecutor	es
ejecutoria	es
ejecutoriar	es
ejem	es
ejemplar	es
ejemplaridad	es
ejemplario	es
ejemplarizar	es
ejemplarmente	es
ejemplificación	es
ejemplificar	es
ejemplo	es
ejercer	es
ejercicio	es
ejercido	es
ejercitador	es
ejercitante	es
ejercitar	es
ejido	es
ejército	es
el	es
elaboración	es
elaboradamente	es
elaborado	es
elaborador	es
elaborar	es
elamita	es
elasticidad	es
elaterio	es
elato	es
elche	es
elda	es
ele	es
elección	es
electivo	es
electo	es
elector	es
electorado	es
electoral	es
electoralismo	es
electoralista	es
electorero	es
electricidad	es
electricista	es
electrificar	es
electrizador	es
electrizante	es
electrizar	es
electro	es
electroacústica	es
electroacústico	es
electrocardiograma	es
electrocardiógrafo	es
electrochoque	es
electrocutar	es
electrodinámica	es
electrodinámico	es
electrodo	es
electrodoméstico	es
electroencefalograma	es
electroencefalógrafo	es
electroforesis	es
electrolisis	es
electrolito	es
electrolizador	es
electrolizar	es
electrolítico	es
electromagnetismo	es
electromagnético	es
electromecánico	es
electromotor	es
electromotriz	es
electronegativo	es
electropositivo	es
electroquímica	es
electroscopio	es
electrostática	es
electrostático	es
electrotecnia	es
electroterapia	es
electrotipia	es
electrógeno	es
electrólisis	es
electrón	es
electrónicamente	es
electrónico	es
electuario	es
elefancia	es
elefancíaco	es
elefanta	es
elefante	es
elefantiasis	es
elefantino	es
elegancia	es
elegante	es
elegantemente	es
elegantizar	es
elegibilidad	es
elegido	es
elegir	es
elegía	es
elegíaco	es
elementado	es
elemental	es
elementalmente	es
elemento	es
elena	es
elenco	es
eleusino	es
elevación	es
elevadamente	es
elevado	es
elevador	es
elevalunas	es
elevamiento	es
elevar	es
eleático	es
elfo	es
elidir	es
eligible	es
eligir	es
elijar	es
eliminación	es
eliminador	es
eliminar	es
eliminatoria	es
eliminatorio	es
elipse	es
elipsis	es
elipsoidal	es
elipsoide	es
elisa	es
elisano	es
elisio	es
elite	es
elitismo	es
elitista	es
elixir	es
ella	es
elle	es
ello	es
elocución	es
elocuencia	es
elocuente	es
elocuentemente	es
elogiador	es
elogiar	es
elogio	es
elogioso	es
elongación	es
elongadamente	es
elongar	es
elote	es
elucidación	es
elucidar	es
elucidario	es
eluctable	es
elucubración	es
elucubrar	es
eludible	es
eludir	es
elusivo	es
elvira	es
elzeviriano	es
elzevirio	es
elástica	es
elásticamente	es
elástico	es
eléboro	es
eléctricamente	es
eléctrico	es
elíptico	es
elíseo	es
emanación	es
emanantismo	es
emanantista	es
emanar	es
emancipación	es
emancipador	es
emancipar	es
emascular	es
embabiamiento	es
embabucar	es
embachar	es
embadurnador	es
embadurnar	es
embaidor	es
embaimiento	es
embairemos	es
embairá	es
embairán	es
embairás	es
embairé	es
embairéis	es
embairía	es
embairíais	es
embairíamos	es
embairían	es
embairías	es
embajada	es
embajador	es
embajatorio	es
embalador	es
embalaje	es
embalar	es
embaldosado	es
embaldosadura	es
embaldosar	es
emballenador	es
emballenar	es
emballestar	es
embalsadero	es
embalsamador	es
embalsamamiento	es
embalsamar	es
embalsar	es
embalse	es
embalumar	es
embanastar	es
embancar	es
embanderar	es
embarazada	es
embarazado	es
embarazador	es
embarazar	es
embarazo	es
embarazosamente	es
embarazoso	es
embarbascar	es
embarbecer	es
embarbillar	es
embarcación	es
embarcadero	es
embarcador	es
embarcar	es
embarco	es
embardar	es
embargable	es
embargado	es
embargador	es
embargante	es
embargar	es
embargo	es
embarnecer	es
embarnecimiento	es
embarnizadura	es
embarnizar	es
embarque	es
embarrador	es
embarradura	es
embarrancar	es
embarrar	es
embarriar	es
embarrilador	es
embarrilar	es
embarrotar	es
embarullador	es
embarullar	es
embasamiento	es
embastar	es
embastecer	es
embatirse	es
embaucador	es
embaucamiento	es
embaucar	es
embaular	es
embausamiento	es
embazador	es
embazadura	es
embazar	es
embaí	es
embaía	es
embaíais	es
embaíamos	es
embaían	es
embaías	es
embaíd	es
embaída	es
embaídas	es
embaído	es
embaídos	es
embaímos	es
embaír	es
embaírse	es
embaís	es
embaíste	es
embaísteis	es
embebecer	es
embebecimiento	es
embeber	es
embebida	es
embecadura	es
embelecador	es
embelecamiento	es
embelecar	es
embelequero	es
embelesamiento	es
embelesar	es
embeleso	es
embeleñar	es
embelga	es
embellaquecer	es
embellecedor	es
embellecer	es
embellecimiento	es
embeodar	es
embermejar	es
embermejecer	es
emberrenchinar	es
emberrinchar	es
embestida	es
embestidor	es
embestidura	es
embestir	es
embetunado	es
embetunar	es
embicadura	es
embicar	es
embijar	es
embizcar	es
emblandecer	es
emblanquear	es
emblanquecer	es
emblema	es
emblemático	es
embobamiento	es
embobar	es
embobecer	es
embobecimiento	es
embobinar	es
embocadero	es
embocadura	es
embocar	es
embocinado	es
embodegar	es
embojar	es
embojo	es
embolado	es
embolar	es
embolia	es
embolicar	es
embolismador	es
embolismal	es
embolismar	es
embolsar	es
embonar	es
emboquera	es
emboquillar	es
embornal	es
emborrachacabras	es
emborrachador	es
emborrachamiento	es
emborrachar	es
emborrar	es
emborrascar	es
emborrazamiento	es
emborrazar	es
emborricar	es
emborrizar	es
emborronador	es
emborronar	es
emborrullar	es
emboscada	es
emboscadura	es
emboscar	es
embosquecer	es
embostar	es
embotamiento	es
embotar	es
embotellador	es
embotellamiento	es
embotellar	es
emboticar	es
embotijar	es
embotir	es
embovedar	es
embozadamente	es
embozalar	es
embozar	es
emboñigar	es
embracilar	es
embragar	es
embravecer	es
embravecimiento	es
embrazadura	es
embrazar	es
embreada	es
embreado	es
embreadura	es
embrear	es
embregar	es
embreñar	es
embriagador	es
embriagante	es
embriagar	es
embriago	es
embriaguez	es
embribar	es
embridar	es
embriogenia	es
embriología	es
embrionario	es
embrisar	es
embrión	es
embrocar	es
embrochalar	es
embrolla	es
embrollador	es
embrollar	es
embrollo	es
embrolloso	es
embrollón	es
embromador	es
embromar	es
embroquelar	es
embroquetar	es
embrosquilar	es
embrujador	es
embrujamiento	es
embrujar	es
embrutecedor	es
embrutecer	es
embrutecimiento	es
embuchado	es
embuchar	es
embudador	es
embudar	es
embudo	es
embullador	es
embullar	es
emburriar	es
emburujar	es
embuste	es
embustear	es
embustero	es
embustidor	es
embustir	es
embutar	es
embutición	es
embutida	es
embutidera	es
embutido	es
embutir	es
embuñegar	es
eme	es
emelga	es
emenagogo	es
emendar	es
emergencia	es
emergente	es
emerger	es
emeritense	es
emidosaurio	es
emigración	es
emigrante	es
emigrar	es
emigratorio	es
emilia	es
emilio	es
eminencia	es
eminencial	es
eminencialmente	es
eminente	es
eminentemente	es
emir	es
emirato	es
emiratos	es
emiratí	es
emisario	es
emisión	es
emisor	es
emitir	es
emocional	es
emocionalmente	es
emocionante	es
emocionar	es
emoción	es
emoliente	es
emolumento	es
emoticono	es
emotividad	es
emotivo	es
empacador	es
empacar	es
empachar	es
empacho	es
empachoso	es
empadrar	es
empadronador	es
empadronamiento	es
empadronar	es
empajar	es
empajolar	es
empalagamiento	es
empalagar	es
empalago	es
empalagoso	es
empalamiento	es
empalar	es
empaliar	es
empalidecer	es
empalizar	es
empalletado	es
empalmadura	es
empalmar	es
empalme	es
empalomar	es
empampirolado	es
empanadilla	es
empanado	es
empanar	es
empandar	es
empandillar	es
empantanar	es
empanzar	es
empapamiento	es
empapar	es
empapelador	es
empapelar	es
empapirotar	es
empapizar	es
empapuciar	es
empapujar	es
empapuzar	es
empaque	es
empaquetador	es
empaquetadura	es
empaquetar	es
emparamentar	es
emparchar	es
emparedado	es
emparedamiento	es
emparedar	es
emparejadamente	es
emparejador	es
emparejadura	es
emparejamiento	es
emparejar	es
emparentar	es
emparrado	es
emparrar	es
emparrillado	es
emparrillar	es
emparvar	es
empastador	es
empastar	es
empaste	es
empastelamiento	es
empastelar	es
empatadera	es
empatar	es
empate	es
empatizar	es
empatía	es
empavesado	es
empavesar	es
empavonar	es
empavorecer	es
empañadura	es
empañar	es
empañicar	es
empecatado	es
empece	es
empecedero	es
empecedor	es
empecen	es
empecer	es
empecerán	es
empeceré	es
empecería	es
empecerían	es
empechar	es
empecible	es
empeciente	es
empeciera	es
empecieran	es
empeciere	es
empecieren	es
empecieron	es
empeciese	es
empeciesen	es
empecimiento	es
empecinadamente	es
empecinado	es
empecinamiento	es
empecinar	es
empeció	es
empecía	es
empecían	es
empedecer	es
empedernecer	es
empedernida	es
empedernidas	es
empedernido	es
empedernidos	es
empedernir	es
empedernirse	es
empedrado	es
empedrador	es
empedramiento	es
empedrar	es
empegar	es
empeguntar	es
empeine	es
empeinoso	es
empelar	es
empelazgar	es
empelechar	es
empellar	es
empellejar	es
empeller	es
empellicar	es
empelotar	es
empenachado	es
empenachar	es
empendolar	es
empentar	es
empeoramiento	es
empeorar	es
empequeñecer	es
emperador	es
emperatriz	es
emperchar	es
empercudir	es
emperdigar	es
emperejilar	es
emperezar	es
empergaminar	es
emperifollar	es
empernar	es
empero	es
emperramiento	es
emperrar	es
empersonar	es
empesador	es
empesgar	es
empestar	es
empestillar	es
empetro	es
empezar	es
empezca	es
empezcan	es
empeñadamente	es
empeñado	es
empeñar	es
empeño	es
empeñosamente	es
empicar	es
empicotadura	es
empicotar	es
empiece	es
empiema	es
empigüelar	es
empilar	es
empinadura	es
empinamiento	es
empinar	es
empingorotar	es
empiolar	es
empipar	es
empireuma	es
empirismo	es
empirista	es
empitonar	es
empizarrar	es
empizcar	es
emplantillar	es
emplastadura	es
emplastamiento	es
emplastar	es
emplastecer	es
emplasto	es
emplatado	es
emplatar	es
emplazador	es
emplazamiento	es
emplazar	es
emplea	es
empleado	es
empleador	es
emplear	es
emplebeyecer	es
empleitero	es
empleo	es
emplomado	es
emplomadura	es
emplomar	es
emplumajar	es
emplumar	es
emplumecer	es
empobrecedor	es
empobrecer	es
empobrecimiento	es
empoderar	es
empodrecer	es
empolla	es
empolladura	es
empollar	es
empollón	es
empoltronecer	es
empolvar	es
empolvoramiento	es
empolvorar	es
empolvorizar	es
emponzoñamiento	es
emponzoñar	es
empopar	es
emporcar	es
emporio	es
empotrado	es
empotramiento	es
empotrar	es
empozar	es
empradizar	es
emprar	es
emprendedor	es
emprendedoramente	es
emprender	es
emprendimiento	es
emprensar	es
emprenta	es
emprentar	es
empresarial	es
empresario	es
empresentar	es
emprestar	es
emprestillar	es
empreñar	es
emprimar	es
emprimir	es
empringar	es
empréstito	es
empuchar	es
empuesta	es
empujador	es
empujar	es
empuje	es
empujón	es
empulgadura	es
empulgar	es
empuntar	es
empurpurado	es
empurrar	es
emputecer	es
empuyarse	es
empuñadura	es
empuñar	es
empuñidura	es
empáticamente	es
empático	es
empíreo	es
empíricamente	es
empírico	es
emulación	es
emulador	es
emular	es
emulgente	es
emulsionar	es
emulsivo	es
emulsión	es
emulsor	es
emuntorio	es
emérito	es
emético	es
en	es
enaceitar	es
enacerar	es
enaciyar	es
enagua	es
enaguachar	es
enaguar	es
enaguazar	es
enajenación	es
enajenado	es
enajenador	es
enajenamiento	es
enajenante	es
enajenar	es
enalbar	es
enalbardar	es
enalmagrar	es
enaltecedor	es
enaltecer	es
enaltecimiento	es
enamarillecer	es
enamoradamente	es
enamoradizo	es
enamorado	es
enamorador	es
enamoramiento	es
enamorar	es
enamoricar	es
enamoriscar	es
enanarse	es
enanchar	es
enangostar	es
enanismo	es
enano	es
enante	es
enanzar	es
enarbolar	es
enarcar	es
enardecedor	es
enardecer	es
enardecimiento	es
enarenar	es
enarmonar	es
enarrar	es
enartar	es
enaspar	es
enastar	es
enastilar	es
enatieza	es
enatío	es
encabalgar	es
encaballar	es
encabar	es
encabellar	es
encabellecer	es
encabestradura	es
encabestrar	es
encabezamiento	es
encabezar	es
encabezonar	es
encabrahigar	es
encabriar	es
encabrillar	es
encabritar	es
encabronar	es
encabruñar	es
encachar	es
encadar	es
encadenado	es
encadenadura	es
encadenamiento	es
encadenar	es
encaecer	es
encajadas	es
encajador	es
encajadura	es
encajar	es
encaje	es
encajerar	es
encajetillar	es
encajonamiento	es
encajonar	es
encalabozar	es
encalabriar	es
encalabrinamiento	es
encalabrinar	es
encalador	es
encalar	es
encalcar	es
encalladero	es
encalladura	es
encallar	es
encallecer	es
encallejonar	es
encalletrar	es
encalmadura	es
encalmar	es
encalostrar	es
encalvar	es
encalvecer	es
encalzar	es
encamar	es
encamarar	es
encambijar	es
encambrar	es
encambronar	es
encaminadura	es
encaminamiento	es
encaminar	es
encamisar	es
encamonado	es
encampanar	es
encanalar	es
encanalizar	es
encanallamiento	es
encanallar	es
encanar	es
encanastar	es
encancerar	es
encandecer	es
encandelar	es
encandiladamente	es
encandiladera	es
encandilado	es
encandilador	es
encandilar	es
encanecer	es
encanecimiento	es
encanijamiento	es
encanijar	es
encanillar	es
encantado	es
encantadoramente	es
encantamento	es
encantamiento	es
encantar	es
encantarar	es
encanto	es
encantorio	es
encantusar	es
encanutar	es
encapacetado	es
encapachadura	es
encapachar	es
encapado	es
encapar	es
encapazar	es
encaperuzar	es
encapilladura	es
encapillar	es
encapirotar	es
encapotadura	es
encapotamiento	es
encapotar	es
encaprichar	es
encapsular	es
encapuchar	es
encapuzar	es
encarado	es
encaramar	es
encaramiento	es
encarar	es
encaratular	es
encarcavinar	es
encarcelación	es
encarcelada	es
encarcelador	es
encarcelamiento	es
encarcelar	es
encarcerar	es
encarecedor	es
encarecer	es
encarecidamente	es
encargado	es
encargamiento	es
encargar	es
encargue	es
encariñar	es
encarnación	es
encarnadino	es
encarnado	es
encarnamiento	es
encarnar	es
encarnativo	es
encarnecer	es
encarnizadamente	es
encarnizamiento	es
encarnizar	es
encarpetar	es
encarriladera	es
encarrilar	es
encarrillar	es
encarroñar	es
encarrujado	es
encarrujar	es
encartación	es
encartamiento	es
encartar	es
encartonador	es
encartonar	es
encartuchar	es
encartujado	es
encasamento	es
encasar	es
encascabelar	es
encascar	es
encascotar	es
encasilladamente	es
encasillar	es
encasquetar	es
encasquillar	es
encastar	es
encastillador	es
encastillamiento	es
encastillar	es
encastrar	es
encatalejar	es
encatusar	es
encauchar	es
encausar	es
encauste	es
encausto	es
encauzamiento	es
encauzar	es
encavar	es
encañado	es
encañamar	es
encañar	es
encañizar	es
encañonado	es
encañonar	es
encañutar	es
encebadamiento	es
encebadar	es
encebollar	es
enceguecedor	es
enceguecer	es
encelajar	es
encelamiento	es
encelar	es
enceldamiento	es
enceldar	es
encella	es
encellar	es
encenagamiento	es
encenagar	es
encencerrado	es
encendaja	es
encendedor	es
encender	es
encendido	es
encendimiento	es
encendrar	es
encenizar	es
encensuar	es
encentamiento	es
encentar	es
encentrar	es
encepador	es
encepadura	es
encepar	es
encerado	es
encerador	es
enceramiento	es
encerar	es
encernadar	es
encerotar	es
encerradero	es
encerrar	es
encerrizar	es
encerrona	es
encespedar	es
encestar	es
enceste	es
encetadura	es
encetar	es
enchancletar	es
enchapar	es
enchapinado	es
encharcamiento	es
encharcar	es
enchavetar	es
enchicar	es
enchinar	es
enchinarrar	es
enchiqueramiento	es
enchiquerar	es
enchironar	es
enchispar	es
enchufar	es
enchufe	es
enchular	es
enchuletar	es
enchumbar	es
enciclopedia	es
enciclopedismo	es
enciclopedista	es
enciclopédico	es
encierro	es
encima	es
encimar	es
encimera	es
encina	es
encinal	es
encinar	es
encino	es
encintar	es
encismar	es
enciso	es
encitar	es
encizañar	es
enclaustrar	es
enclavar	es
enclavijar	es
enclenque	es
enclocar	es
encloquecer	es
encluecar	es
enclítico	es
encobar	es
encobertado	es
encobijar	es
encobilar	es
encobrar	es
encochado	es
encoclar	es
encocorar	es
encodillar	es
encofinar	es
encofrado	es
encofrar	es
encoger	es
encogido	es
encogimiento	es
encogollar	es
encohetar	es
encojar	es
encoladura	es
encolamiento	es
encolar	es
encolerizado	es
encolerizar	es
encomendado	es
encomendar	es
encomendero	es
encomenzar	es
encomiador	es
encomiar	es
encomiasta	es
encomienda	es
encomio	es
encomiástico	es
encompadrar	es
enconado	es
enconadura	es
enconamiento	es
enconar	es
enconchar	es
enconfitar	es
encono	es
enconoso	es
enconrear	es
encontradizo	es
encontrado	es
encontrar	es
encontrón	es
encopetar	es
encorachar	es
encorajar	es
encorajinar	es
encorar	es
encorchador	es
encorchar	es
encorchetar	es
encordadura	es
encordar	es
encordelar	es
encordonar	es
encorecer	es
encornado	es
encornudar	es
encorozar	es
encorralar	es
encorrear	es
encorselar	es
encorsetar	es
encortar	es
encortinar	es
encorujar	es
encorvada	es
encorvamiento	es
encorvar	es
encosadura	es
encostalar	es
encostar	es
encostillado	es
encostradura	es
encostrar	es
encovadura	es
encovar	es
encrasar	es
encrespado	es
encrespador	es
encrespadura	es
encrespamiento	es
encrespar	es
encrestar	es
encriptado	es
encriptar	es
encristalar	es
encrucijada	es
encrudecer	es
encrudelecer	es
encruelecer	es
encuadernación	es
encuadernador	es
encuadernar	es
encuadramiento	es
encuadrar	es
encuartar	es
encuarte	es
encuartero	es
encubar	es
encubertar	es
encubiertamente	es
encubierto	es
encubridizo	es
encubridor	es
encubrir	es
encuentro	es
encuerar	es
encuestador	es
encuestar	es
encuevar	es
encuitar	es
enculatar	es
enculpar	es
encumbramiento	es
encumbrar	es
encunar	es
encurdar	es
encureñar	es
encurtir	es
encéfalo	es
encía	es
encíclica	es
ende	es
endeble	es
endeblez	es
endeblucho	es
endechadera	es
endechar	es
endehesar	es
endeliñar	es
endemia	es
endemismo	es
endemoniadamente	es
endemoniado	es
endemoniar	es
endentar	es
endentecer	es
enderechar	es
endereza	es
enderezado	es
enderezamiento	es
enderezar	es
endeudamiento	es
endeudar	es
endevotado	es
endeñar	es
endiabladamente	es
endiablar	es
endibia	es
endilgador	es
endilgar	es
endiosamiento	es
endiosar	es
endivia	es
endiñar	es
endoblado	es
endoblar	es
endocardio	es
endocarditis	es
endocarpio	es
endocrino	es
endocrinólogo	es
endodermo	es
endoesqueleto	es
endogamia	es
endogénesis	es
endolinfa	es
endomingar	es
endonar	es
endorreico	es
endorsar	es
endosar	es
endosatario	es
endoscopia	es
endoscopio	es
endoselar	es
endoso	es
endospermo	es
endotelial	es
endotelio	es
endovenoso	es
endrezar	es
endriago	es
endrina	es
endrinal	es
endrino	es
endrogar	es
endulcecer	es
endulzadura	es
endulzar	es
endulzorar	es
endulzurar	es
endurador	es
endurar	es
endurecedor	es
endurecer	es
endurecimiento	es
endémico	es
ene	es
enea	es
eneal	es
eneasílabo	es
enebral	es
enebrina	es
enebro	es
enechar	es
enejar	es
eneldo	es
enema	es
enemiga	es
enemigar	es
enemigo	es
enemistad	es
enemistar	es
energizante	es
energizar	es
energética	es
energético	es
energía	es
energúmeno	es
enerizar	es
enero	es
enertarse	es
enervador	es
enervamiento	es
enervante	es
enervantemente	es
enervar	es
enescar	es
enfadadamente	es
enfadadizo	es
enfadadísimo	es
enfadamiento	es
enfadar	es
enfado	es
enfadosamente	es
enfadoso	es
enfaenado	es
enfajar	es
enfaldador	es
enfaldar	es
enfaldo	es
enfangar	es
enfardador	es
enfardar	es
enfardelador	es
enfardeladura	es
enfardelar	es
enfastiar	es
enfatizar	es
enferma	es
enfermar	es
enfermedad	es
enfermero	es
enfermería	es
enfermizar	es
enfermizo	es
enfermo	es
enfermucho	es
enferozar	es
enfervorecer	es
enfervorizador	es
enfervorizar	es
enfestar	es
enfeudar	es
enfiar	es
enficionar	es
enfielar	es
enfierecer	es
enfiestar	es
enfilar	es
enfingir	es
enfisema	es
enfistolar	es
enfiteuta	es
enfiteuticario	es
enfitéutico	es
enfiuzar	es
enflacar	es
enflaquecer	es
enflaquecimiento	es
enflautar	es
enflechado	es
enflorar	es
enflorecer	es
enfocar	es
enfogar	es
enforcar	es
enfornar	es
enforrar	es
enfortalecer	es
enfortecer	es
enfortir	es
enfoscadero	es
enfoscar	es
enfotarse	es
enfrailar	es
enfranque	es
enfranquecer	es
enfrascamiento	es
enfrascar	es
enfrenamiento	es
enfrenar	es
enfrentamiento	es
enfrentar	es
enfrente	es
enfriadera	es
enfriadero	es
enfriador	es
enfriamiento	es
enfriar	es
enfrontar	es
enfrontilar	es
enfroscar	es
enfullar	es
enfundadura	es
enfundar	es
enfurecer	es
enfurecimiento	es
enfuriar	es
enfurruscar	es
enfurruñamiento	es
enfurruñar	es
enfurtido	es
enfurtir	es
enfusar	es
enfusir	es
enfuñar	es
enfáticamente	es
enfático	es
engafar	es
engafecer	es
engafetar	es
engaitador	es
engaitar	es
engalabernar	es
engalanar	es
engalgar	es
engaliar	es
engallador	es
engallar	es
engalle	es
enganchador	es
enganchamiento	es
enganchar	es
enganche	es
engandujar	es
engarabatar	es
engarabitar	es
engarbar	es
engarberar	es
engarbullar	es
engarce	es
engarfiar	es
engargantadura	es
engargantar	es
engargante	es
engargolar	es
engaritar	es
engarmar	es
engarnio	es
engarrafador	es
engarrafar	es
engarrar	es
engarro	es
engarronar	es
engarrotar	es
engarzador	es
engarzadura	es
engarzar	es
engasgar	es
engastador	es
engastadura	es
engastar	es
engaste	es
engastonar	es
engatar	es
engatillar	es
engatusador	es
engatusamiento	es
engatusar	es
engaviar	es
engavillar	es
engazador	es
engazamiento	es
engazar	es
engañabobos	es
engañador	es
engañar	es
engañifa	es
engaño	es
engañosamente	es
engañoso	es
engendrador	es
engendramiento	es
engendrar	es
engendro	es
engeridor	es
engerir	es
engestado	es
engeñar	es
engibar	es
englandado	es
englantado	es
englobar	es
englutir	es
engocetar	es
engolar	es
engolfar	es
engolillado	es
engollamiento	es
engolletado	es
engolletar	es
engollipar	es
engolondrinar	es
engolosinador	es
engolosinar	es
engomado	es
engomadura	es
engomar	es
engominar	es
engonzar	es
engorar	es
engordadero	es
engordador	es
engordar	es
engordecer	es
engorgoritar	es
engorrar	es
engorronar	es
engorroso	es
engoznar	es
engraciar	es
engramear	es
engranaje	es
engranar	es
engrandar	es
engrandecer	es
engrandecimiento	es
engranerar	es
engranujar	es
engrapar	es
engrasador	es
engrasar	es
engravecer	es
engredar	es
engreimiento	es
engrescar	es
engreído	es
engreír	es
engrifar	es
engrillar	es
engrilletar	es
engringar	es
engrosamiento	es
engrosar	es
engrosecer	es
engrudador	es
engrudamiento	es
engrudar	es
engrudo	es
engruesar	es
engrumecer	es
engruñar	es
enguachinar	es
engualdrapar	es
enguantar	es
enguatar	es
enguedejado	es
enguerar	es
enguichado	es
enguijarrar	es
enguillotar	es
enguirnaldar	es
enguizgar	es
engullidor	es
engullir	es
engurrar	es
engurrio	es
engurruminar	es
engurrumir	es
engurruñar	es
engurruñir	es
engusgar	es
engüerar	es
enhacinar	es
enhadar	es
enharinar	es
enhastiar	es
enhastillar	es
enhatijar	es
enhebillar	es
enhebrar	es
enhechizar	es
enhenar	es
enherbolar	es
enhestador	es
enhestadura	es
enhestamiento	es
enhestar	es
enhetrar	es
enhielar	es
enhiesto	es
enhilar	es
enhollinar	es
enhorabuena	es
enhoramala	es
enhorcar	es
enhornar	es
enhotar	es
enhuecar	es
enhuerar	es
enhumedecer	es
enigma	es
enigmatista	es
enigmáticamente	es
enigmático	es
enjabonar	es
enjaezar	es
enjaguadura	es
enjaguar	es
enjalbegador	es
enjalbegadura	es
enjalbegar	es
enjalbiego	es
enjalmar	es
enjambradera	es
enjambradero	es
enjambrar	es
enjambre	es
enjaquimar	es
enjarciar	es
enjardar	es
enjardinar	es
enjaretado	es
enjaretar	es
enjaular	es
enjebar	es
enjergar	es
enjerir	es
enjero	es
enjertal	es
enjertar	es
enjordanar	es
enjorguinar	es
enjoyar	es
enjoyelado	es
enjoyelador	es
enjuagadientes	es
enjuagadura	es
enjuagar	es
enjuagatorio	es
enjuague	es
enjugador	es
enjugar	es
enjuiciamiento	es
enjuiciar	es
enjullo	es
enjuncar	es
enjundia	es
enjundioso	es
enjurar	es
enjuta	es
enjutar	es
enjuto	es
enlabiador	es
enlabiar	es
enlace	es
enlaciar	es
enladrillado	es
enladrilladura	es
enladrillar	es
enlagunar	es
enlamar	es
enlaminar	es
enlanchar	es
enlardar	es
enlatar	es
enlazador	es
enlazadura	es
enlazamiento	es
enlazar	es
enlechar	es
enlechuguillado	es
enlegajar	es
enlegamar	es
enlejiar	es
enlenzar	es
enlerdar	es
enligar	es
enlijar	es
enlistonar	es
enlizar	es
enllantar	es
enllenar	es
enllentecer	es
enllocar	es
enlobreguecer	es
enlodadura	es
enlodamiento	es
enlodar	es
enlodazar	es
enlomar	es
enloquecedor	es
enloquecer	es
enloquecimiento	es
enlosado	es
enlosador	es
enlosar	es
enlozanar	es
enlucernar	es
enlucido	es
enlucidor	es
enlucir	es
enlustrecer	es
enlutar	es
enmaderar	es
enmadrar	es
enmagrecer	es
enmalecer	es
enmallar	es
enmangar	es
enmantar	es
enmarar	es
enmarañar	es
enmarcar	es
enmarchitar	es
enmaridar	es
enmarillecer	es
enmaromar	es
enmascarado	es
enmascaramiento	es
enmascarar	es
enmasillar	es
enmatar	es
enmechar	es
enmelar	es
enmendador	es
enmendadura	es
enmendar	es
enmienda	es
enmocecer	es
enmohecer	es
enmohecimiento	es
enmollecer	es
enmondar	es
enmontar	es
enmoquetar	es
enmordazar	es
enmostar	es
enmotar	es
enmudecer	es
enmudecimiento	es
enmugrecer	es
enmustiar	es
enneciar	es
ennegrecer	es
ennegrecimiento	es
ennoblecedor	es
ennoblecer	es
ennoblecimiento	es
ennudecer	es
enojadizo	es
enojar	es
enojosa	es
enojosamente	es
enojoso	es
enorgullecedor	es
enorgullecer	es
enorgullecimiento	es
enorme	es
enormemente	es
enormidad	es
enotecnia	es
enoyar	es
enquiciar	es
enquillotrar	es
enquistar	es
enrabar	es
enrabiar	es
enrabietar	es
enracimar	es
enrafar	es
enraigonar	es
enraizar	es
enralecer	es
enramada	es
enramado	es
enramar	es
enramblar	es
enranciar	es
enrarecer	es
enrarecimiento	es
enrasamiento	es
enrasar	es
enrase	es
enrasillar	es
enratonar	es
enrayar	es
enreciar	es
enredadera	es
enredador	es
enredar	es
enredijo	es
enredo	es
enredoso	es
enrehojar	es
enrejadura	es
enrejalar	es
enrejar	es
enresmar	es
enrevesado	es
enriado	es
enriador	es
enriamiento	es
enriar	es
enridar	es
enrielar	es
enrigidecer	es
enriostrar	es
enripiar	es
enrique	es
enriquecedor	es
enriquecer	es
enriquecimiento	es
enriscamiento	es
enriscar	es
enristrar	es
enrizamiento	es
enrizar	es
enrobinar	es
enrobrescido	es
enrocar	es
enrodar	es
enrodelado	es
enrodrigar	es
enrodrigonar	es
enrojar	es
enrojecer	es
enrojecimiento	es
enrolamiento	es
enrolar	es
enrollado	es
enrollamiento	es
enrollar	es
enromar	es
enronar	es
enronquecer	es
enronquecimiento	es
enroscadura	es
enroscamiento	es
enroscar	es
enroñar	es
enrredosamente	es
enrubescer	es
enrubiador	es
enrubiar	es
enrudecer	es
enrugar	es
enruinecer	es
enrunar	es
ensabanar	es
ensaimada	es
ensaladera	es
ensalivar	es
ensalmador	es
ensalmar	es
ensalobrar	es
ensalzador	es
ensalzamiento	es
ensalzar	es
ensambenitar	es
ensamblado	es
ensamblador	es
ensambladura	es
ensamblar	es
ensamble	es
ensancha	es
ensanchador	es
ensanchamiento	es
ensanchar	es
ensanche	es
ensandecer	es
ensangostar	es
ensangrentamiento	es
ensangrentar	es
ensarmentar	es
ensarnecer	es
ensartar	es
ensay	es
ensayador	es
ensayalar	es
ensayar	es
ensaye	es
ensayismo	es
ensayista	es
ensañado	es
ensañamiento	es
ensañar	es
ensebar	es
ensecar	es
enseguida	es
enselvar	es
ensenada	es
ensenar	es
enserar	es
enseriar	es
enserir	es
enseñado	es
enseñanza	es
enseñar	es
enseñorear	es
ensiforme	es
ensilado	es
ensilaje	es
ensilar	es
ensilladura	es
ensillar	es
ensilvecer	es
ensimismamiento	es
ensimismar	es
ensobear	es
ensoberbecer	es
ensoberbecimiento	es
ensobinar	es
ensobrar	es
ensogar	es
ensolerar	es
ensolver	es
ensombrecer	es
ensombrerado	es
ensopar	es
ensordar	es
ensordecedor	es
ensordecer	es
ensordecimiento	es
ensortijamiento	es
ensortijar	es
ensotar	es
ensoñación	es
ensoñar	es
ensuciador	es
ensuciamiento	es
ensuciar	es
ensugar	es
ensullo	es
ensáis	es
entabacar	es
entablada	es
entabladura	es
entablamento	es
entablar	es
entablerar	es
entablillar	es
entada	es
entado	es
entalamadura	es
entalamar	es
entalegar	es
entalingar	es
entallamiento	es
entallar	es
entallecer	es
entalonar	es
entalpía	es
entamar	es
entandar	es
entapecer	es
entapizar	es
entapujar	es
entarascar	es
entarimado	es
entarimador	es
entarimar	es
entarquinamiento	es
entarquinar	es
entarugar	es
ente	es
entecar	es
entecarse	es
enteco	es
entejar	es
entelar	es
entelequia	es
entelerido	es
entenciar	es
entendedor	es
entender	es
entendida	es
entendido	es
entendimiento	es
entenebrar	es
entenebrecer	es
entenga	es
entente	es
entera	es
enterado	es
enteralgia	es
enteramente	es
enterar	es
entercar	es
entereza	es
enteritis	es
enterizo	es
enternecedor	es
enternecedoramente	es
enternecer	es
enternecidamente	es
enternecimiento	es
entero	es
enterocolitis	es
enterrador	es
enterramiento	es
enterrar	es
enterísima	es
entesar	es
entestar	es
entestecer	es
entibación	es
entibar	es
entibiar	es
entibiecer	es
entidad	es
entierro	es
entiesar	es
entigrecer	es
entimema	es
entinar	es
entintado	es
entintar	es
entirriarse	es
entitativo	es
entizar	es
entiznar	es
entlo	es
entolar	es
entoldado	es
entoldar	es
entomecer	es
entomizar	es
entomología	es
entomólogo	es
entonación	es
entonamiento	es
entonar	es
entonce	es
entonces	es
entonelar	es
entongar	es
entontecer	es
entontecimiento	es
entorcar	es
entorchada	es
entorchado	es
entorchar	es
entorilar	es
entornar	es
entornillar	es
entorpecedor	es
entorpecer	es
entorpecimiento	es
entortar	es
entortijar	es
entosicar	es
entosigar	es
entoñar	es
entrabar	es
entrada	es
entradla	es
entradlas	es
entradle	es
entradles	es
entradlo	es
entradlos	es
entradme	es
entradnos	es
entrado	es
entrador	es
entramado	es
entramar	es
entrambos	es
entrampar	es
entrampillar	es
entrante	es
entraos	es
entrapajar	es
entrapar	es
entrapazar	es
entrar	es
entraña	es
entrañable	es
entrañablemente	es
entrañar	es
entrañizar	es
entraño	es
entre	es
entreabierto	es
entreabrir	es
entrecanal	es
entrecasco	es
entrecavar	es
entrecejo	es
entrecerrar	es
entrechocar	es
entrecoger	es
entrecomar	es
entrecomillado	es
entrecomillar	es
entrecortar	es
entrecriar	es
entrecruzar	es
entrecuesto	es
entredecir	es
entrederramar	es
entredicho	es
entredoble	es
entredí	es
entredós	es
entreforro	es
entrega	es
entregada	es
entregador	es
entregar	es
entregerir	es
entreguerras	es
entrejuntar	es
entrelazado	es
entrelazamiento	es
entrelazar	es
entrelinear	es
entrellevar	es
entrelucir	es
entremediar	es
entremesar	es
entremesear	es
entremesista	es
entremeter	es
entremezclar	es
entremiche	es
entremijo	es
entremiso	es
entremorir	es
entremostrar	es
entremés	es
entrenador	es
entrenamiento	es
entrenar	es
entrencar	es
entrenudo	es
entrenzar	es
entreoír	es
entrepalmadura	es
entreparecer	es
entrepelar	es
entrepernar	es
entreponer	es
entrepretado	es
entrepuente	es
entrepunzar	es
entrerrenglonar	es
entrerriano	es
entresijo	es
entretallar	es
entretanto	es
entretejer	es
entretela	es
entretelar	es
entretenedor	es
entretener	es
entretenidamente	es
entretenido	es
entretenimiento	es
entretomar	es
entretén	es
entreuntar	es
entrevar	es
entrevenar	es
entrevenir	es
entrever	es
entreverado	es
entreverar	es
entrevigar	es
entrevistador	es
entrevistar	es
entrevisto	es
entrevolver	es
entrevé	es
entreyacer	es
entricar	es
entriega	es
entrillar	es
entripado	es
entristecedor	es
entristecer	es
entristecimiento	es
entrizar	es
entro	es
entrojar	es
entrometer	es
entrometido	es
entrometimiento	es
entronar	es
entroncamiento	es
entroncar	es
entronecer	es
entronerar	es
entronización	es
entronizar	es
entropezar	es
entropía	es
entruchar	es
entruejo	es
entrujar	es
entrémonos	es
entubajar	es
entubar	es
entuerto	es
entullecer	es
entumecer	es
entumecimiento	es
entumir	es
entunicar	es
entupir	es
enturar	es
enturbiamiento	es
enturbiar	es
entusiasmar	es
entusiasmo	es
entusiasta	es
entusiastamente	es
entusiástico	es
entuñar	es
enumeración	es
enumerar	es
enumerativo	es
enunciación	es
enunciado	es
enunciar	es
enunciativo	es
envacar	es
envaguecer	es
envainador	es
envainar	es
envalentonamiento	es
envalentonar	es
envalijar	es
envanecer	es
envanecimiento	es
envaramiento	es
envarar	es
envarbascar	es
envarescer	es
envaronar	es
envasador	es
envasar	es
envase	es
envedijar	es
envejecer	es
envejecido	es
envejecimiento	es
envelar	es
envenenador	es
envenenamiento	es
envenenar	es
enverar	es
enverdecer	es
enverdir	es
envergadura	es
envergar	es
envergonzar	es
enverjado	es
envernar	es
envesar	es
envestir	es
enviado	es
enviajado	es
enviar	es
enviciamiento	es
enviciar	es
enviciosarse	es
envidador	es
envidar	es
envidia	es
envidiar	es
envidioso	es
enviejar	es
envigar	es
envilecedor	es
envilecer	es
envilecimiento	es
envilortar	es
envinagrar	es
envinar	es
envirar	es
envirotado	es
enviscamiento	es
enviscar	es
envite	es
enviudar	es
envión	es
envoltorio	es
envoltura	es
envolvedero	es
envolvedor	es
envolvente	es
envolver	es
envolvimiento	es
envueltas	es
envuelto	es
envés	es
envío	es
enyerbar	es
enyertar	es
enyesado	es
enyesadura	es
enyesar	es
enyescarse	es
enyugar	es
enyuntar	es
enza	es
enzainar	es
enzalamar	es
enzamarrado	es
enzarzar	es
enzima	es
enzimático	es
enzootia	es
enzoquetar	es
enzunchar	es
enzurdecer	es
enzurizar	es
enzurronar	es
enérgicamente	es
enérgico	es
enésimo	es
eoceno	es
eolio	es
eolito	es
epacta	es
epanadiplosis	es
epanalepsis	es
epanortosis	es
epazote	es
eperlano	es
epicarpio	es
epicedio	es
epiceno	es
epicentro	es
epiceyo	es
epiciclo	es
epicicloide	es
epidemia	es
epidemial	es
epidemicidad	es
epidemiología	es
epidemiólogo	es
epidermis	es
epidiascopio	es
epidémico	es
epidérmico	es
epifanía	es
epifito	es
epifonema	es
epigastrio	es
epigeo	es
epiglosis	es
epiglotis	es
epigrafista	es
epigrafía	es
epigrama	es
epigramatario	es
epigramatista	es
epigramista	es
epigramático	es
epigástrico	es
epilense	es
epilepsia	es
epilogal	es
epilogar	es
epilogismo	es
epiléptico	es
epinicio	es
epiquerema	es
epiqueya	es
epirota	es
episcopado	es
episcopal	es
episcopalismo	es
episcopio	es
episcopologio	es
episodio	es
epistaxis	es
epistemología	es
epistemológico	es
epistemólogo	es
epistolar	es
epistolario	es
epistolero	es
epistolio	es
episódicamente	es
episódico	es
epitafio	es
epitalamio	es
epitelial	es
epitelio	es
epitelioma	es
epitimar	es
epitomar	es
epizootia	es
epizoótico	es
epopeya	es
epsomita	es
epífito	es
epígrafe	es
epílogo	es
epístola	es
epíteto	es
epítome	es
epónimo	es
equidad	es
equidiferencia	es
equidistancia	es
equidistante	es
equidistar	es
equidna	es
equilibrada	es
equilibrado	es
equilibrar	es
equilibrio	es
equilibrismo	es
equilibrista	es
equilicuá	es
equilátero	es
equimosis	es
equino	es
equinoccial	es
equinoccio	es
equinococo	es
equinodermo	es
equipación	es
equipamiento	es
equipar	es
equiparar	es
equipo	es
equipolado	es
equipolencia	es
equipolente	es
equiponderancia	es
equiponderar	es
equipotencial	es
equis	es
equiseto	es
equisetínea	es
equisetíneo	es
equitación	es
equitativamente	es
equitativo	es
equivalencia	es
equivalente	es
equivalentemente	es
equivaler	es
equivocación	es
equivocadamente	es
equivocar	es
equivoquista	es
equívoca	es
equívoco	es
era	es
eradicativo	es
erais	es
eraje	es
eral	es
erala	es
eran	es
erandio	es
erar	es
erario	es
eras	es
erasmiano	es
erasmismo	es
erasmista	es
erbio	es
ercavicense	es
ercer	es
ere	es
erebo	es
erección	es
erectilidad	es
erecto	es
erector	es
eremita	es
eremitorio	es
eres	es
eretismo	es
erg	es
ergio	es
ergo	es
ergonomía	es
ergonómicamente	es
ergonómico	es
ergotina	es
ergotismo	es
ergotista	es
ergotizar	es
erguid	es
erguida	es
erguidas	es
erguido	es
erguidos	es
erguimiento	es
erguimos	es
erguir	es
erguiremos	es
erguirse	es
erguirá	es
erguiráis	es
erguirán	es
erguirás	es
erguiré	es
erguiría	es
erguiríais	es
erguiríamos	es
erguirían	es
erguirías	es
erguiste	es
erguisteis	es
erguí	es
erguía	es
erguíais	es
erguíamos	es
erguían	es
erguías	es
erguís	es
erial	es
ericácea	es
ericáceo	es
erigir	es
erina	es
eringe	es
eriotecnia	es
erisipela	es
erisipelar	es
erisipelatoso	es
eritema	es
eritrea	es
eritreo	es
eritroblastosis	es
eritrocito	es
erizado	es
erizamiento	es
erizar	es
erizo	es
ermar	es
ermita	es
ermitaño	es
ermitorio	es
ermunio	es
ernesto	es
ero	es
erogar	es
erosionar	es
erosivo	es
erosión	es
erotema	es
erotismo	es
erotizante	es
errabundo	es
errada	es
erradamente	es
erradicación	es
erradicar	es
erradizo	es
errado	es
erraj	es
errante	es
errar	es
errata	es
erre	es
error	es
erráticamente	es
errático	es
erróneamente	es
erróneo	es
erubescencia	es
erubescente	es
eructar	es
eructo	es
erudición	es
eruditamente	es
erudito	es
eruginoso	es
erupción	es
eruptivo	es
erutar	es
ervato	es
ervilla	es
eréctil	es
ería	es
erógeno	es
erótica	es
erótico	es
es	es
esa	es
esbarar	es
esbardo	es
esbarizar	es
esbatimentar	es
esbatimento	es
esbeltez	es
esbelto	es
esbirro	es
esblandecer	es
esblencar	es
esborregar	es
esbozar	es
esbozo	es
esbrencar	es
esbronce	es
esca	es
escabechar	es
escabechina	es
escabel	es
escabiosa	es
escabioso	es
escabro	es
escabrosamente	es
escabrosear	es
escabrosidad	es
escabroso	es
escabuchar	es
escabullar	es
escabullimiento	es
escabullir	es
escacado	es
escachar	es
escacharrar	es
escachifollar	es
escaecer	es
escafandra	es
escafandro	es
escafilar	es
escafoides	es
escagarruzar	es
escajo	es
escajocote	es
escala	es
escalaborne	es
escalabrar	es
escalada	es
escalado	es
escalador	es
escalafón	es
escalamiento	es
escalar	es
escaldadura	es
escaldar	es
escaldufar	es
escalecer	es
escaleno	es
escalentar	es
escalera	es
escaleta	es
escalfador	es
escalfar	es
escalfarote	es
escalfecer	es
escalfeta	es
escaliar	es
escalinata	es
escalla	es
escalmo	es
escalo	es
escalofriante	es
escalofriar	es
escalofrío	es
escalonamiento	es
escalonar	es
escalonia	es
escalope	es
escalpelo	es
escalplo	es
escalón	es
escama	es
escamado	es
escamadura	es
escamar	es
escamel	es
escamochar	es
escamochear	es
escamondadura	es
escamondar	es
escamonea	es
escamonear	es
escamoso	es
escamotar	es
escamoteador	es
escamotear	es
escampar	es
escampilla	es
escamudo	es
escamujar	es
escanciador	es
escanciar	es
escanda	es
escandalar	es
escandalera	es
escandalizador	es
escandalizar	es
escandalizativo	es
escandallar	es
escandallo	es
escandalosamente	es
escandaloso	es
escandelar	es
escandia	es
escandinavo	es
escandir	es
escanear	es
escanilla	es
escantar	es
escantillar	es
escantillón	es
escapado	es
escapar	es
escaparate	es
escapatoria	es
escape	es
escapo	es
escapular	es
escapulario	es
escaque	es
escaqueado	es
escaquear	es
escara	es
escarabaja	es
escarabajear	es
escarabajo	es
escarabajuelo	es
escaramucear	es
escaramujo	es
escaramuza	es
escaramuzador	es
escaramuzar	es
escarapelar	es
escarbadero	es
escarbadientes	es
escarbador	es
escarbadura	es
escarbaorejas	es
escarbar	es
escarbillos	es
escarcear	es
escarcela	es
escarchado	es
escarchar	es
escarcina	es
escarcinazo	es
escarcuñar	es
escarda	es
escardadera	es
escardador	es
escardadura	es
escardar	es
escardillar	es
escardillo	es
escarear	es
escariador	es
escariar	es
escarificada	es
escarificador	es
escarificar	es
escarioso	es
escarizar	es
escarlador	es
escarlata	es
escarlatina	es
escarmenador	es
escarmenar	es
escarmentar	es
escarmiento	es
escarnar	es
escarnecedor	es
escarnecer	es
escarnecimiento	es
escarnio	es
escaro	es
escarola	es
escarolado	es
escarolar	es
escarpa	es
escarpado	es
escarpadura	es
escarpar	es
escarpelo	es
escarpia	es
escarpiador	es
escarpiar	es
escarpidor	es
escarramanado	es
escarramanchones	es
escarramán	es
escarranchar	es
escarrio	es
escartivana	es
escarzador	es
escarzano	es
escarzar	es
escasamente	es
escasear	es
escasez	es
escaso	es
escatima	es
escatimar	es
escatimosamente	es
escatimoso	es
escatofagia	es
escatológicamente	es
escavanar	es
escavar	es
escavillar	es
escay	es
escayola	es
escayolar	es
escañar	es
escaño	es
escena	es
escenario	es
escenificar	es
escenografía	es
escenográfico	es
escenógrafo	es
escepticismo	es
escibar	es
esciente	es
escindir	es
escintilar	es
escirro	es
escisión	es
escita	es
esclafar	es
esclarea	es
esclarecedor	es
esclarecer	es
esclarecidamente	es
esclarecido	es
esclarecimiento	es
esclava	es
esclavina	es
esclavista	es
esclavitud	es
esclavización	es
esclavizar	es
esclavo	es
esclavonio	es
esclavón	es
esclerodermia	es
esclerosar	es
esclerosis	es
esclerótica	es
esclerótico	es
esclisiado	es
esclusa	es
escoa	es
escoba	es
escobajo	es
escobar	es
escobazar	es
escobero	es
escobeta	es
escobillar	es
escobina	es
escobino	es
escobio	es
escobizo	es
escobén	es
escobón	es
escocar	es
escocedura	es
escocer	es
escocia	es
escocimiento	es
escocés	es
escoda	es
escodadero	es
escodar	es
escofia	es
escofiar	es
escofieta	es
escofinar	es
escogedor	es
escoger	es
escogida	es
escogido	es
escogimiento	es
escolano	es
escolapio	es
escolar	es
escolaridad	es
escolariego	es
escolarino	es
escolarización	es
escolarizar	es
escolasticismo	es
escoliador	es
escoliar	es
escoliasta	es
escolimado	es
escolimoso	es
escoliosis	es
escollar	es
escollera	es
escollo	es
escolopendra	es
escolta	es
escoltar	es
escolástico	es
escomar	es
escombrar	es
escombrera	es
escombro	es
escomearse	es
escomendrijo	es
escomer	es
esconce	es
escondecucas	es
escondedero	es
esconder	es
escondidamente	es
escondidijo	es
escondido	es
escondimiento	es
escondite	es
escondrijo	es
esconzar	es
escopecina	es
escopeta	es
escopetazo	es
escopetear	es
escopetero	es
escopladura	es
escopleadura	es
escoplear	es
escoplo	es
escorar	es
escorbuto	es
escorchado	es
escorchar	es
escordio	es
escoria	es
escoriación	es
escorial	es
escoriar	es
escorpena	es
escorpera	es
escorpina	es
escorpioide	es
escorpión	es
escorredero	es
escorredor	es
escorrentía	es
escorrozo	es
escorzar	es
escorzonera	es
escosar	es
escoscar	es
escota	es
escotada	es
escotado	es
escotadura	es
escotar	es
escote	es
escotera	es
escotero	es
escotillón	es
escotismo	es
escotista	es
escoto	es
escotoma	es
escotorrar	es
escoyo	es
escozar	es
escozor	es
escribanil	es
escribanillo	es
escribano	es
escribidor	es
escribiente	es
escribir	es
escripia	es
escrita	es
escrito	es
escritor	es
escritorio	es
escritura	es
escriturar	es
escrofularia	es
escrofulariácea	es
escrofulariáceo	es
escrofulismo	es
escrofuloso	es
escrotal	es
escroto	es
escrudiñar	es
escrupulear	es
escrupulillo	es
escrupulizar	es
escrupulosa	es
escrupulosamente	es
escrupulosidad	es
escrupuloso	es
escrutador	es
escrutar	es
escrutinio	es
escrófula	es
escrúpulo	es
escuadra	es
escuadrar	es
escuadreo	es
escuadronar	es
escuadría	es
escuadrón	es
escualidez	es
escualo	es
escualor	es
escucha	es
escuchador	es
escuchar	es
escuchimizado	es
escudar	es
escudella	es
escuderear	es
escuderil	es
escuderilmente	es
escudero	es
escudería	es
escudete	es
escudilla	es
escudillador	es
escudillar	es
escudo	es
escudriñador	es
escudriñar	es
escuela	es
escuerzo	es
escuetamente	es
escueto	es
esculcar	es
escullador	es
escullar	es
escullir	es
esculpidor	es
esculpir	es
escultista	es
escultor	es
escultura	es
escultural	es
escultórico	es
escuna	es
escupetina	es
escupidera	es
escupidero	es
escupido	es
escupidor	es
escupidura	es
escupir	es
escupitajo	es
escupitina	es
escupitinajo	es
escurar	es
escurecer	es
escureta	es
escurialense	es
escurra	es
escurreplatos	es
escurribanda	es
escurridero	es
escurridizo	es
escurrido	es
escurridor	es
escurrilidad	es
escurrimbres	es
escurrimiento	es
escurrir	es
escusa	es
escusabaraja	es
escusado	es
escusar	es
escutiforme	es
escuyer	es
escuálido	es
escáis	es
escálamo	es
escándalo	es
escáner	es
escápula	es
escénico	es
escéptico	es
escúter	es
esdrujulizar	es
esdrújulo	es
ese	es
esecilla	es
esencia	es
esencial	es
esencialidad	es
esencialmente	es
esenciarse	es
esenciero	es
esenio	es
eser	es
esfacelar	es
esfenoides	es
esfera	es
esferal	es
esfericidad	es
esferoidal	es
esferoide	es
esfinge	es
esfogar	es
esfolar	es
esfornecinar	es
esforrocinar	es
esforzadamente	es
esforzado	es
esforzador	es
esforzar	es
esfoyar	es
esfoyaza	es
esfriar	es
esfuerzo	es
esfumar	es
esfuminar	es
esférica	es
esférico	es
esgarrar	es
esgonzar	es
esgrafiar	es
esgrima	es
esgrimidor	es
esgrimidura	es
esgrimir	es
esguardamillar	es
esguardar	es
esguarde	es
esguazar	es
esgucio	es
esguilar	es
esguince	es
eslabonador	es
eslabonamiento	es
eslabonar	es
eslabón	es
eslavo	es
esleer	es
esleír	es
eslinga	es
eslizón	es
eslogan	es
eslora	es
eslovaco	es
eslovaquia	es
eslovenia	es
esloveno	es
eslóganes	es
esmaltado	es
esmaltador	es
esmaltar	es
esmalte	es
esmaltina	es
esmeradamente	es
esmerado	es
esmerador	es
esmeralda	es
esmeraldino	es
esmerar	es
esmerejón	es
esmeril	es
esmerilar	es
esmero	es
esmirnio	es
esmirriada	es
esmirriado	es
esmog	es
esmola	es
esmoladera	es
esmoquin	es
esmorecer	es
esmuir	es
esmuñir	es
esmóquines	es
esnifar	es
eso	es
esoterismo	es
esotro	es
esotérico	es
espabiladeras	es
espabilar	es
espachurrar	es
espaciador	es
espacial	es
espaciamiento	es
espaciar	es
espacio	es
espaciosa	es
espaciosamente	es
espaciosidad	es
espacioso	es
espadachín	es
espadar	es
espadarte	es
espadaña	es
espadañar	es
espadero	es
espadilla	es
espadillar	es
espadillazo	es
espadrapo	es
espadín	es
espadón	es
espagueti	es
espaladinar	es
espalar	es
espalda	es
espaldar	es
espaldarcete	es
espaldear	es
espalder	es
espaldera	es
espalditendido	es
espaldonar	es
espaldudo	es
espaldón	es
espalera	es
espalmador	es
espalmadura	es
espalmar	es
espalto	es
espantablemente	es
espantadizo	es
espantador	es
espantagustos	es
espantajo	es
espantalobos	es
espantamoscas	es
espantanublados	es
espantapájaros	es
espantar	es
espantavillanos	es
espanto	es
espantosamente	es
espantoso	es
esparadrapo	es
esparajismo	es
esparavel	es
esparaván	es
esparceta	es
esparciata	es
esparcido	es
esparcidor	es
esparcimiento	es
esparcir	es
esparragador	es
esparragal	es
esparragamiento	es
esparragar	es
esparraguera	es
esparraguero	es
esparraguina	es
esparramar	es
esparrancar	es
espartal	es
espartanamente	es
espartano	es
espartar	es
espartero	es
espartilla	es
espartillo	es
espartizal	es
esparto	es
esparvar	es
esparvel	es
esparver	es
espasmar	es
espasmo	es
espasmódica	es
espasmódicamente	es
espasmódico	es
espata	es
espatarrar	es
espato	es
espatulomancia	es
espaviento	es
espay	es
españa	es
español	es
españolar	es
españolear	es
españolizar	es
especial	es
especialidad	es
especialista	es
especialización	es
especializar	es
especialmente	es
especie	es
especiero	es
especificación	es
especificar	es
especificativo	es
especificidad	es
especioso	es
especiota	es
espectable	es
espectacular	es
espectacularidad	es
espectacularmente	es
espectador	es
espectral	es
espectro	es
espectrografía	es
espectrograma	es
espectrohelioscopio	es
espectroscopia	es
espectroscopio	es
espectroscópico	es
espectrógrafo	es
espectrómetro	es
espectáculo	es
especulación	es
especulador	es
especular	es
especulativa	es
especulativamente	es
especulativo	es
específicamente	es
específico	es
especímenes	es
espedazar	es
espedirse	es
espejar	es
espejear	es
espejero	es
espejismo	es
espejo	es
espejuela	es
espejuelo	es
espelotar	es
espelta	es
espelunca	es
espeluzar	es
espeluznamiento	es
espeluznante	es
espeluznar	es
espenjador	es
espeque	es
espera	es
esperable	es
esperantista	es
esperanto	es
esperanza	es
esperanzador	es
esperanzar	es
esperar	es
esperdecir	es
esperezar	es
espergurar	es
esperiega	es
esperiego	es
esperma	es
espermafito	es
espermatorrea	es
espermatozoario	es
espermatozoide	es
espermatozoo	es
espermicida	es
espermático	es
espernada	es
espernancar	es
espernible	es
esperpento	es
esperriaca	es
esperriar	es
espesamente	es
espesamiento	es
espesante	es
espesar	es
espesativo	es
espeso	es
espesor	es
espesura	es
espetaperro	es
espetar	es
espetera	es
espeto	es
espetón	es
espiar	es
espibia	es
espicanardo	es
espichar	es
espiciforme	es
espiga	es
espigadera	es
espigadilla	es
espigado	es
espigador	es
espigar	es
espigoso	es
espigueo	es
espigón	es
espina	es
espinablo	es
espinaca	es
espinadura	es
espinal	es
espinapez	es
espinar	es
espinel	es
espinela	es
espinera	es
espineta	es
espingarda	es
espingardada	es
espingardero	es
espinillera	es
espino	es
espinochar	es
espinosamente	es
espinosismo	es
espinosista	es
espinoso	es
espiocha	es
espionaje	es
espira	es
espiración	es
espirador	es
espiral	es
espirar	es
espirativo	es
espiratorio	es
espirilo	es
espiritar	es
espiritismo	es
espiritista	es
espiritosamente	es
espiritoso	es
espiritrompa	es
espiritual	es
espiritualidad	es
espiritualismo	es
espiritualista	es
espiritualización	es
espiritualizar	es
espiritualmente	es
espirituoso	es
espirometría	es
espirométrico	es
espiroqueto	es
espita	es
espitar	es
esplendente	es
esplender	es
esplendidez	es
esplendor	es
esplendorosamente	es
esplendoroso	es
esplenio	es
esplenitis	es
espliego	es
esplique	es
esplugas	es
espléndidamente	es
espléndido	es
espolada	es
espolazo	es
espoleadura	es
espolear	es
espoleta	es
espoliar	es
espolinar	es
espolique	es
espolista	es
espolonada	es
espolonear	es
espolvorar	es
espolvorear	es
espolvorizar	es
espolón	es
espondaico	es
espondeo	es
espondilosis	es
espongiario	es
esponja	es
esponjado	es
esponjadura	es
esponjar	es
esponjera	es
esponjosidad	es
esponjoso	es
esponsales	es
esponsalicio	es
espontanear	es
espontaneidad	es
espontáneamente	es
espontáneo	es
espora	es
esporangio	es
esporidio	es
esporofito	es
esporozoario	es
esporozoo	es
esportear	es
esportilla	es
esportillero	es
esportillo	es
esportizo	es
esportonada	es
esportón	es
esporular	es
esporádicamente	es
esporádico	es
esporífero	es
esposa	es
esposar	es
esposo	es
espray	es
esprint	es
espráis	es
espuela	es
espuenda	es
espuerta	es
espulgadero	es
espulgar	es
espuma	es
espumadera	es
espumador	es
espumaje	es
espumajear	es
espumajo	es
espumajoso	es
espumar	es
espumarajo	es
espumero	es
espumoso	es
espundia	es
espurio	es
espurrear	es
espurriar	es
espurrir	es
esputar	es
esputo	es
espádice	es
espáis	es
espárrago	es
espátula	es
espécimen	es
espía	es
espícula	es
espín	es
espíritu	es
espóndilo	es
esquebrajar	es
esquejar	es
esqueje	es
esquela	es
esqueleto	es
esquelético	es
esquema	es
esquematismo	es
esquematizar	es
esquemáticamente	es
esquemático	es
esquenanto	es
esquero	es
esquiador	es
esquiar	es
esquiciar	es
esquifada	es
esquifar	es
esquife	es
esquila	es
esquilador	es
esquilar	es
esquileo	es
esquilero	es
esquilimoso	es
esquilmar	es
esquimal	es
esquina	es
esquinado	es
esquinadura	es
esquinante	es
esquinanto	es
esquinar	es
esquinazo	es
esquinco	es
esquinela	es
esquinero	es
esquinzador	es
esquinzar	es
esquiraza	es
esquirla	es
esquirol	es
esquisar	es
esquisto	es
esquistoso	es
esquitar	es
esquivar	es
esquivez	es
esquivo	es
esquizado	es
esquizofrenia	es
esquí	es
esrilanqués	es
esta	es
estaba	es
estabais	es
estaban	es
estabas	es
estabilidad	es
estabilización	es
estabilizador	es
estabilizar	es
estable	es
establear	es
establecedor	es
establecer	es
establecido	es
establecimiento	es
establemente	es
establir	es
establo	es
estabular	es
estaca	es
estacada	es
estacadura	es
estacar	es
estacazo	es
estacha	es
estache	es
estacional	es
estacionalidad	es
estacionalmente	es
estacionamiento	es
estacionar	es
estacionario	es
estacionero	es
estación	es
estacte	es
estad	es
estada	es
estadero	es
estadificar	es
estadio	es
estadista	es
estadiza	es
estadizo	es
estado	es
estadojo	es
estadounidense	es
estadounidismo	es
estadía	es
estadística	es
estadístico	es
estafa	es
estafador	es
estafar	es
estafermo	es
estafeta	es
estafetero	es
estafilococia	es
estafilococo	es
estafiloma	es
estafisagria	es
estagirita	es
estajar	es
estajero	es
estajista	es
estala	es
estalactita	es
estalagmita	es
estallar	es
estallido	es
estambrar	es
estambre	es
estamental	es
estamento	es
estameña	es
estamos	es
estampa	es
estampación	es
estampado	es
estampador	es
estampar	es
estampero	es
estampida	es
estampido	es
estampillar	es
estampía	es
estancación	es
estancada	es
estancamiento	es
estancar	es
estancia	es
estanciero	es
estanco	es
estandardizar	es
estandarización	es
estandarizar	es
estandarte	es
estando	es
estandorio	es
estangurria	es
estanque	es
estanqueidad	es
estanquero	es
estanquidad	es
estanquillero	es
estantalar	es
estante	es
estantería	es
estantigua	es
estaos	es
estaquero	es
estaquillador	es
estaquillar	es
estar	es
estarcido	es
estarcir	es
estaremos	es
estarla	es
estarlas	es
estarle	es
estarles	es
estarlo	es
estarlos	es
estarme	es
estarna	es
estarnos	es
estaros	es
estarse	es
estarte	es
estará	es
estarán	es
estarás	es
estaré	es
estaréis	es
estaría	es
estaríais	es
estaríamos	es
estarían	es
estarías	es
estatal	es
estatalismo	es
estate	es
estatificar	es
estatismo	es
estatua	es
estatuar	es
estatuaria	es
estatuario	es
estatuderato	es
estatuir	es
estatura	es
estatus	es
estatutario	es
estatuto	es
estatúder	es
estay	es
estañar	es
estaño	es
este	es
estearina	es
esteatita	es
estebar	es
estela	es
estelar	es
estelaria	es
esteliforme	es
estelo	es
estema	es
estemos	es
estemple	es
estendijarse	es
estenocardia	es
estenografiar	es
estenografía	es
estenordeste	es
estenosis	es
estenotipia	es
estense	es
estentóreo	es
estenógrafo	es
estepa	es
estepar	es
estepario	es
estepero	es
estepona	es
ester	es
estera	es
esterar	es
estercar	es
estercoladura	es
estercolamiento	es
estercolar	es
estercolero	es
estercolizo	es
estercuelo	es
estereofónico	es
estereográfico	es
estereorradián	es
estereoscopio	es
estereoscópicamente	es
estereotipa	es
estereotipado	es
estereotipador	es
estereotipar	es
estereotipia	es
estereotipo	es
estereotomía	es
esterero	es
esterilidad	es
esterilización	es
esterilizador	es
esterilizar	es
esterlina	es
esternocleidomastoideo	es
esternón	es
estero	es
esteroide	es
esterol	es
esteroídico	es
esterquero	es
esterquilinio	es
estertor	es
estertoroso	es
estese	es
estesudeste	es
esteta	es
esteticismo	es
esteticista	es
estetoscopia	es
estetoscopio	es
esteva	es
estevado	es
estezar	es
esteárico	es
esther	es
estiaje	es
estiba	es
estibador	es
estibar	es
estibia	es
estibina	es
estibio	es
estigio	es
estigma	es
estigmatizador	es
estigmatizar	es
estilar	es
estilete	es
estilicidio	es
estilismo	es
estilista	es
estilita	es
estilizar	es
estilo	es
estilográfica	es
estilográfico	es
estiloso	es
estilística	es
estilísticamente	es
estilístico	es
estima	es
estimabilidad	es
estimable	es
estimación	es
estimador	es
estimar	es
estimativa	es
estimativo	es
estimatorio	es
estimulador	es
estimulante	es
estimular	es
estinco	es
estiomenar	es
estipendiar	es
estipendiario	es
estipendio	es
estipticar	es
estipticidad	es
estipulación	es
estipular	es
estique	es
estira	es
estirable	es
estirada	es
estirado	es
estirajar	es
estiramiento	es
estirar	es
estirazar	es
estirpe	es
estirón	es
estitiquez	es
estivada	es
estival	es
estivo	es
estiércol	es
esto	es
estocada	es
estocar	es
estocástica	es
estocástico	es
estofa	es
estofador	es
estofar	es
estoicamente	es
estoicismo	es
estoico	es
estola	es
estolidez	es
estolón	es
estoma	es
estomacal	es
estomagar	es
estomaguero	es
estomatical	es
estomatitis	es
estomático	es
estonia	es
estoniano	es
estonio	es
estopa	es
estopada	es
estopor	es
estoposo	es
estoque	es
estoqueador	es
estoquear	es
estora	es
estoraque	es
estorbador	es
estorbar	es
estorbo	es
estorboso	es
estorcer	es
estordir	es
estornija	es
estornino	es
estornudar	es
estornudo	es
estornutatorio	es
estotro	es
estovar	es
estoy	es
estozar	es
estozolar	es
estrabismo	es
estrada	es
estradiota	es
estradiote	es
estrado	es
estrafalariamente	es
estrafalario	es
estragador	es
estragamiento	es
estragar	es
estrago	es
estragón	es
estrambote	es
estrambóticamente	es
estramonio	es
estranguadera	es
estrangulación	es
estrangulador	es
estrangulamiento	es
estrangular	es
estranguria	es
estrapajar	es
estrapalucio	es
estraperlear	es
estraperlista	es
estraperlo	es
estratagema	es
estratega	es
estrategia	es
estratego	es
estratificación	es
estratificar	es
estratigrafía	es
estrato	es
estratosfera	es
estratosférico	es
estratégicamente	es
estratégico	es
estrave	es
estraza	es
estrazar	es
estrechamente	es
estrechamiento	es
estrechar	es
estrechez	es
estrecho	es
estrechura	es
estrechísimamente	es
estrechón	es
estregadera	es
estregadero	es
estregadura	es
estregamiento	es
estregar	es
estrella	es
estrellada	es
estrelladera	es
estrelladero	es
estrellado	es
estrellamar	es
estrellamiento	es
estrellar	es
estrellera	es
estrellero	es
estrelluela	es
estremecedor	es
estremecer	es
estremecimiento	es
estrenar	es
estreno	es
estrenque	es
estrenuidad	es
estrenuo	es
estrepada	es
estrepitosamente	es
estrepitoso	es
estreptococia	es
estreptococo	es
estreptomicina	es
estresante	es
estresar	es
estreñido	es
estreñimiento	es
estreñir	es
estriado	es
estriar	es
estribación	es
estribadero	es
estribar	es
estribera	es
estribo	es
estribor	es
estribote	es
estricnina	es
estricote	es
estrictamente	es
estricto	es
estridencia	es
estridente	es
estridor	es
estridular	es
estrillar	es
estrinque	es
estro	es
estrobo	es
estrofa	es
estrofanto	es
estroma	es
estronciana	es
estroncianita	es
estroncio	es
estropajear	es
estropajo	es
estropajosamente	es
estropajoso	es
estropear	es
estropezar	es
estropicio	es
estructura	es
estructuración	es
estructural	es
estructuralismo	es
estructuralmente	es
estructurar	es
estruendo	es
estruendosamente	es
estruendoso	es
estrujador	es
estrujadura	es
estrujamiento	es
estrujar	es
estrumpir	es
estrupar	es
estrábico	es
estrépito	es
estrés	es
estría	es
estrófico	es
estrógeno	es
estuario	es
estucado	es
estucador	es
estucar	es
estuchar	es
estuche	es
estuchista	es
estuco	es
estudiado	es
estudiador	es
estudiante	es
estudiantil	es
estudiantina	es
estudiantino	es
estudiar	es
estudio	es
estudiosamente	es
estudiosidad	es
estudioso	es
estufa	es
estufador	es
estufar	es
estufero	es
estufido	es
estufista	es
estulticia	es
estulto	es
estuosidad	es
estuoso	es
estupa	es
estupefacción	es
estupefaciente	es
estupefactivo	es
estupefacto	es
estupendamente	es
estupendo	es
estupidez	es
estupor	es
estuprador	es
estuprar	es
estuquista	es
esturar	es
esturdir	es
esturgar	es
esturión	es
esturrear	es
estuve	es
estuviera	es
estuvierais	es
estuvieran	es
estuvieras	es
estuviere	es
estuviereis	es
estuvieren	es
estuvieres	es
estuvieron	es
estuviese	es
estuvieseis	es
estuviesen	es
estuvieses	es
estuvimos	es
estuviste	es
estuvisteis	es
estuviéramos	es
estuviéremos	es
estuviésemos	es
estuvo	es
está	es
estábamos	es
estáis	es
están	es
estándar	es
estándola	es
estándole	es
estándoles	es
estándolo	es
estándome	es
estándonos	es
estándoos	es
estándote	es
estármela	es
estármelas	es
estármelo	es
estármelos	es
estárnosla	es
estárnoslas	es
estárnoslo	es
estárnoslos	es
estárosla	es
estároslas	es
estároslo	es
estároslos	es
estársela	es
estárselas	es
estárselo	es
estárselos	es
estártela	es
estártelas	es
estártelo	es
estártelos	es
estás	es
estática	es
estático	es
estátor	es
esté	es
estéis	es
estén	es
estéreo	es
estéril	es
estés	es
estética	es
estéticamente	es
estético	es
estímulo	es
estío	es
estípite	es
estíptico	es
estípula	es
estólido	es
estómago	es
estúpidamente	es
estúpido	es
esvarar	es
esviaje	es
esófago	es
et	es
eta	es
etalaje	es
etamina	es
etano	es
etanol	es
etapa	es
etario	es
etc	es
etcétera	es
eterismo	es
eterizar	es
eternal	es
eternamente	es
eternidad	es
eternizar	es
eterno	es
etesio	es
etileno	es
etilo	es
etimologista	es
etimologizar	es
etimología	es
etimológicamente	es
etimológico	es
etiología	es
etiopía	es
etiqueta	es
etiquetar	es
etites	es
etmoides	es
etnia	es
etnografía	es
etnográfico	es
etnolingüística	es
etnolingüístico	es
etnología	es
etnólogo	es
etolio	es
etología	es
etológico	es
etrusco	es
etéreo	es
etílico	es
etíope	es
eubeo	es
eucalipto	es
eucarionte	es
eucariota	es
eucaristía	es
eucarístico	es
euclidiano	es
eufemismo	es
eufonía	es
euforbiácea	es
euforbiáceo	es
euforia	es
eufórico	es
eugenesia	es
eugenia	es
eugenio	es
eulalia	es
eunuco	es
eupepsia	es
eurasiático	es
euritmia	es
euro	es
euroasiático	es
eurocámara	es
eurodiputado	es
euroescepticismo	es
europa	es
europarlamentario	es
europarlamento	es
europeizar	es
europeo	es
eurozona	es
euríbor	es
eurípides	es
euskera	es
eusquera	es
eutanasia	es
eutiquianismo	es
eutiquiano	es
eutrofizar	es
eva	es
evacuación	es
evacuado	es
evacuante	es
evacuar	es
evacuativo	es
evacuatorio	es
evadir	es
evaluación	es
evaluador	es
evaluar	es
evaluativo	es
evanecer	es
evanescente	es
evanescer	es
evangeliario	es
evangelio	es
evangelista	es
evangelistero	es
evangelización	es
evangelizador	es
evangelizar	es
evangélico	es
evaporación	es
evaporador	es
evaporar	es
evaporatorio	es
evaporizar	es
evasiva	es
evasivamente	es
evasivo	es
evasión	es
evasor	es
evento	es
eventual	es
eventualidad	es
eventualmente	es
evidencia	es
evidenciar	es
evidente	es
evidentemente	es
eviscerar	es
evitable	es
evitar	es
eviterno	es
evo	es
evocación	es
evocador	es
evocar	es
evolucionar	es
evolucionismo	es
evolucionista	es
evolución	es
evolutiva	es
evolutivo	es
ex	es
exabrupto	es
exacción	es
exacerbación	es
exacerbamiento	es
exacerbar	es
exacta	es
exactamente	es
exactitud	es
exacto	es
exageración	es
exageradamente	es
exagerado	es
exagerador	es
exagerar	es
exagerativamente	es
exagerativo	es
exaltación	es
exaltado	es
exaltador	es
exaltamiento	es
exaltar	es
examen	es
examinador	es
examinando	es
examinante	es
examinar	es
exangüe	es
exantema	es
exantemático	es
exardecer	es
exasperación	es
exasperante	es
exasperar	es
exaudir	es
excandecencia	es
excandecer	es
excarcelar	es
excava	es
excavación	es
excavador	es
excavar	es
excedencia	es
excedente	es
exceder	es
excelencia	es
excelente	es
excelentemente	es
excelentísimo	es
excelsamente	es
excelsitud	es
excelso	es
excentricidad	es
excepcional	es
excepcionalmente	es
excepcionar	es
excepción	es
exceptar	es
excepto	es
exceptuar	es
excesivamente	es
excesivo	es
exceso	es
excipiente	es
excitabilidad	es
excitación	es
excitador	es
excitante	es
excitar	es
excitativo	es
exclamación	es
exclamar	es
exclamativo	es
exclamatorio	es
exclaustrar	es
excluidor	es
excluir	es
exclusiva	es
exclusivamente	es
exclusive	es
exclusividad	es
exclusivismo	es
exclusivista	es
exclusivo	es
exclusión	es
excluso	es
excluyente	es
excmo	es
excogitar	es
excomulgador	es
excomulgar	es
excomunión	es
excoriación	es
excoriar	es
excrecencia	es
excreción	es
excrementar	es
excrementicio	es
excremento	es
excrementoso	es
excrescencia	es
excretar	es
excretor	es
excretorio	es
excullado	es
exculpar	es
exculpatorio	es
excursionismo	es
excursionista	es
excursión	es
excusa	es
excusable	es
excusada	es
excusado	es
excusador	es
excusar	es
excéntrico	es
execrablemente	es
execración	es
execrador	es
execrar	es
execrativo	es
exegeta	es
exegético	es
exención	es
exentamente	es
exentar	es
exento	es
exequias	es
exfoliar	es
exhalador	es
exhalar	es
exhausta	es
exhaustivamente	es
exhaustivo	es
exhausto	es
exhibicionismo	es
exhibicionista	es
exhibición	es
exhibidor	es
exhibir	es
exhortación	es
exhortador	es
exhortar	es
exhortativo	es
exhortatorio	es
exhuberantemente	es
exhumador	es
exhumar	es
exigencia	es
exigente	es
exigir	es
exiguo	es
exiliar	es
eximente	es
eximio	es
eximir	es
exir	es
existencia	es
existencial	es
existencialismo	es
existencialista	es
existente	es
existimar	es
existir	es
exitosamente	es
exitoso	es
exjugador	es
exocrino	es
exoesqueleto	es
exoftálmico	es
exonerar	es
exoplaneta	es
exorable	es
exorar	es
exorbitancia	es
exorbitante	es
exorbitantemente	es
exorcismo	es
exorcista	es
exorcizar	es
exordiar	es
exordio	es
exordir	es
exornación	es
exornar	es
exoticidad	es
exotiquez	es
exotismo	es
expandir	es
expansibilidad	es
expansible	es
expansionar	es
expansionista	es
expansivo	es
expansión	es
expatriar	es
expavecer	es
expectable	es
expectación	es
expectante	es
expectantemente	es
expectativa	es
expectoración	es
expectorante	es
expectorar	es
expedicionario	es
expedicionero	es
expedición	es
expedido	es
expedidor	es
expedientar	es
expediente	es
expedientemente	es
expedir	es
expeditivo	es
expedito	es
expeler	es
expendedor	es
expender	es
expensas	es
experiencia	es
experiencial	es
experimentación	es
experimentado	es
experimentador	es
experimental	es
experimentalmente	es
experimentar	es
experimento	es
experta	es
expertamente	es
experto	es
expiación	es
expiar	es
expiatorio	es
expilar	es
expillo	es
expirar	es
explanación	es
explanada	es
explanar	es
explayar	es
expletivo	es
explicable	es
explicablemente	es
explicación	es
explicaderas	es
explicador	es
explicar	es
explicativo	es
explicitar	es
explicotear	es
explique	es
exploración	es
explorador	es
explorar	es
exploratorio	es
explosionar	es
explosivo	es
explosión	es
explotación	es
explotador	es
explotar	es
exployada	es
explícitamente	es
explícito	es
expoliación	es
expoliador	es
expoliar	es
exponencial	es
exponencialmente	es
exponente	es
exponer	es
exportación	es
exportador	es
exportar	es
exposición	es
expositivo	es
expositor	es
expremijo	es
expremir	es
expresamente	es
expresar	es
expresionismo	es
expresionista	es
expresiva	es
expresivamente	es
expresividad	es
expresivo	es
expresión	es
expreso	es
exprimidera	es
exprimidero	es
exprimidor	es
exprimir	es
expropiación	es
expropiador	es
expropiar	es
exprés	es
expuesto	es
expugnable	es
expugnador	es
expugnar	es
expulsar	es
expulsivo	es
expulsión	es
expulso	es
expulsor	es
expurgador	es
expurgar	es
expurgatorio	es
expón	es
expósito	es
exquisitamente	es
exquisitez	es
exquisito	es
extasiar	es
extemporáneo	es
extender	es
extensa	es
extensamente	es
extensible	es
extensivamente	es
extensivo	es
extensión	es
extenso	es
extensor	es
extenuación	es
extenuante	es
extenuar	es
extenuativo	es
exterior	es
exterioridad	es
exteriorización	es
exteriorizar	es
exteriormente	es
exterminador	es
exterminar	es
exterminio	es
externado	es
externalizar	es
externamente	es
externo	es
extinción	es
extinguible	es
extinguir	es
extintivo	es
extinto	es
extintor	es
extirpación	es
extirpador	es
extirpar	es
extornar	es
extorsionar	es
extorsionista	es
extorsión	es
extra	es
extracción	es
extractador	es
extractar	es
extracto	es
extractor	es
extracurricular	es
extradición	es
extradir	es
extraditar	es
extraembrionario	es
extraer	es
extraescolar	es
extrajudicial	es
extrajudicialmente	es
extralimitar	es
extralingüístico	es
extramatrimonial	es
extramuros	es
extranjerismo	es
extranjerizar	es
extranjero	es
extranjería	es
extranjis	es
extraoficial	es
extraoficialmente	es
extraordinaria	es
extraordinariamente	es
extraordinario	es
extraparlamentario	es
extraplano	es
extrapolable	es
extrapolar	es
extrarradio	es
extrasalarial	es
extrasensoria	es
extrasensorial	es
extrasolar	es
extraterrestre	es
extraterritorial	es
extrauterino	es
extravagancia	es
extravagante	es
extravasación	es
extravasar	es
extravenar	es
extraversión	es
extravertido	es
extraviado	es
extraviar	es
extravío	es
extraña	es
extrañamente	es
extrañamiento	es
extrañar	es
extrañeza	es
extraño	es
extremadamente	es
extremadas	es
extremado	es
extremadura	es
extremamente	es
extremar	es
extremaunción	es
extremeño	es
extremidad	es
extremismo	es
extremista	es
extremo	es
extremoso	es
extrovertido	es
extrudir	es
extrusión	es
extrusor	es
exturbar	es
exuberancia	es
exuberante	es
exuberar	es
exudación	es
exudar	es
exulcerar	es
exultante	es
exultantemente	es
exultar	es
exutorio	es
exvoto	es
exánime	es
exótica	es
exóticamente	es
exótico	es
eyaculación	es
eyacular	es
ezquerdear	es
eñe	es
eólico	es
eón	es
fa	es
faba	es
fabada	es
fabla	es
fablar	es
fablistanear	es
fabricación	es
fabricador	es
fabricante	es
fabricar	es
fabril	es
fabriquero	es
fabulación	es
fabular	es
fabulario	es
fabulista	es
fabulosamente	es
fabulosidad	es
fabuloso	es
faca	es
faccionar	es
faccionario	es
faccioso	es
facción	es
facer	es
facería	es
faceta	es
facha	es
fachada	es
fachado	es
fachear	es
fachenda	es
fachendear	es
fachendista	es
fachendoso	es
fachoso	es
fachudo	es
facial	es
facies	es
facilidad	es
facilillo	es
facilitar	es
facineroso	es
facistol	es
facsimilar	es
facsímil	es
facsímile	es
factibilidad	es
factible	es
factiblemente	es
factitivo	es
facto	es
factor	es
factoraje	es
factorial	es
factorizar	es
factoría	es
factura	es
facturación	es
facturar	es
facultad	es
facultar	es
facultativamente	es
facultativo	es
faculto	es
facunda	es
facundia	es
facundo	es
fado	es
faena	es
faenar	es
faenero	es
faetón	es
fago	es
fagocitar	es
fagocitosis	es
fagot	es
faisana	es
faisanero	es
faisán	es
faja	es
fajado	es
fajadura	es
fajamiento	es
fajar	es
fajardo	es
fajeado	es
fajero	es
fajina	es
fajinada	es
fajín	es
fajón	es
falacia	es
falagar	es
falange	es
falangismo	es
falangista	es
falaz	es
falazmente	es
falcada	es
falcado	es
falcar	es
falciforme	es
falcirrostro	es
falconete	es
falcón	es
falda	es
faldar	es
faldear	es
faldellín	es
faldero	es
faldeta	es
faldicorto	es
faldillas	es
faldinegro	es
faldistorio	es
faldriquera	es
faldudo	es
faldulario	es
faldón	es
falena	es
falencia	es
falerno	es
falibilidad	es
falible	es
falisco	es
falla	es
fallar	es
falleba	es
fallecer	es
fallecido	es
fallecimiento	es
fallero	es
fallido	es
fallo	es
falo	es
falsa	es
falsabilidad	es
falsable	es
falsabraga	es
falsamente	es
falsar	es
falsario	es
falsarregla	es
falseador	es
falseamiento	es
falsear	es
falsedad	es
falseo	es
falseta	es
falsete	es
falsificación	es
falsificador	es
falsificar	es
falso	es
falsopeto	es
falsía	es
falta	es
faltante	es
faltar	es
falto	es
faltoso	es
faltrero	es
faltriquera	es
faluca	es
falucho	es
falúa	es
fama	es
familia	es
familiar	es
familiaridad	es
familiarizar	es
familiarmente	es
famosamente	es
famoso	es
famélico	es
fan	es
fanal	es
fanatismo	es
fanatizador	es
fanatizar	es
fandango	es
fandanguero	es
fandulario	es
faneca	es
fanega	es
fanegada	es
faneguero	es
fanerógama	es
fanerógamo	es
fanfarrear	es
fanfarria	es
fanfarronada	es
fanfarronamente	es
fanfarronear	es
fanfarronería	es
fanfarronesca	es
fanfarrón	es
fangal	es
fango	es
fangoso	es
fano	es
fantaseador	es
fantasear	es
fantasioso	es
fantasma	es
fantasmagoría	es
fantasmagórico	es
fantasmal	es
fantasía	es
fantochada	es
fantoche	es
fantásticamente	es
fantástico	es
fanáticamente	es
fanático	es
faquir	es
far	es
fara	es
farabustear	es
farad	es
faradio	es
faralaes	es
faralares	es
farallón	es
faralá	es
faramalla	es
faramallero	es
farandola	es
farandulear	es
farandulero	es
faranga	es
faraute	es
faraón	es
farda	es
fardacho	es
fardar	es
fardel	es
fardo	es
farero	es
farfolla	es
farfulla	es
farfullador	es
farfullar	es
farfullero	es
faringe	es
faringitis	es
fario	es
farisaico	es
fariseo	es
farmacia	es
farmacología	es
farmacológico	es
farmacopea	es
farmacéutico	es
faro	es
faroe	es
farol	es
farola	es
farolear	es
farolero	es
farota	es
farra	es
farragoso	es
farraguista	es
farro	es
farruco	es
farsa	es
farsanta	es
farsante	es
farsar	es
fartar	es
farándula	es
faríngeo	es
fas	es
fasces	es
fasciculado	es
fascinación	es
fascinador	es
fascinante	es
fascinantemente	es
fascinar	es
fascismo	es
fascista	es
fascículo	es
fase	es
faso	es
fasquiar	es
fastidiado	es
fastidiar	es
fastidio	es
fastidiosamente	es
fastidioso	es
fasto	es
fastuosamente	es
fastuosidad	es
fastuoso	es
fatal	es
fatalidad	es
fatalismo	es
fatalista	es
fatalmente	es
fatiga	es
fatigador	es
fatigar	es
fatigosamente	es
fatigoso	es
fato	es
fatuidad	es
fatuo	es
fatídico	es
fauces	es
fauna	es
fauno	es
fausta	es
fausto	es
faustoso	es
fautor	es
favor	es
favorable	es
favorablemente	es
favorecedor	es
favorecer	es
favorecida	es
favoritismo	es
favorito	es
fax	es
faz	es
fazferir	es
fañar	es
fca	es
fdo	es
fe	es
fea	es
fealdad	es
feamente	es
feble	es
feblemente	es
febrerillo	es
febrero	es
febril	es
febrilmente	es
febroniano	es
febrífugo	es
fecal	es
fecha	es
fechador	es
fechar	es
fechoría	es
feculento	es
fecunda	es
fecundación	es
fecundador	es
fecundamente	es
fecundar	es
fecundativo	es
fecundidad	es
fecundizador	es
fecundizar	es
fecundo	es
fedatario	es
fedegar	es
federación	es
federal	es
federalismo	es
federalista	es
federar	es
federativa	es
federativo	es
fehaciente	es
fehacientemente	es
feldespato	es
felicidad	es
felicitación	es
felicitar	es
felicísimamente	es
feligresía	es
feligrés	es
felino	es
feliz	es
felizmente	es
feliú	es
felonía	es
felpa	es
felpar	es
felpudo	es
felíu	es
felón	es
femar	es
femenil	es
femeninamente	es
femenino	es
fementido	es
femineidad	es
feminela	es
feminicidio	es
feminidad	es
feminismo	es
feminista	es
femoral	es
femíneo	es
fenecer	es
fenecimiento	es
fenestra	es
fenicar	es
fenice	es
fenicio	es
fenogreco	es
fenomenal	es
fenomenología	es
fenomenológico	es
fenoménico	es
fenotipo	es
fenólico	es
fenómeno	es
feo	es
fer	es
feracidad	es
feraz	es
feria	es
feriado	es
ferial	es
feriante	es
feriar	es
ferino	es
ferir	es
fermata	es
fermentación	es
fermentado	es
fermentador	es
fermentar	es
fermentativo	es
fermento	es
fermión	es
fernando	es
fernández	es
ferocidad	es
ferodo	es
feromona	es
feroz	es
ferozmente	es
feroés	es
ferrador	es
ferrar	es
ferre	es
ferrer	es
ferrero	es
ferrería	es
ferrete	es
ferretear	es
ferretero	es
ferretería	es
ferreña	es
ferrificar	es
ferrimagnetismo	es
ferrimagnético	es
ferrita	es
ferro	es
ferroaleación	es
ferrocarril	es
ferrocianuro	es
ferrol	es
ferromagnético	es
ferroso	es
ferrovial	es
ferroviario	es
ferrugiento	es
ferruginoso	es
ferry	es
fertilidad	es
fertilización	es
fertilizador	es
fertilizante	es
fertilizar	es
ferviente	es
fervientemente	es
fervor	es
fervorar	es
fervorizar	es
fervorosamente	es
fervoroso	es
fes	es
festa	es
festear	es
festejar	es
festejo	es
festival	es
festivalero	es
festivamente	es
festividad	es
festivo	es
festonar	es
festoneado	es
festonear	es
festín	es
festón	es
fetal	es
fetiche	es
fetichismo	es
fetichista	es
fetidez	es
feto	es
feudal	es
feudalismo	es
feudar	es
feudatario	es
feudo	es
fiabilidad	es
fiable	es
fiada	es
fiado	es
fiador	es
fiais	es
fiambrar	es
fiambre	es
fiambrera	es
fianza	es
fiar	es
fiasco	es
fibra	es
fibrilar	es
fibrina	es
fibroblasto	es
fibroma	es
fibroso	es
ficar	es
ficción	es
ficha	es
fichaje	es
fichar	es
fichero	es
ficticio	es
ficus	es
fidalgo	es
fidedigno	es
fideicomisario	es
fideicomiso	es
fidelidad	es
fideo	es
fido	es
fiduciario	es
fie	es
fiebre	es
fieis	es
fiel	es
fielmente	es
fieltrar	es
fieltro	es
fiera	es
fieramente	es
fiereza	es
fiero	es
fierro	es
fiesta	es
fiestero	es
fig	es
figle	es
figo	es
figonero	es
figueras	es
figulina	es
figulino	es
figura	es
figurable	es
figuración	es
figuradamente	es
figurado	es
figuranta	es
figurante	es
figurar	es
figurativamente	es
figurativo	es
figurero	es
figurón	es
figón	es
fija	es
fijación	es
fijado	es
fijador	es
fijamente	es
fijante	es
fijar	es
fijativo	es
fijeza	es
fijo	es
fil	es
fila	es
filacteria	es
filadelfio	es
filamento	es
filamentoso	es
filar	es
filaria	es
filatelia	es
filatelista	es
filelí	es
filete	es
filetear	es
filfa	es
filia	es
filiación	es
filial	es
filialmente	es
filiar	es
filibote	es
filibusterismo	es
filibustero	es
filicínea	es
filicíneo	es
filiforme	es
filigrana	es
fililí	es
filipense	es
filipinas	es
filipinismo	es
filipinista	es
filipino	es
filisteo	es
filloa	es
film	es
filmación	es
filmador	es
filmar	es
filme	es
filmina	es
filmografía	es
filmoteca	es
filo	es
filogenia	es
filogenético	es
filología	es
filológica	es
filológico	es
filosa	es
filoso	es
filosofador	es
filosofal	es
filosofalmente	es
filosofar	es
filosofismo	es
filosofía	es
filosóficamente	es
filosófico	es
filoxera	es
filtración	es
filtrado	es
filtrador	es
filtrante	es
filtrar	es
filtro	es
filántropo	es
filástica	es
filólogo	es
filón	es
filósofo	es
fimbria	es
fimosis	es
fin	es
fina	es
finado	es
final	es
finalidad	es
finalista	es
finalización	es
finalizar	es
finalmente	es
finamente	es
finamiento	es
financiación	es
financiador	es
financiamiento	es
financiar	es
financieramente	es
financiero	es
finanza	es
finar	es
finca	es
fincar	es
finchar	es
fines	es
fineta	es
fineza	es
fingidamente	es
fingido	es
fingidor	es
fingimiento	es
fingir	es
finiquitar	es
finiquito	es
finir	es
finisecular	es
finita	es
finito	es
finitud	es
finlandia	es
finlandés	es
fino	es
finolis	es
finta	es
fintar	es
finura	es
finés	es
finísimo	es
fio	es
fiordo	es
firefox	es
firma	es
firmamento	es
firmante	es
firmar	es
firme	es
firmemente	es
firmeza	es
fiscal	es
fiscalear	es
fiscalizador	es
fiscalizar	es
fiscalía	es
fisco	es
fisga	es
fisgador	es
fisgar	es
fisgonamente	es
fisgonear	es
fisgoneo	es
fisgón	es
fisio	es
fisiología	es
fisiológico	es
fisionar	es
fisionomía	es
fisiopatológico	es
fisioterapeuta	es
fisioterapia	es
fisiólogo	es
fisión	es
fisonomista	es
fisonomía	es
fisostigmina	es
fistolar	es
fistular	es
fistuloso	es
fisura	es
fisóstomo	es
fito	es
fitoplancton	es
fitófago	es
fiyi	es
fiyiano	es
fiyuela	es
fizar	es
flacamente	es
flaccidez	es
flacidez	es
flaco	es
flacucho	es
flacura	es
flagelado	es
flagelador	es
flagelante	es
flagelar	es
flagelo	es
flagrancia	es
flagrante	es
flagrar	es
flama	es
flamante	es
flamear	es
flamenco	es
flamenquilla	es
flamígero	es
flan	es
flanco	es
flanqueado	es
flanqueador	es
flanquear	es
flaquear	es
flaqueza	es
flash	es
flato	es
flatoso	es
flatulencia	es
flatulento	es
flatuoso	es
flauta	es
flautero	es
flautillo	es
flautista	es
flautín	es
flebitis	es
flecha	es
flechadura	es
flechar	es
flechaste	es
flechazo	es
flechera	es
flechero	es
fleco	es
flegma	es
flejar	es
fleje	es
flema	es
flemoso	es
flemático	es
flemón	es
fletador	es
fletamento	es
fletante	es
fletar	es
flete	es
flexibilidad	es
flexibilizar	es
flexible	es
flexionar	es
flexiva	es
flexivo	es
flexión	es
flexo	es
flexuoso	es
flexómetro	es
flirtear	es
flirteo	es
flocular	es
flogosis	es
flojamente	es
flojear	es
flojedad	es
flojel	es
flojera	es
flojo	es
flojuelo	es
floqueado	es
flor	es
flora	es
floración	es
floral	es
floralmente	es
florar	es
flordelisar	es
floreado	es
florear	es
florecedor	es
florecer	es
floreciente	es
florecimiento	es
florentino	es
floreo	es
florero	es
florescencia	es
florescer	es
floresta	es
florete	es
floretear	es
floretista	es
floricultor	es
floricultura	es
floridamente	es
floridez	es
florido	es
florilegio	es
floripondio	es
florista	es
floristería	es
floritura	es
florlisar	es
florín	es
flota	es
flotabilidad	es
flotación	es
flotador	es
flotadura	es
flotamiento	es
flotante	es
flotar	es
flote	es
fluctuación	es
fluctuante	es
fluctuar	es
fluctuoso	es
flueco	es
fluencia	es
fluente	es
flui	es
fluidamente	es
fluidez	es
fluidificar	es
fluido	es
fluir	es
fluis	es
flujo	es
flujómetro	es
fluminense	es
fluorescencia	es
fluorescente	es
fluorhídrico	es
fluorina	es
fluorita	es
fluoruro	es
fluvial	es
flux	es
fluxión	es
fluxímetro	es
fluyente	es
fláccido	es
flácido	es
flósculo	es
flúor	es
fo	es
fobia	es
foca	es
focal	es
focalizar	es
focha	es
foco	es
fofo	es
fogaje	es
fogarada	es
fogarata	es
fogarear	es
fogarizar	es
fogata	es
fogonadura	es
fogonero	es
fogosamente	es
fogosidad	es
fogoso	es
foguear	es
fogueo	es
foguero	es
fogón	es
foja	es
fol	es
folclor	es
folclore	es
folclorista	es
folclóricamente	es
folclórico	es
folgar	es
folgo	es
foliar	es
folicular	es
folio	es
foliolo	es
foliáceo	es
folklórico	es
follador	es
follaje	es
follar	es
folletinesco	es
folletista	es
folleto	es
folletín	es
follonero	es
follón	es
folículo	es
folíolo	es
fomentador	es
fomentar	es
fomento	es
fon	es
fonación	es
fonda	es
fondac	es
fondaques	es
fondeadero	es
fondear	es
fondista	es
fondo	es
fondón	es
fonema	es
fonendoscopio	es
fonetista	es
fonio	es
fonje	es
fonocaptor	es
fonograma	es
fonográfico	es
fonolita	es
fonología	es
fonológico	es
fontana	es
fontanal	es
fontanar	es
fontanela	es
fontanero	es
fontanería	es
fontano	es
fonética	es
fonéticamente	es
fonético	es
foque	es
forajido	es
foral	es
foralmente	es
foramen	es
foraminífero	es
foraminíferos	es
foras	es
forastero	es
forcatear	es
force	es
forcejar	es
forcejear	es
forcejeo	es
forcejo	es
forcejudo	es
forcir	es
forense	es
forero	es
forestación	es
forestal	es
forestar	es
forigar	es
forja	es
forjado	es
forjador	es
forjadura	es
forjar	es
forma	es
formación	es
formador	es
formaje	es
formal	es
formaleta	es
formalete	es
formalidad	es
formalismo	es
formalista	es
formalización	es
formalizar	es
formalmente	es
formante	es
formar	es
formatear	es
formativa	es
formativo	es
formato	es
formidable	es
formidar	es
formol	es
formoseño	es
formulación	es
formular	es
formulario	es
formulismo	es
formulista	es
formón	es
fornacina	es
fornecer	es
fornecino	es
fornicación	es
fornicador	es
fornicar	es
fornicario	es
fornicio	es
fornido	es
fornir	es
fornitura	es
foro	es
forofo	es
forrajear	es
forrajero	es
forrar	es
forro	es
forros	es
fortalecedor	es
fortalecer	es
fortalecimiento	es
fortaleza	es
fortificación	es
fortificador	es
fortificar	es
fortuitamente	es
fortuito	es
fortuna	es
fortuno	es
fortunoso	es
fortín	es
fortísimamente	es
fortísimo	es
forzada	es
forzadamente	es
forzado	es
forzamiento	es
forzar	es
forzosa	es
forzosamente	es
forzoso	es
forzudamente	es
forzudo	es
foráneo	es
fosa	es
fosado	es
fosadura	es
fosar	es
fosca	es
fosco	es
fosfatado	es
fosfato	es
fosforecer	es
fosforero	es
fosforescencia	es
fosforescente	es
fosforescer	es
fosforilación	es
fosforita	es
fosfórico	es
fosilizar	es
foso	es
foto	es
fotobiología	es
fotoconductor	es
fotocopia	es
fotocopiador	es
fotocopiar	es
fotoelectricidad	es
fotoeléctrico	es
fotofobia	es
fotograbado	es
fotograbar	es
fotografiar	es
fotografía	es
fotograma	es
fotográficamente	es
fotográfico	es
fotolisis	es
fotolito	es
fotolitografiar	es
fotolitografía	es
fotoluminiscencia	es
fotométrico	es
fotonovela	es
fotosensible	es
fotosfera	es
fotosíntesis	es
fototeca	es
fototerapia	es
fotovoltaico	es
fotógrafo	es
fotón	es
fotónico	es
fra	es
frac	es
fracasadamente	es
fracasar	es
fracaso	es
fraccionamiento	es
fraccionar	es
fraccionariamente	es
fraccionario	es
fracción	es
fractal	es
fractura	es
fracturar	es
fradar	es
fradear	es
fraga	es
fragancia	es
fragante	es
fragaria	es
fragata	es
fragilidad	es
fragmentar	es
fragmentario	es
fragmento	es
fragor	es
fragoroso	es
fragosidad	es
fragoso	es
fragua	es
fraguador	es
fraguar	es
frailada	es
frailar	es
fraile	es
frailear	es
frailecito	es
frailuco	es
fraire	es
frambuesa	es
frambueso	es
francachela	es
francamente	es
francesamente	es
francesc	es
francesilla	es
franchute	es
francia	es
francisca	es
franciscano	es
francisco	es
francmasonería	es
franco	es
francolín	es
francote	es
francotirador	es
francés	es
francófono	es
franela	es
frangir	es
frangollar	es
frangollo	es
franja	es
franjar	es
franklin	es
franqueable	es
franqueamiento	es
franquear	es
franqueo	es
franqueza	es
franquicia	es
franquiciado	es
franquismo	es
franquista	es
frasca	es
frasco	es
frase	es
frasear	es
fraseología	es
frasquera	es
frasqueta	es
fratasar	es
fraterna	es
fraternal	es
fraternalmente	es
fraternidad	es
fraternizar	es
fraterno	es
fratricida	es
fratricidio	es
fraudar	es
fraude	es
fraudulencia	es
fraudulentamente	es
fraudulento	es
fray	es
frazada	es
frañer	es
frecuencia	es
frecuentación	es
frecuentador	es
frecuentar	es
frecuentativo	es
frecuente	es
frecuentemente	es
frecuentes	es
fregadero	es
fregado	es
fregador	es
fregadura	es
fregajo	es
fregamiento	es
fregar	es
fregata	es
fregotear	es
freidor	es
freidora	es
freidura	es
freilar	es
freile	es
freiría	es
frenar	es
frenesí	es
frenetizar	es
frenillar	es
freno	es
frenología	es
frente	es
frentero	es
frenéticamente	es
frenético	es
freo	es
fresa	es
fresador	es
fresadora	es
fresal	es
fresar	es
fresca	es
frescachón	es
frescal	es
frescales	es
frescamente	es
fresco	es
frescor	es
frescote	es
frescura	es
fresero	es
fresno	es
fresquera	es
fresquero	es
fresquista	es
fresquito	es
fresón	es
fretar	es
freudiano	es
frey	es
freza	es
frezador	es
frezar	es
freático	es
freír	es
friable	es
friais	es
frialdad	es
fricación	es
fricar	es
fricativo	es
friccionar	es
fricción	es
friega	es
friera	es
frigidez	es
frigio	es
frigoría	es
frigorífico	es
frijol	es
friki	es
frio	es
friolento	es
friolera	es
friolero	es
frior	es
frisa	es
frisador	es
frisadura	es
frisar	es
frisio	es
friso	es
frisuelo	es
frisón	es
frita	es
fritada	es
fritanga	es
fritar	es
frito	es
fritura	es
friura	es
frivolidad	es
frivolizar	es
frogar	es
fronda	es
fronde	es
frondosidad	es
frondoso	es
frontal	es
frontalera	es
frontalero	es
frontalmente	es
fronte	es
frontera	es
fronterizo	es
frontero	es
frontino	es
frontis	es
frontispicio	es
frontón	es
frotación	es
frotador	es
frotadura	es
frotamiento	es
frotar	es
frote	es
fructificar	es
fructosa	es
fructuosa	es
fructuosamente	es
fructuoso	es
fructífera	es
fructífero	es
frufrú	es
frugal	es
frugalidad	es
frugalmente	es
frugívoro	es
frui	es
fruición	es
fruir	es
fruis	es
frumentario	es
frunce	es
fruncido	es
fruncidor	es
fruncimiento	es
fruncir	es
fruslera	es
frustración	es
frustrante	es
frustrar	es
fruta	es
frutal	es
frutar	es
frutecer	es
frutero	es
fruticoso	es
fruticultura	es
frutier	es
frutificar	es
fruto	es
frágil	es
fréjol	es
fría	es
fríamente	es
frígidamente	es
frígido	es
fríjol	es
frío	es
frívolo	es
fu	es
fucilar	es
fucilazo	es
fuco	es
fucsia	es
fucsina	es
fue	es
fuego	es
fueguino	es
fuel	es
fuellar	es
fuelle	es
fueloil	es
fuelóleo	es
fuengirola	es
fuenlabrada	es
fuente	es
fuer	es
fuera	es
fueraborda	es
fuerais	es
fueran	es
fueras	es
fuere	es
fuereis	es
fueren	es
fueres	es
fuero	es
fueron	es
fuerte	es
fuertemente	es
fuerza	es
fuese	es
fueseis	es
fuesen	es
fueses	es
fufar	es
fuga	es
fugacidad	es
fugar	es
fugaz	es
fugazmente	es
fugir	es
fugitivo	es
fuguillas	es
fui	es
fuimos	es
fuina	es
fuir	es
fuiste	es
fuisteis	es
ful	es
fulano	es
fular	es
fulastre	es
fulcir	es
fulcro	es
fulero	es
fulgente	es
fulgir	es
fulgor	es
fulgurante	es
fulgurar	es
fulguroso	es
fuliginoso	es
fulla	es
fulleresco	es
fullero	es
fullería	es
fulminador	es
fulminante	es
fulminantemente	es
fulminar	es
fulmínico	es
fumable	es
fumadero	es
fumador	es
fumante	es
fumar	es
fumarada	es
fumaria	es
fumigador	es
fumigar	es
fumista	es
fumo	es
fumosidad	es
fumoso	es
funcional	es
funcionalidad	es
funcionalismo	es
funcionalmente	es
funcionamiento	es
funcionar	es
funcionarial	es
funcionario	es
función	es
funda	es
fundacional	es
fundacionismo	es
fundación	es
fundador	es
fundamentación	es
fundamental	es
fundamentalismo	es
fundamentalista	es
fundamentalmente	es
fundamentar	es
fundamento	es
fundar	es
fundente	es
fundible	es
fundición	es
fundido	es
fundidor	es
fundir	es
fundo	es
fundéu	es
funeral	es
funerala	es
funeraria	es
funerario	es
funestamente	es
funestar	es
funesto	es
fungible	es
fungicida	es
fungir	es
fungosidad	es
fungoso	es
funicular	es
funículo	es
furcia	es
furgoneta	es
furgón	es
furia	es
furibundo	es
furiente	es
furiosamente	es
furioso	es
furo	es
furor	es
furriel	es
furrier	es
furriera	es
furtar	es
furtivamente	es
furtivo	es
fusa	es
fusado	es
fuscar	es
fusco	es
fuselado	es
fuselaje	es
fusibilidad	es
fusible	es
fusiforme	es
fusil	es
fusilamiento	es
fusilar	es
fusilero	es
fusilería	es
fusionar	es
fusión	es
fusor	es
fusta	es
fustal	es
fuste	es
fustigador	es
fustigar	es
fustán	es
futbol	es
futbolista	es
futbolísticamente	es
futbolístico	es
futesa	es
futilidad	es
futilmente	es
futre	es
futuna	es
futura	es
futurismo	es
futurista	es
futuro	es
fuéramos	es
fuéremos	es
fuésemos	es
fuñar	es
fuñicar	es
fábrica	es
fábula	es
fácil	es
fácilmente	es
fácticamente	es
fálico	es
fárfara	es
fármaco	es
fárrago	es
fático	es
fátima	es
fécula	es
félido	es
félix	es
fémina	es
fémur	es
fénico	es
fénix	es
féretro	es
férreamente	es
férreo	es
férrico	es
fértil	es
férula	es
fétido	es
fía	es
fílmico	es
física	es
físicamente	es
físico	es
fónica	es
fónico	es
fórmico	es
fórmula	es
fósforo	es
fósil	es
fóvea	es
fúlgido	es
fúlica	es
fúnebre	es
fútbol	es
fútil	es
gabachada	es
gabacho	es
gabarda	es
gabardina	es
gabarra	es
gabarrero	es
gabarro	es
gabarse	es
gabata	es
gabela	es
gabinete	es
gablete	es
gabonés	es
gabriel	es
gabrieles	es
gabán	es
gabón	es
gacel	es
gacela	es
gaceta	es
gacetero	es
gacetillero	es
gacetista	es
gacha	es
gacheta	es
gacho	es
gachó	es
gaditano	es
gaetano	es
gafar	es
gafe	es
gafedad	es
gafete	es
gafo	es
gago	es
gaguear	es
gaguera	es
gais	es
gaita	es
gaitero	es
gaje	es
gajo	es
gajoso	es
gal	es
gala	es
galactosa	es
galafate	es
galaico	es
galana	es
galancete	es
galano	es
galante	es
galanteador	es
galantear	es
galantemente	es
galanteo	es
galantería	es
galanura	es
galapagar	es
galardonador	es
galardonar	es
galardón	es
galas	es
galaxia	es
galayo	es
galbana	es
galbanoso	es
galdosiano	es
galdácano	es
galea	es
galeaza	es
galega	es
galena	es
galeno	es
galeota	es
galeote	es
galera	es
galerada	es
galerita	es
galerna	es
galerno	es
galero	es
gales	es
galeón	es
galgo	es
galguear	es
galguero	es
galianos	es
galibar	es
galicano	es
galicia	es
galiciano	es
galicismo	es
galicista	es
galicoso	es
galileo	es
galimar	es
galio	es
galla	es
galladura	es
gallar	es
gallarda	es
gallardamente	es
gallardear	es
gallardete	es
gallardo	es
gallardía	es
gallareta	es
gallear	es
gallegada	es
gallego	es
galleguismo	es
galleo	es
gallera	es
gallero	es
galleta	es
galletero	es
galliforme	es
gallina	es
gallinaza	es
gallinejas	es
gallinero	es
gallineta	es
gallino	es
gallinácea	es
gallináceo	es
gallipava	es
gallipavo	es
gallito	es
gallo	es
gallocresta	es
gallofa	es
gallofar	es
gallofear	es
gallofero	es
gallofo	es
gallonada	es
gallonado	es
gallundera	es
gallón	es
galo	es
galocha	es
galocho	es
galonear	es
galopa	es
galopante	es
galopar	es
galope	es
galopear	es
galopo	es
galota	es
galpón	es
galvanismo	es
galvanizar	es
galvano	es
galvanoplastia	es
galvánicamente	es
galvánico	es
galáctico	es
galán	es
galápago	es
galés	es
galón	es
gama	es
gamada	es
gamarra	es
gamba	es
gamberrada	es
gamberro	es
gambeta	es
gambetear	es
gambeto	es
gambia	es
gambiano	es
gambito	es
gamboa	es
gambota	es
gambuza	es
gamella	es
gamello	es
gameto	es
gametofito	es
gamitar	es
gamitido	es
gamma	es
gamo	es
gamonal	es
gamopétalo	es
gamuno	es
gamusino	es
gamuza	es
gana	es
ganadero	es
ganadería	es
ganado	es
ganador	es
ganancia	es
ganancial	es
ganancioso	es
ganapán	es
ganar	es
gancha	es
ganchero	es
ganchete	es
gancho	es
ganchoso	es
ganchudo	es
gandaya	es
gandido	es
gandinga	es
gandir	es
gandujar	es
gandul	es
gandulear	es
gandía	es
ganeta	es
ganga	es
ganglio	es
ganglionar	es
gangosidad	es
gangoso	es
gangrena	es
gangrenar	es
gangrenoso	es
ganguear	es
ganoso	es
gansa	es
gansada	es
gansear	es
ganso	es
gante	es
ganzuar	es
garabatada	es
garabatear	es
garabato	es
garaje	es
garambaina	es
garante	es
garantid	es
garantida	es
garantidas	es
garantido	es
garantidos	es
garantiendo	es
garantiera	es
garantierais	es
garantieran	es
garantieras	es
garantiere	es
garantiereis	es
garantieren	es
garantieres	es
garantieron	es
garantiese	es
garantieseis	es
garantiesen	es
garantieses	es
garantimos	es
garantir	es
garantiremos	es
garantirse	es
garantirá	es
garantirán	es
garantirás	es
garantiré	es
garantiréis	es
garantiría	es
garantiríais	es
garantiríamos	es
garantirían	es
garantirías	es
garantiste	es
garantisteis	es
garantizador	es
garantizar	es
garantiéramos	es
garantiéremos	es
garantiésemos	es
garantió	es
garantí	es
garantía	es
garantíais	es
garantíamos	es
garantían	es
garantías	es
garantís	es
garapiñar	es
garapullo	es
garatusa	es
garañón	es
garbancero	es
garbanzal	es
garbanzo	es
garbanzuelo	es
garbar	es
garbear	es
garbera	es
garbillador	es
garbillar	es
garbo	es
garbosamente	es
garboso	es
garceta	es
garcía	es
gardenia	es
gardingo	es
garduño	es
garete	es
garfa	es
garfada	es
garfear	es
garfio	es
gargajear	es
gargajo	es
gargajoso	es
gargalizar	es
garganta	es
gargantear	es
gargarear	es
gargarismo	es
gargarizar	es
garguero	es
garifo	es
garita	es
garitero	es
garito	es
garitón	es
garla	es
garlador	es
garlar	es
garlito	es
garlocha	es
garlopa	es
garnacha	es
garra	es
garrafa	es
garrafal	es
garrafiñar	es
garrafón	es
garramar	es
garrancha	es
garrancho	es
garrapata	es
garrapatear	es
garrapato	es
garrapiñar	es
garrar	es
garrear	es
garrido	es
garrir	es
garroba	es
garrocha	es
garrochar	es
garrochear	es
garrofal	es
garrota	es
garrote	es
garrotear	es
garrotera	es
garrucha	es
garrucho	es
garrudo	es
garrula	es
garrulería	es
garrulidad	es
garrulo	es
garrón	es
garulla	es
garullada	es
garullo	es
garza	es
garzo	es
garzonear	es
garzota	es
gas	es
gasa	es
gasajar	es
gasajoso	es
gascón	es
gasear	es
gaseosa	es
gaseoso	es
gases	es
gasificación	es
gasificar	es
gasista	es
gasolina	es
gasolinera	es
gasometría	es
gastado	es
gastador	es
gastar	es
gasterópodo	es
gasto	es
gastoso	es
gastralgia	es
gastritis	es
gastroenteritis	es
gastrointestinal	es
gastronomía	es
gastronómico	es
gastrovascular	es
gasístico	es
gasógeno	es
gasóleo	es
gata	es
gatada	es
gatas	es
gateamiento	es
gatear	es
gatera	es
gatero	es
gatesco	es
gatillo	es
gato	es
gatos	es
gatuna	es
gatunamente	es
gatunero	es
gatuno	es
gatuperio	es
gatuña	es
gauchesco	es
gaucho	es
gaudeamus	es
gaussiano	es
gaussímetro	es
gavera	es
gaveta	es
gavia	es
gaviero	es
gavilancillo	es
gavilla	es
gavillar	es
gavillero	es
gavilán	es
gavina	es
gaviota	es
gavota	es
gavá	es
gay	es
gaya	es
gayar	es
gayata	es
gayola	es
gayomba	es
gayuba	es
gayumbos	es
gaza	es
gazapa	es
gazapatón	es
gazapera	es
gazapo	es
gazmiar	es
gaznar	es
gaznatada	es
gaznate	es
gazpachero	es
gazpacho	es
gazpachuelo	es
gazuza	es
gaélico	es
gañido	es
gañir	es
gañán	es
ge	es
gel	es
gelatina	es
gelatinoso	es
geltrú	es
gema	es
gemación	es
gemela	es
gemelar	es
gemelo	es
gemido	es
gemidor	es
geminar	es
gemiquear	es
gemir	es
gemoso	es
gen	es
genciana	es
gencianeo	es
gencianáceo	es
gendarme	es
geneal	es
genealogista	es
genealogía	es
genealógico	es
generacional	es
generación	es
generador	es
general	es
generala	es
generalato	es
generalidad	es
generalista	es
generalización	es
generalizador	es
generalizar	es
generalmente	es
generalísimo	es
generar	es
generativa	es
generativo	es
generatriz	es
generosamente	es
generosidad	es
generoso	es
genetista	es
genial	es
genialidad	es
genialmente	es
geniazo	es
genil	es
genio	es
genista	es
genital	es
genitivo	es
genitor	es
genitourinario	es
genocidio	es
genoma	es
genotipo	es
genovés	es
gente	es
gentecilla	es
gentil	es
gentileza	es
gentilhombre	es
gentilicio	es
gentilidad	es
gentilismo	es
gentilizar	es
gentilmente	es
gentualla	es
gentuza	es
gentílico	es
gentío	es
genuinamente	es
genuino	es
genéricamente	es
genérico	es
genéticamente	es
genético	es
genízaro	es
genómica	es
genómico	es
geocentrismo	es
geocéntrico	es
geoda	es
geodesia	es
geodésico	es
geoestacionario	es
geofísica	es
geofísico	es
geogr	es
geografía	es
geográficamente	es
geográfico	es
geología	es
geológicamente	es
geológico	es
geom	es
geometría	es
geomorfología	es
geométrico	es
geopolítica	es
geopolíticamente	es
geopolítico	es
georgia	es
georgiano	es
geotermia	es
geotérmico	es
geranio	es
geraniácea	es
geraniáceo	es
gerardo	es
gerencia	es
gerente	es
geriatría	es
gerifalte	es
geriátrico	es
germanesco	es
germanio	es
germanismo	es
germanista	es
germanización	es
germanizar	es
germano	es
germanofilia	es
germanía	es
germanófobo	es
germen	es
germicida	es
germinación	es
germinal	es
germinar	es
germán	es
germánico	es
gerona	es
gerundense	es
gerundiano	es
gerundio	es
gerundivo	es
ges	es
gesta	es
gestación	es
gestante	es
gestar	es
gestatorio	es
gestear	es
gestero	es
gesticulación	es
gesticulador	es
gesticulante	es
gesticulantemente	es
gesticular	es
gesticuloso	es
gestionar	es
gestión	es
gesto	es
gestor	es
gestual	es
getafe	es
geógrafo	es
geólogo	es
geómetra	es
ghana	es
ghanés	es
giba	es
gibao	es
gibar	es
gibosidad	es
giboso	es
gibraltar	es
giennense	es
giga	es
giganta	es
gigante	es
gigantea	es
giganteo	es
gigantesco	es
gigantismo	es
gigantón	es
gigote	es
gijón	es
gil	es
gilbert	es
gilbertes	es
gilipollas	es
gilipollez	es
gilito	es
gillete	es
gilí	es
gimnasia	es
gimnasio	es
gimnasta	es
gimnospermas	es
gimnospermo	es
gimnástica	es
gimnástico	es
gimotear	es
giménez	es
gin	es
ginebra	es
gineceo	es
ginecólogo	es
ginesta	es
giobertita	es
gipuzkoa	es
gira	es
girador	es
giralda	es
girante	es
girar	es
girasol	es
giratoria	es
giratorio	es
girino	es
giro	es
girocompás	es
girola	es
girona	es
giroscopio	es
giroscópico	es
girándula	es
gis	es
gitanada	es
gitanamente	es
gitanear	es
gitanería	es
gitanesco	es
gitanismo	es
gitano	es
glabro	es
glaciación	es
glacial	es
glacialmente	es
glaciar	es
gladiador	es
gladio	es
glamour	es
glamours	es
glande	es
glandular	es
glanduloso	es
glas	es
glasear	es
glasto	es
glasé	es
glauco	es
gleba	es
glicerina	es
glicina	es
glicinia	es
glifo	es
global	es
globalización	es
globalizado	es
globalizar	es
globalmente	es
globo	es
globoso	es
globular	es
globuloso	es
gloria	es
gloriapatri	es
gloriar	es
glorieta	es
glorificación	es
glorificador	es
glorificar	es
gloriosa	es
gloriosamente	es
glorioso	es
glosa	es
glosador	es
glosar	es
glosario	es
glosopeda	es
glotis	es
glotonear	es
glotonería	es
glotón	es
glucemia	es
glucina	es
glucosa	es
glucógeno	es
glucósido	es
gluma	es
gluon	es
glutamato	es
gluten	es
glutinosidad	es
glutinoso	es
glándula	es
glóbulo	es
glúteo	es
gneis	es
gnomo	es
gnomon	es
gnomónica	es
gnomónico	es
gnosticismo	es
gnómones	es
gnóstica	es
gnóstico	es
gob	es
gobernabilidad	es
gobernable	es
gobernación	es
gobernador	es
gobernadorcillo	es
gobernalle	es
gobernanta	es
gobernante	es
gobernanza	es
gobernar	es
gobernativo	es
gobierna	es
gobierno	es
gobio	es
goce	es
gocha	es
gocho	es
godesco	es
godo	es
gofio	es
gofrar	es
gol	es
gola	es
goleador	es
golear	es
goleta	es
golf	es
golfa	es
golfear	es
golfista	es
golfo	es
golfín	es
golfístico	es
golilla	es
golillero	es
gollete	es
golmajear	es
golondrina	es
golondrinera	es
golondrino	es
golondro	es
golosamente	es
golosear	es
golosina	es
golosinar	es
golosinear	es
golosmear	es
goloso	es
golpe	es
golpeador	es
golpeadura	es
golpear	es
golpeo	es
golpete	es
golpetear	es
golpista	es
goma	es
gomaespuma	es
gomar	es
gomer	es
gomera	es
gomero	es
gomina	es
gomista	es
gomorresina	es
gomosidad	es
gomoso	es
gonce	es
goncear	es
gondolero	es
gong	es
gongorino	es
gongorismo	es
gongorizar	es
goniómetro	es
gonococia	es
gonococo	es
gonocócico	es
gonorrea	es
gonzalo	es
gonzález	es
gorda	es
gordal	es
gordezuelo	es
gordiano	es
gordinflón	es
gordo	es
gordolobo	es
gordura	es
gorgojar	es
gorgojo	es
gorgojoso	es
gorgona	es
gorgor	es
gorgorear	es
gorgorita	es
gorgoritear	es
gorgorito	es
gorgotear	es
gorgoteo	es
gorguera	es
gorigori	es
gorila	es
gorja	es
gorjal	es
gorjear	es
gorjeo	es
gormar	es
gorra	es
gorrear	es
gorrero	es
gorrilla	es
gorrina	es
gorrinera	es
gorrino	es
gorriona	es
gorrionera	es
gorrista	es
gorrito	es
gorrión	es
gorro	es
gorronear	es
gorrón	es
gota	es
gotear	es
goteo	es
gotera	es
gotero	es
gotoso	es
goyesco	es
gozar	es
gozne	es
gozo	es
gozosamente	es
gozoso	es
gozque	es
gps	es
grabación	es
grabado	es
grabador	es
grabadura	es
grabar	es
gracejar	es
gracejo	es
gracia	es
graciable	es
graciado	es
graciano	es
gracieta	es
gracilidad	es
graciosamente	es
graciosidad	es
gracioso	es
grada	es
gradación	es
gradar	es
gradecer	es
gradecilla	es
gradiente	es
grado	es
graduación	es
graduado	es
graduador	es
gradual	es
gradualmente	es
graduando	es
graduar	es
grafeno	es
grafitero	es
grafiti	es
grafito	es
grafo	es
grafía	es
gragea	es
grais	es
graja	es
grajear	es
grajero	es
grajo	es
gral	es
grama	es
gramaje	es
gramanet	es
gramar	es
gramatical	es
gramaticalidad	es
gramaticalmente	es
gramatiquear	es
gramil	es
gramo	es
gramola	es
gramoso	es
gramática	es
gramático	es
gramínea	es
gramíneo	es
gramófono	es
gran	es
grana	es
granada	es
granadera	es
granadero	es
granadilla	es
granadinas	es
granadino	es
granado	es
granallar	es
granar	es
granate	es
grand	es
grande	es
grandemente	es
grandeza	es
grandilocuencia	es
grandilocuente	es
grandiosamente	es
grandiosidad	es
grandioso	es
grandisonar	es
grandor	es
grandullón	es
grandísimo	es
graneado	es
graneador	es
granear	es
granel	es
granero	es
granillera	es
granillero	es
granilloso	es
granito	es
granizado	es
granizar	es
granizo	es
granja	es
granjear	es
granjero	es
granjería	es
grano	es
granollerense	es
granollers	es
granoso	es
grant	es
granuja	es
granujada	es
granujado	es
granujiento	es
granujo	es
granulado	es
granular	es
granularidad	es
granulometría	es
granuloso	es
granza	es
granzoso	es
granítico	es
granívoro	es
grao	es
grapa	es
grapadora	es
grapar	es
grasa	es
grasera	es
grasero	es
graseza	es
grasiento	es
grasilla	es
graso	es
grasoso	es
grata	es
gratamente	es
gratar	es
gratificación	es
gratificador	es
gratificante	es
gratificar	es
gratil	es
gratinar	es
gratis	es
gratitud	es
grato	es
gratuidad	es
gratuitamente	es
gratuito	es
gratular	es
gratulatoria	es
gratulatorio	es
grava	es
gravable	es
gravamen	es
gravar	es
gravativo	es
grave	es
gravear	es
gravedad	es
gravemente	es
gravera	es
gravidez	es
gravimetría	es
gravimétrico	es
gravitacional	es
gravitacionalmente	es
gravitación	es
gravitar	es
gravitatorio	es
gravitomagnetismo	es
gravitomagnético	es
gravoso	es
gravímetro	es
gray	es
graznador	es
graznar	es
graznido	es
greba	es
greca	es
grecia	es
greciano	es
grecizar	es
greco	es
grecolatino	es
grecorromano	es
greda	es
gredal	es
gredoso	es
green	es
grefier	es
gregal	es
gregario	es
gregoriano	es
gregorio	es
greguisco	es
greguizar	es
grelo	es
gremial	es
gremio	es
gres	es
gresca	es
grey	es
greña	es
gridar	es
griego	es
grieta	es
grietar	es
grietear	es
grietoso	es
grifa	es
grifar	es
grifo	es
grigallo	es
grillar	es
grillera	es
grillero	es
grillete	es
grillo	es
grima	es
gringo	es
gripal	es
gripe	es
gris	es
grisear	es
griseta	es
grisáceo	es
grisú	es
grita	es
gritador	es
gritar	es
griterío	es
grito	es
gritón	es
gro	es
groar	es
groenlandia	es
groera	es
grog	es
grogui	es
grosella	es
grosellero	es
groseramente	es
grosero	es
grosería	es
grosezuelo	es
groso	es
grosor	es
grosura	es
grotescamente	es
grotesco	es
gruesa	es
gruesamente	es
grueso	es
gruiforme	es
gruir	es
gruista	es
grujir	es
grulla	es
grullada	es
grullero	es
grullo	es
grumete	es
grumo	es
grumoso	es
grupa	es
grupal	es
grupera	es
grupo	es
grupuscular	es
grupúsculo	es
gruta	es
grutesco	es
gruyer	es
gruñido	es
gruñir	es
gruñón	es
grácil	es
gráfica	es
gráficamente	es
gráfico	es
gránulo	es
grátil	es
grávida	es
grávido	es
gríseo	es
grúa	es
gta	es
gua	es
guaca	es
guacal	es
guacamayo	es
guacamole	es
guachapear	es
guacho	es
guaco	es
guadalajara	es
guadalajareño	es
guadalupe	es
guadamecí	es
guadapero	es
guadaíra	es
guadaña	es
guadañar	es
guadix	es
guadrapear	es
guaicurú	es
guaira	es
guaitar	es
guaje	es
guajillo	es
guajiro	es
gualardonar	es
gualardón	es
gualda	es
gualdo	es
gualdrapa	es
gualdrapazo	es
gualdrapear	es
gualdrapero	es
guam	es
guamo	es
guanaco	es
guanche	es
guanera	es
guanero	es
guango	es
guano	es
guantada	es
guantazo	es
guante	es
guantear	es
guantelete	es
guantera	es
guantero	es
guanábano	es
guapamente	es
guapear	es
guapetón	es
guapeza	es
guapo	es
guapote	es
guapura	es
guapísimo	es
guaraca	es
guaranga	es
guaraní	es
guaraníes	es
guarda	es
guardabarrera	es
guardabarros	es
guardabosque	es
guardabrazo	es
guardabrisa	es
guardacabras	es
guardacartuchos	es
guardacostas	es
guardadamas	es
guardado	es
guardador	es
guardaespaldas	es
guardafrenos	es
guardafuego	es
guardaguas	es
guardagujas	es
guardainfante	es
guardajoyas	es
guardalado	es
guardalobo	es
guardamano	es
guardamateriales	es
guardameta	es
guardamonte	es
guardamuebles	es
guardamujer	es
guardapelo	es
guardapiés	es
guardapolvo	es
guardapuerta	es
guardapuntas	es
guardar	es
guardarraya	es
guardarropa	es
guardarropía	es
guardarruedas	es
guardasol	es
guardería	es
guardia	es
guardiamarina	es
guardilla	es
guardián	es
guardoso	es
guardín	es
guarecer	es
guarida	es
guarir	es
guarismo	es
guarnecedor	es
guarnecer	es
guarnecido	es
guarnicionar	es
guarnicionero	es
guarnición	es
guarnimiento	es
guarnir	es
guarra	es
guarrada	es
guarramente	es
guarrazo	es
guarrear	es
guarrero	es
guarrilla	es
guarro	es
guasa	es
guasear	es
guastar	es
guata	es
guatemala	es
guatemalteco	es
guateque	es
guau	es
guay	es
guayaba	es
guayabal	es
guayabera	es
guayabo	es
guayaca	es
guayaco	es
guayacán	es
guayar	es
guayas	es
guayasense	es
gubernamental	es
gubernar	es
gubernativamente	es
gubernativo	es
gubia	es
gubilete	es
guecho	es
guedeja	es
guedejoso	es
guedejudo	es
gueldo	es
guernsey	es
guerra	es
guerrear	es
guerrera	es
guerreramente	es
guerrero	es
guerrilla	es
guerrillear	es
guerrillero	es
gueto	es
guiadera	es
guiado	es
guiador	es
guiais	es
guiar	es
guido	es
guie	es
guieis	es
guija	es
guijarral	es
guijarro	es
guijarroso	es
guijo	es
guilla	es
guillame	es
guillar	es
guillermo	es
guillote	es
guillotina	es
guillotinar	es
guimbalete	es
guinchar	es
guinda	es
guindado	es
guindal	es
guindaleza	es
guindar	es
guindillo	es
guindo	es
guindola	es
guinea	es
guineano	es
guineo	es
guio	es
guion	es
guionista	es
guipar	es
guipuzcoano	es
guipúzcoa	es
guiri	es
guirigay	es
guirigáis	es
guirlache	es
guirlanda	es
guirnalda	es
guisa	es
guisada	es
guisado	es
guisador	es
guisandero	es
guisantal	es
guisante	es
guisar	es
guiso	es
guisopillo	es
guisote	es
guitar	es
guitarra	es
guitarreo	es
guitarrero	es
guitarrista	es
guitarro	es
guitonear	es
guixols	es
guizgar	es
guiznar	es
guizque	es
guiñapo	es
guiñar	es
guiño	es
gula	es
gules	es
guloso	es
gulusmear	es
gura	es
gurapas	es
gurbio	es
gurbionado	es
gurbión	es
gurdo	es
guro	es
gurriato	es
gurrufero	es
gurrumino	es
gurruñar	es
gurullada	es
gurullo	es
gurumelo	es
gurupa	es
gurupera	es
gurú	es
gusanear	es
gusanera	es
gusaniento	es
gusano	es
gusanoso	es
gusarapa	es
gusarapiento	es
gusarapo	es
gustación	es
gustadura	es
gustar	es
gustativo	es
gustavo	es
gusto	es
gustos	es
gustosamente	es
gustoso	es
gutagamba	es
gutapercha	es
gutiérrez	es
gutural	es
guturalmente	es
gutífera	es
gutífero	es
guyana	es
guyanés	es
guzla	es
guzmán	es
guzpatarra	es
guácharo	es
guía	es
gálbano	es
gálbula	es
gáldar	es
gálico	es
gánster	es
gárgara	es
gárgola	es
gárrulo	es
gástrico	es
géiser	es
gélido	es
géminis	es
género	es
génesis	es
génico	es
gímnico	es
gómez	es
gónada	es
góndola	es
gótico	es
güero	es
güira	es
güiro	es
güisqui	es
ha	es
hab	es
haba	es
habado	es
habanero	es
habano	es
habar	es
haber	es
haberla	es
haberlas	es
haberle	es
haberles	es
haberlo	es
haberlos	es
haberme	es
habernos	es
haberos	es
haberse	es
haberte	es
haberío	es
habichuela	es
habida	es
habidas	es
habido	es
habidos	es
habiendo	es
habiente	es
habilidad	es
habilidoso	es
habilitación	es
habilitado	es
habilitador	es
habilitante	es
habilitar	es
habillado	es
habiloso	es
habitabilidad	es
habitable	es
habitacional	es
habitación	es
habitador	es
habitante	es
habitar	es
habitual	es
habitualmente	es
habituar	es
habitud	es
habitáculo	es
habiz	es
habiéndola	es
habiéndolas	es
habiéndole	es
habiéndoles	es
habiéndolo	es
habiéndolos	es
habiéndome	es
habiéndomela	es
habiéndomelas	es
habiéndomelo	es
habiéndomelos	es
habiéndonos	es
habiéndonosla	es
habiéndonoslas	es
habiéndonoslo	es
habiéndonoslos	es
habiéndoos	es
habiéndoosla	es
habiéndooslas	es
habiéndooslo	es
habiéndooslos	es
habiéndose	es
habiéndosela	es
habiéndoselas	es
habiéndoselo	es
habiéndoselos	es
habiéndote	es
habiéndotela	es
habiéndotelas	es
habiéndotelo	es
habiéndotelos	es
habla	es
hablado	es
hablador	es
habladuría	es
hablante	es
hablar	es
hablista	es
habremos	es
habrá	es
habrán	es
habrás	es
habré	es
habréis	es
habría	es
habríais	es
habríamos	es
habrían	es
habrías	es
habéis	es
habérmela	es
habérmelas	es
habérmelo	es
habérmelos	es
habérnosla	es
habérnoslas	es
habérnoslo	es
habérnoslos	es
habérosla	es
habéroslas	es
habéroslo	es
habéroslos	es
habérsela	es
habérselas	es
habérselo	es
habérselos	es
habértela	es
habértelas	es
habértelo	es
habértelos	es
había	es
habíais	es
habíamos	es
habían	es
habías	es
habón	es
haca	es
hacanea	es
haced	es
hacedero	es
hacedla	es
hacedlas	es
hacedlo	es
hacedlos	es
hacedme	es
hacednos	es
hacedor	es
hacendado	es
hacendar	es
hacendera	es
hacendero	es
hacendista	es
hacendoso	es
hacer	es
hachar	es
hache	es
hachear	es
hachero	es
hacho	es
hachote	es
hachuela	es
hachís	es
hachón	es
hacia	es
hacienda	es
haciente	es
hacimiento	es
hacina	es
hacinador	es
hacinamiento	es
hacinar	es
hada	es
hadada	es
hadado	es
hadador	es
hadar	es
hadario	es
hado	es
hadrón	es
hafiz	es
haitiano	es
haití	es
hala	es
halacabuyas	es
halacuerda	es
halagador	es
halagar	es
halago	es
halagüeño	es
halar	es
halconado	es
halconear	es
halconera	es
halconero	es
halcón	es
halda	es
haldada	es
haldear	es
haldinegro	es
haldudo	es
haleche	es
halieto	es
hall	es
hallada	es
hallado	es
hallador	es
hallar	es
hallazgo	es
halls	es
hallulla	es
hallullo	es
halo	es
haloideo	es
haloque	es
halotecnia	es
haloza	es
halógeno	es
hamaca	es
hamacar	es
hamaquero	es
hambre	es
hambrear	es
hambrientamente	es
hambriento	es
hambrina	es
hambruna	es
hambrón	es
hamburguesa	es
hamburguesería	es
hamburgués	es
hamez	es
hampa	es
hampesco	es
hampo	es
han	es
hanega	es
hanegada	es
hangar	es
hannoveriano	es
hanzo	es
hao	es
haplología	es
haraganear	es
haraganería	es
haraganoso	es
haragán	es
harapiento	es
harapo	es
haraposo	es
haraute	es
harbar	es
harbullar	es
harbullista	es
harca	es
harem	es
harense	es
harija	es
harina	es
harinado	es
harinea	es
harineaba	es
harineaban	es
harineada	es
harineadas	es
harineado	es
harineados	es
harinean	es
harineando	es
harinear	es
harineara	es
harinearan	es
harineare	es
harinearen	es
harinearon	es
harinearse	es
harineará	es
harinearán	es
harinearía	es
harinearían	es
harinease	es
harineasen	es
harinee	es
harineen	es
harinero	es
harineó	es
harinoso	es
harma	es
harmonioso	es
harmonizar	es
harnerero	es
harnero	es
harneruelo	es
haronear	es
harpa	es
harpado	es
harpillera	es
harpía	es
harrado	es
harrapo	es
harre	es
harrear	es
harria	es
harriero	es
hartar	es
hartazgo	es
hartera	es
harto	es
hartura	es
harén	es
has	es
hasta	es
hastial	es
hastiar	es
hastiosa	es
hastiosamente	es
hastioso	es
hastío	es
hataca	es
hatada	es
hatajo	es
hatear	es
hatero	es
hatería	es
hatijo	es
hatillo	es
hato	es
haute	es
havar	es
havo	es
hawaiano	es
hay	es
haya	es
hayal	es
hayamos	es
hayan	es
hayas	es
hayedo	es
hayuco	es
hayáis	es
haz	es
hazaleja	es
hazana	es
hazaña	es
hazañar	es
hazañero	es
hazla	es
hazlas	es
hazle	es
hazles	es
hazlo	es
hazlos	es
hazme	es
hazmerreír	es
haznos	es
hazte	es
he	es
heard	es
hebdomadario	es
hebdómada	es
hebetar	es
hebilla	es
hebillaje	es
hebillar	es
hebillero	es
hebilleta	es
hebra	es
hebraico	es
hebraizante	es
hebraizar	es
hebraísta	es
hebreo	es
hebrero	es
hebroso	es
hebrudo	es
hebén	es
hecatombe	es
hecha	es
hechiceresco	es
hechicero	es
hechicería	es
hechizar	es
hechizo	es
hecho	es
hechor	es
hechura	es
hectiquez	es
hectogramo	es
hectolitro	es
hectárea	es
hectóreo	es
hedentina	es
hedentino	es
heder	es
hediento	es
hediondamente	es
hediondez	es
hediondo	es
hedonismo	es
hedonista	es
hedor	es
hegelianismo	es
hegeliano	es
hegemonía	es
hegemónico	es
helada	es
heladera	es
heladero	es
heladizo	es
helado	es
helador	es
heladura	es
helamiento	es
helar	es
helear	es
helechal	es
helecho	es
helena	es
helenio	es
helenismo	es
helenista	es
helenizar	es
heleno	es
helenístico	es
helera	es
helero	es
helgado	es
helgadura	es
heliaco	es
helicoidal	es
helicoide	es
helicona	es
heliconio	es
helicón	es
helicónides	es
helicóptero	es
helio	es
heliocéntrico	es
heliograbado	es
heliograma	es
helioscopio	es
heliosis	es
helioterapia	es
heliotropio	es
heliotropo	es
heliógrafo	es
helióstato	es
hellín	es
helmintiasis	es
helminto	es
helor	es
helvecio	es
helvético	es
helénico	es
helíaco	es
hemacrimo	es
hematemesis	es
hematermo	es
hematites	es
hematoma	es
hematosis	es
hematoxilina	es
hematozoario	es
hematuria	es
hematíe	es
hematófago	es
hematólogo	es
hembra	es
hembrear	es
hemenciar	es
hemencioso	es
hemeroteca	es
hemiciclo	es
hemina	es
hemisferio	es
hemistiquio	es
hemocianina	es
hemofilia	es
hemoglobina	es
hemolítico	es
hemoptisis	es
hemorragia	es
hemorroidal	es
hemorroide	es
hemorroo	es
hemorroísa	es
hemos	es
hemostasia	es
hemostasis	es
hemostático	es
hemíptero	es
henal	es
henar	es
henares	es
henasco	es
henazo	es
henchid	es
henchida	es
henchidas	es
henchido	es
henchidor	es
henchidos	es
henchidura	es
henchimiento	es
henchimos	es
henchir	es
henchiremos	es
henchirse	es
henchirá	es
henchirán	es
henchirás	es
henchiré	es
henchiréis	es
henchiría	es
henchiríais	es
henchiríamos	es
henchirían	es
henchirías	es
henchiste	es
henchisteis	es
henchí	es
henchía	es
henchíais	es
henchíamos	es
henchían	es
henchías	es
henchís	es
hendedor	es
hendedura	es
hender	es
hendido	es
hendidura	es
hendija	es
hendimiento	es
hendir	es
henequén	es
henificar	es
henil	es
heno	es
henrio	es
henry	es
hepatitis	es
heptacordo	es
heptagonal	es
heptasílabo	es
heptágono	es
hepática	es
hepático	es
her	es
heraclida	es
heraldista	es
heraldo	es
herbajar	es
herbaje	es
herbajear	es
herbajero	es
herbar	es
herbario	es
herbato	es
herbazal	es
herbecer	es
herbera	es
herbero	es
herbicida	es
herbolar	es
herbolario	es
herbolecer	es
herbología	es
herborista	es
herboristería	es
herborizador	es
herborizar	es
herboso	es
herbáceo	es
herbívoro	es
herciano	es
hercio	es
hercúleo	es
heredad	es
heredada	es
heredado	es
heredamiento	es
heredar	es
heredero	es
hereditariamente	es
hereditario	es
hereje	es
herejía	es
herencia	es
heresiarca	es
hereticar	es
heria	es
herida	es
herido	es
heridor	es
heril	es
herimiento	es
herir	es
herma	es
hermafrodita	es
hermafroditismo	es
hermafrodito	es
hermanablemente	es
hermanamiento	es
hermanar	es
hermanas	es
hermanastro	es
hermanazgo	es
hermandad	es
hermandar	es
hermandino	es
hermanear	es
hermanecer	es
hermanito	es
hermano	es
hermanuco	es
hermeneuta	es
hermenéutica	es
hermenéutico	es
hermeticidad	es
hermetismo	es
hermetizar	es
hermosamente	es
hermoseador	es
hermoseamiento	es
hermosear	es
hermoso	es
hermosura	es
herméticamente	es
hermético	es
hernia	es
herniado	es
herniar	es
herniario	es
hernioso	es
hernista	es
hernández	es
herodes	es
herodiano	es
heroicamente	es
heroicidad	es
heroico	es
heroida	es
heroína	es
heroísmo	es
herpe	es
herpetismo	es
herpil	es
herrada	es
herradero	es
herrador	es
herradora	es
herradura	es
herraj	es
herraje	es
herramental	es
herramienta	es
herrar	es
herrenal	es
herrenar	es
herrera	es
herrero	es
herreruelo	es
herrete	es
herretear	es
herrezuelo	es
herrial	es
herronada	es
herropea	es
herrumbrar	es
herrumbre	es
herrumbroso	es
herrén	es
herrón	es
hertz	es
hertziano	es
hervencia	es
herventar	es
herver	es
hervidero	es
hervido	es
hervidor	es
hervir	es
hervor	es
hervorizarse	es
hervoroso	es
herzegovina	es
heráldica	es
heráldico	es
herético	es
hes	es
hesitación	es
hesitar	es
hesperidio	es
hesperio	es
hespir	es
hesíodo	es
hetaira	es
heteo	es
hetera	es
heterocerca	es
heterodino	es
heterodoxia	es
heterodoxo	es
heterogeneidad	es
heterogéneo	es
heterolisis	es
heterolítico	es
heteromancia	es
heteroscio	es
heterosexual	es
heterosexualidad	es
heterólisis	es
hetiquez	es
hevea	es
hexacoralario	es
hexacordo	es
hexadecimal	es
hexaedro	es
hexagonal	es
hexágono	es
hez	es
heñir	es
hialino	es
hiante	es
hiato	es
hibernar	es
hibernizo	es
hibierno	es
hibisco	es
hibleo	es
hibridación	es
hibridismo	es
hibuero	es
hicaco	es
hice	es
hicotea	es
hicso	es
hidalgamente	es
hidalgo	es
hidalguez	es
hidalguía	es
hidatídico	es
hideputa	es
hidra	es
hidrante	es
hidrargirio	es
hidrargirismo	es
hidrargiro	es
hidratante	es
hidratar	es
hidrato	es
hidria	es
hidroavión	es
hidrocarburo	es
hidrocefalia	es
hidrocele	es
hidroclorato	es
hidrocloruro	es
hidrocéfalo	es
hidroelectricidad	es
hidroeléctrico	es
hidrofilacio	es
hidrofobia	es
hidrofóbico	es
hidrogenación	es
hidrognosia	es
hidrografía	es
hidrográfico	es
hidrología	es
hidrológico	es
hidromancia	es
hidromasaje	es
hidromel	es
hidrometeoro	es
hidromiel	es
hidropesía	es
hidroplano	es
hidroscopia	es
hidrosfera	es
hidrosilicato	es
hidrostático	es
hidrotecnia	es
hidroterapia	es
hidrotermal	es
hidrotérmico	es
hidroxilo	es
hidráulicamente	es
hidráulico	es
hidrógeno	es
hidrólisis	es
hidrópico	es
hidróxido	es
hiedra	es
hiel	es
hielo	es
hiemal	es
hiena	es
hierarquía	es
hieratismo	es
hierba	es
hierbabuena	es
hierbajo	es
hierbaluisa	es
hierofante	es
hieroscopia	es
hierosolimitano	es
hierro	es
hierático	es
higa	es
higadilla	es
higadillo	es
higate	es
higiene	es
higienista	es
higienizar	es
higiénico	es
higo	es
higrometría	es
higroscopia	es
higroscopio	es
higroscópico	es
higrómetro	es
higuana	es
higuera	es
higueral	es
higuereta	es
higuerote	es
higueruela	es
higuerón	es
hijadalgo	es
hijastro	es
hijato	es
hijito	es
hijo	es
hijodalgo	es
hijuela	es
hijuelero	es
hila	es
hilacha	es
hilacho	es
hilachoso	es
hilada	es
hiladillo	es
hiladizo	es
hilado	es
hilador	es
hilados	es
hilandero	es
hilandería	es
hilanza	es
hilar	es
hilaracha	es
hilarante	es
hilaridad	es
hilatura	es
hilaza	es
hilemorfismo	es
hilera	es
hilero	es
hilo	es
hilomorfismo	es
hilvanar	es
hilván	es
himen	es
himeneo	es
himenóptero	es
himnario	es
himno	es
himpar	es
himplar	es
hin	es
hincadura	es
hincapié	es
hincar	es
hincha	es
hinchable	es
hinchada	es
hinchado	es
hinchamiento	es
hinchamos	es
hinchan	es
hinchar	es
hinchas	es
hinchazón	es
hinche	es
hinchen	es
hinches	es
hinchiendo	es
hinchiera	es
hinchierais	es
hinchieran	es
hinchieras	es
hinchiere	es
hinchiereis	es
hinchieren	es
hinchieres	es
hinchieron	es
hinchiese	es
hinchieseis	es
hinchiesen	es
hinchieses	es
hinchir	es
hinchiéramos	es
hinchiéremos	es
hinchiésemos	es
hinchió	es
hincho	es
hincháis	es
hindi	es
hinduismo	es
hindú	es
hindúes	es
hiniestra	es
hinnible	es
hinojal	es
hinojar	es
hinojo	es
hinque	es
hintero	es
hiogloso	es
hioideo	es
hioides	es
hipar	es
hiperactividad	es
hiperbolizar	es
hiperboloide	es
hiperbólicamente	es
hiperbólico	es
hiperbóreo	es
hiperclorhidria	es
hipercrisis	es
hiperdulía	es
hiperemia	es
hiperenlace	es
hiperestesiar	es
hipergeométrico	es
hiperhidrosis	es
hiperinflación	es
hipermercado	es
hipermetamorfosis	es
hipermetría	es
hipersensibilidad	es
hipersensible	es
hipertensión	es
hipertermia	es
hipertexto	es
hipertrofia	es
hipertrofiar	es
hipervínculo	es
hipido	es
hipismo	es
hipnal	es
hipnosis	es
hipnotismo	es
hipnotizador	es
hipnotizar	es
hipnótico	es
hipo	es
hipoalergénico	es
hipoalérgico	es
hipocampo	es
hipocausto	es
hipocentauro	es
hipocentro	es
hipocicloide	es
hipoclorhidria	es
hipocondrio	es
hipocondría	es
hipocondríaco	es
hipocorístico	es
hipocresía	es
hipodérmico	es
hipogastrio	es
hipogeo	es
hipogloso	es
hipoglucemia	es
hipogrifo	es
hipomoclio	es
hipopótamo	es
hiposo	es
hiposulfito	es
hiposulfuroso	es
hipoteca	es
hipotecar	es
hipotecario	es
hipotecnia	es
hipotensión	es
hipotenusa	es
hipotermia	es
hipotiposis	es
hipotiroidismo	es
hipotálamo	es
hipotéticamente	es
hipotético	es
hipoxia	es
hippie	es
hippy	es
hipérbola	es
hipérbole	es
hipócrita	es
hipócritamente	es
hipódromo	es
hipófisis	es
hipótesis	es
hircano	es
hirco	es
hircocervo	es
hiriente	es
hirmar	es
hirsutismo	es
hirsuto	es
hirundinaria	es
hirviente	es
hisca	es
hiscal	es
hisopadura	es
hisopar	es
hisopear	es
hisopo	es
hispalense	es
hispalio	es
hispanidad	es
hispanismo	es
hispanista	es
hispanizar	es
hispano	es
hispanoamericanismo	es
hispanoamericano	es
hispanoamérica	es
hispanohablante	es
hispanoparlante	es
hispir	es
hispánica	es
hispánico	es
histamina	es
histeria	es
histerismo	es
histograma	es
histología	es
histona	es
historia	es
historiado	es
historiador	es
historial	es
historialmente	es
historiar	es
historicidad	es
historicismo	es
historicista	es
historieta	es
historietista	es
historificación	es
historificar	es
historiografía	es
histrionisa	es
histrionismo	es
histrión	es
histriónicamente	es
histérico	es
histórica	es
históricamente	es
histórico	es
hitar	es
hitita	es
hitleriano	es
hito	es
hiyab	es
hizo	es
hiñir	es
hno	es
hobby	es
hobbys	es
hobo	es
hocete	es
hocicar	es
hocico	es
hocicudo	es
hocino	es
hociquear	es
hockey	es
hockeys	es
hogar	es
hogareño	es
hogaza	es
hogaño	es
hoguera	es
hoja	es
hojalata	es
hojalatero	es
hojalde	es
hojaldrado	es
hojaldrar	es
hojaldre	es
hojaldrero	es
hojaldrista	es
hojarasca	es
hojear	es
hojecer	es
hojoso	es
hojudo	es
hojuela	es
hola	es
holanda	es
holandeta	es
holandés	es
holco	es
holding	es
holear	es
holgadamente	es
holgadero	es
holgado	es
holganza	es
holgar	es
holgazanear	es
holgazanería	es
holgazán	es
holgorio	es
holgueta	es
holgura	es
holladero	es
holladura	es
hollar	es
holleca	es
hollejo	es
hollejudo	es
holliniento	es
hollín	es
holocausto	es
holofonía	es
holofónico	es
holografía	es
holograma	es
holográfico	es
holostérico	es
holoturia	es
holotúrido	es
holístico	es
homarrache	es
hombracho	es
hombrada	es
hombradía	es
hombre	es
hombrear	es
hombrecillo	es
hombrera	es
hombrillo	es
hombro	es
hombruno	es
hombría	es
home	es
homenaje	es
homenajear	es
homeopatía	es
homeotermo	es
homero	es
homeópata	es
homiciarse	es
homicida	es
homicidio	es
homicillo	es
homiliario	es
homilía	es
hominal	es
hominicaco	es
homocerca	es
homofobia	es
homogeneidad	es
homogeneización	es
homogeneizar	es
homogenización	es
homogenizar	es
homogéneamente	es
homogéneo	es
homolisis	es
homologación	es
homologar	es
homología	es
homolítico	es
homonimia	es
homoparental	es
homosexual	es
homosexualidad	es
homérico	es
homínido	es
homínidos	es
homólisis	es
homólogo	es
homónimo	es
honcejo	es
honda	es
hondable	es
hondada	es
hondamente	es
hondarras	es
hondear	es
hondero	es
hondijo	es
hondillos	es
hondo	es
hondonada	es
hondonal	es
hondura	es
honduras	es
hondureño	es
hondón	es
honesta	es
honestamente	es
honestar	es
honestidad	es
honesto	es
hong	es
hongarina	es
hongo	es
hongoso	es
honor	es
honorabilidad	es
honorable	es
honorar	es
honorario	es
honorificar	es
honoríficamente	es
honorífico	es
honra	es
honradamente	es
honradero	es
honradez	es
honrado	es
honramiento	es
honrar	es
honras	es
honrosa	es
honrosamente	es
honroso	es
hontana	es
hontanal	es
hontanar	es
hopalanda	es
hopar	es
hopear	es
hoplita	es
hoploteca	es
hoque	es
hora	es
horacar	es
horaciano	es
horadada	es
horadador	es
horadar	es
horado	es
horambre	es
horario	es
horca	es
horcada	es
horcado	es
horcadura	es
horcajadas	es
horcajadillas	es
horcajadura	es
horcajo	es
horcate	es
horchata	es
horchatero	es
horco	es
horconada	es
horconadura	es
horcón	es
horda	es
hordiate	es
horizontal	es
horizontalidad	es
horizontalmente	es
horizonte	es
horma	es
hormaza	es
hormazo	es
hormero	es
hormiga	es
hormigante	es
hormigo	es
hormigonera	es
hormigoso	es
hormigueamiento	es
hormiguear	es
hormigueo	es
hormiguero	es
hormiguesco	es
hormigón	es
hormona	es
hormonal	es
hornabeque	es
hornablenda	es
hornacero	es
hornacho	es
hornachuela	es
hornacina	es
hornada	es
hornaguear	es
hornaguera	es
hornaguero	es
hornaza	es
hornear	es
hornecino	es
hornera	es
hornero	es
hornija	es
hornijero	es
hornilla	es
horno	es
horqueta	es
horquillar	es
horrendamente	es
horrendo	es
horrero	es
horribilidad	es
horrible	es
horriblemente	es
horridez	es
horripilante	es
horripilar	es
horrisonante	es
horror	es
horrorizar	es
horrorosamente	es
horroroso	es
horrura	es
horrísono	es
hortal	es
hortaliza	es
hortelano	es
hortense	es
hortensia	es
hortera	es
horticultor	es
horticultura	es
hortolano	es
horts	es
hortícola	es
horuelo	es
horóscopo	es
hosanna	es
hosco	es
hoscoso	es
hospa	es
hospedable	es
hospedador	es
hospedaje	es
hospedamiento	es
hospedante	es
hospedar	es
hospedero	es
hospedería	es
hospiciano	es
hospicio	es
hospital	es
hospitalaria	es
hospitalariamente	es
hospitalario	es
hospitalero	es
hospitalet	es
hospitalicio	es
hospitalidad	es
hospitalización	es
hospitalizar	es
hospodar	es
hosquedad	es
hostal	es
hoste	es
hostelero	es
hostelería	es
hostería	es
hostia	es
hostiario	es
hostiero	es
hostigador	es
hostigamiento	es
hostigar	es
hostigoso	es
hostil	es
hostilidad	es
hostilizar	es
hostilmente	es
hotel	es
hotelero	es
hotentota	es
hotentote	es
hoto	es
hove	es
hovero	es
hoy	es
hoya	es
hoyada	es
hoyanca	es
hoyitos	es
hoyo	es
hoyoso	es
hoyuela	es
hoyuelo	es
hoz	es
hozadero	es
hozador	es
hozadura	es
hozar	es
huacatay	es
huacatáis	es
huachache	es
huairuro	es
huango	es
huasca	es
hube	es
hubiera	es
hubierais	es
hubieran	es
hubieras	es
hubiere	es
hubiereis	es
hubieren	es
hubieres	es
hubieron	es
hubiese	es
hubieseis	es
hubiesen	es
hubieses	es
hubimos	es
hubiste	es
hubisteis	es
hubiéramos	es
hubiéremos	es
hubiésemos	es
hubo	es
hucha	es
huchear	es
hucho	es
huebra	es
huebrero	es
hueca	es
hueco	es
huecograbado	es
huela	es
huelan	es
huelas	es
huele	es
huelen	es
hueles	es
huelga	es
huelgo	es
huelguista	es
huella	es
huelo	es
huelva	es
huemul	es
huera	es
huerco	es
huero	es
huerta	es
huertano	es
huerto	es
huesa	es
huesca	es
huesera	es
hueso	es
huesoso	es
hueste	es
huesudo	es
huevar	es
huevera	es
huevero	es
huevo	es
hugo	es
hugonote	es
hui	es
huida	es
huidero	es
huidizo	es
huidor	es
huifa	es
huir	es
huiro	es
huis	es
hujier	es
hulano	es
hule	es
hulla	es
hullero	es
hum	es
humana	es
humanamente	es
humanar	es
humanidad	es
humanismo	es
humanista	es
humanitario	es
humanitarismo	es
humanización	es
humanizar	es
humano	es
humanoide	es
humanístico	es
humar	es
humarada	es
humarazo	es
humareda	es
humaza	es
humazga	es
humeante	es
humear	es
humectar	es
humectativo	es
humedad	es
humedal	es
humedecer	es
humera	es
humeral	es
humero	es
humidificación	es
humidificar	es
humildad	es
humilde	es
humildemente	es
humillación	es
humilladero	es
humillador	es
humillante	es
humillantemente	es
humillar	es
hummus	es
humo	es
humor	es
humorada	es
humorado	es
humoral	es
humoralismo	es
humoralista	es
humorismo	es
humorista	es
humorosidad	es
humoroso	es
humorístico	es
humosidad	es
humoso	es
humus	es
hundimiento	es
hundir	es
hungarina	es
hungría	es
huno	es
hupe	es
hura	es
huracanar	es
huraco	es
huracán	es
huraño	es
hurdano	es
hurera	es
hurgador	es
hurgamandera	es
hurgamiento	es
hurgar	es
hurgonada	es
hurgonear	es
hurgonero	es
hurguillas	es
hurgón	es
hurona	es
huronear	es
huronera	es
huronero	es
hurra	es
hurraco	es
hurtadillas	es
hurtadineros	es
hurtador	es
hurtagua	es
hurtar	es
hurto	es
hurón	es
husada	es
husera	es
husero	es
husillero	es
husita	es
husmar	es
husmeador	es
husmear	es
husmo	es
huso	es
huta	es
hutía	es
huy	es
huélala	es
huélalas	es
huélale	es
huélales	es
huélalo	es
huélalos	es
huélame	es
huélanlas	es
huélanle	es
huélanles	es
huélanlo	es
huélanlos	es
huélanme	es
huélannos	es
huélanos	es
huélanse	es
huélase	es
huélela	es
huélelas	es
huélele	es
huéleles	es
huélelo	es
huélelos	es
huéleme	es
huélenos	es
huélete	es
huérfano	es
huésped	es
hábil	es
hábilmente	es
hábitat	es
hábito	es
hágala	es
hágalas	es
hágale	es
hágales	es
hágalo	es
hágalos	es
hágame	es
háganla	es
háganlas	es
háganle	es
háganles	es
háganlo	es
háganlos	es
háganme	es
hágannos	es
háganos	es
háganse	es
hágase	es
hálito	es
hámster	es
hándicap	es
házmela	es
házmelas	es
házmelo	es
házmelos	es
háznosla	es
háznoslas	es
háznoslo	es
háznoslos	es
héctica	es
héctico	es
héctor	es
hélice	es
hércules	es
héroe	es
hética	es
hético	es
híbrido	es
hídrico	es
hígado	es
hípica	es
hípico	es
hórreo	es
hórrido	es
húelanla	es
húmeda	es
húmedo	es
húmero	es
húngaro	es
i	es
ib	es
iba	es
ibais	es
iban	es
ibas	es
iberio	es
iberismo	es
ibero	es
iberoamericano	es
ibi	es
ibicenco	es
ibis	es
ibiza	es
ibáñez	es
ibérico	es
ibíd	es
icaco	es
icario	es
iceberg	es
ichal	es
icho	es
ichu	es
ichus	es
icod	es
icono	es
iconoclasta	es
iconografía	es
iconográfico	es
iconostasio	es
icor	es
icoroso	es
icosaedro	es
ictericia	es
ictericiado	es
icterodes	es
ictiosauro	es
ictiófago	es
ictérico	es
ictérido	es
id	es
ida	es
idalio	es
idas	es
idea	es
ideal	es
idealidad	es
idealismo	es
idealista	es
idealización	es
idealizador	es
idealizar	es
idealmente	es
idear	es
ideario	es
identidad	es
identificación	es
identificador	es
identificar	es
identificativamente	es
identificativo	es
ideograma	es
ideología	es
ideológicamente	es
ideológico	es
ideólogo	es
idilio	es
idiocia	es
idioma	es
idiomático	es
idiosincrasia	es
idiota	es
idiotez	es
idiotismo	es
idiotizar	es
ido	es
idolatradamente	es
idolatrar	es
idolatría	es
idolopeya	es
idoneidad	es
idos	es
idumeo	es
idus	es
idénticamente	es
idéntico	es
idílico	es
idólatra	es
idóneamente	es
idóneo	es
iglesia	es
iglú	es
ignaciano	es
ignacio	es
ignaro	es
ignavia	es
ignavo	es
ignición	es
ignipotente	es
ignito	es
ignominia	es
ignominiosamente	es
ignominioso	es
ignorancia	es
ignorante	es
ignorantemente	es
ignorar	es
ignoto	es
ignífugo	es
igual	es
iguala	es
igualación	es
igualada	es
igualadino	es
igualado	es
igualador	es
igualamiento	es
igualar	es
igualdad	es
igualitariamente	es
igualitario	es
igualito	es
igualmente	es
iguana	es
iguanodonte	es
iguar	es
iguaria	es
iguánido	es
ijada	es
ijadear	es
ijar	es
ijujú	es
ilación	es
ilativo	es
ilegalización	es
ilegalmente	es
ilegitimar	es
ileocecal	es
ilerdense	es
ilergete	es
iliberitano	es
iliberritano	es
ilicitano	es
iliense	es
ilimitadamente	es
ilion	es
ilipulense	es
ilirio	es
iliturgitano	es
illescas	es
ilmo	es
ilota	es
ilotismo	es
iltre	es
iludir	es
iluminación	es
iluminado	es
iluminador	es
iluminar	es
iluminativo	es
iluminismo	es
ilusamente	es
ilusionar	es
ilusionismo	es
ilusionista	es
ilusivo	es
ilusión	es
ilusorio	es
ilustrado	es
ilustrador	es
ilustrar	es
ilustrativo	es
ilustre	es
ilustremente	es
ilícitamente	es
imada	es
imagen	es
imaginable	es
imaginación	es
imaginar	es
imaginaria	es
imaginariamente	es
imaginario	es
imaginativa	es
imaginativo	es
imaginero	es
imaginería	es
imanación	es
imanador	es
imanar	es
imantar	es
imbatible	es
imbecilidad	es
imbele	es
imberbe	es
imbiar	es
imbornal	es
imborrable	es
imbricar	es
imbuir	es
imbécil	es
imela	es
imitable	es
imitación	es
imitador	es
imitar	es
imitativo	es
imitatorio	es
imoscapo	es
imp	es
impacientar	es
impaciente	es
impacientemente	es
impactante	es
impactar	es
impacto	es
impala	es
impar	es
imparable	es
imparablemente	es
imparcialmente	es
impartir	es
impasiblemente	es
impavidez	es
impecabilidad	es
impecablemente	es
impedancia	es
impedido	es
impediente	es
impedimenta	es
impedir	es
impeditivo	es
impelente	es
impeler	es
impender	es
impensa	es
impensablemente	es
impensadamente	es
impensado	es
imperante	es
imperar	es
imperativamente	es
imperativo	es
imperatoria	es
imperatorio	es
imperceptiblemente	es
imperdible	es
imperdonablemente	es
imperfectamente	es
imperfecto	es
imperial	es
imperialismo	es
imperialista	es
imperio	es
imperiosamente	es
imperioso	es
impermeabilizante	es
impermeabilizar	es
impermeable	es
impersonalizar	es
impersonalmente	es
impertinente	es
impertinentemente	es
impertir	es
imperturbabilidad	es
imperturbablemente	es
impertérrito	es
impetra	es
impetrador	es
impetrar	es
impetratorio	es
impetuosamente	es
impetuosidad	es
impetuoso	es
impiedoso	es
impingar	es
implacablemente	es
implantar	es
implar	es
implementación	es
implementar	es
implemento	es
implicación	es
implicar	es
implicatorio	es
implorador	es
implorante	es
implorar	es
implosivo	es
implume	es
impluvio	es
implícitamente	es
implícito	es
imponderable	es
imponderablemente	es
imponentemente	es
imponer	es
importación	es
importancia	es
importantísimo	es
importar	es
importunación	es
importunadamente	es
importunar	es
importunidad	es
importuno	es
imposibilitado	es
imposibilitar	es
imposiblemente	es
imposta	es
impostar	es
impostergable	es
impostor	es
impr	es
impracticabilidad	es
imprecación	es
imprecar	es
imprecatorio	es
impregnación	es
impregnar	es
impremeditado	es
impremir	es
imprenta	es
imprescriptibilidad	es
impresionabilidad	es
impresionante	es
impresionar	es
impresionismo	es
impresionista	es
impresión	es
impreso	es
impresor	es
imprestable	es
imprevisto	es
imprimación	es
imprimadera	es
imprimador	es
imprimar	es
imprimir	es
improbablemente	es
improfanable	es
impronta	es
improperar	es
improperio	es
impropiamente	es
impropiar	es
improvisación	es
improvisadamente	es
improvisador	es
improvisamente	es
improvisar	es
improviso	es
improvisto	es
imprudentemente	es
impráctico	es
impto	es
impudencia	es
impudente	es
impuesto	es
impugnación	es
impugnador	es
impugnar	es
impugnativo	es
impulsar	es
impulsivamente	es
impulsividad	es
impulsivo	es
impulsor	es
impune	es
impunemente	es
impunidad	es
impuramente	es
impurificar	es
imputabilidad	es
imputación	es
imputado	es
imputador	es
imputar	es
impávido	es
impíamente	es
impío	es
impón	es
impúber	es
impúdicamente	es
imán	es
in	es
inaccesiblemente	es
inacceso	es
inacentuado	es
inactivación	es
inadaptado	es
inadvertidamente	es
inalienabilidad	es
inalterablemente	es
inalterado	es
inalámbrico	es
inane	es
inanición	es
inanidad	es
inapeable	es
inapetente	es
inaprensible	es
inapropiado	es
inarrugable	es
inarticulable	es
inasible	es
inasistente	es
inastillable	es
inaudito	es
inauguración	es
inaugural	es
inaugurar	es
inca	es
incaico	es
incaler	es
incalmable	es
incalumniable	es
incandescencia	es
incandescente	es
incansable	es
incansablemente	es
incapacitado	es
incapacitar	es
incardinar	es
incasable	es
incausto	es
incautación	es
incautamente	es
incautar	es
incendaja	es
incendiar	es
incendiario	es
incendio	es
incensar	es
incensario	es
incentivación	es
incentivador	es
incentivar	es
incentivo	es
incesable	es
incesablemente	es
incesantemente	es
incestar	es
incesto	es
incestuosamente	es
incestuoso	es
incidencia	es
incidental	es
incidentalmente	es
incidente	es
incidentemente	es
incidir	es
incienso	es
inciertamente	es
incineración	es
incinerador	es
incinerar	es
incipiente	es
incircunscripto	es
incircunscrito	es
incisivo	es
incisión	es
inciso	es
incisorio	es
incisura	es
incitamento	es
incitamiento	es
incitante	es
incitar	es
incitativo	es
incivilizado	es
incivilmente	es
incl	es
inclasificable	es
inclaustrar	es
inclinación	es
inclinado	es
inclinador	es
inclinar	es
inclinativo	es
incluir	es
inclusa	es
inclusero	es
inclusivamente	es
inclusive	es
inclusivo	es
inclusión	es
incluso	es
incoar	es
incoativo	es
incoherentemente	es
incoloro	es
incolumidad	es
incomodador	es
incomodar	es
incomparablemente	es
incompartible	es
incompasible	es
incompletamente	es
incompletitud	es
incompletud	es
incomportable	es
incomposibilidad	es
incomposible	es
incomprehensibilidad	es
incomprehensible	es
incomprendido	es
incomprensiblemente	es
incomunicar	es
inconcuso	es
incondicional	es
incondicionalmente	es
incongruentemente	es
incongruidad	es
inconmovible	es
inconsciente	es
inconscientemente	es
inconsideradamente	es
inconsolablemente	es
inconstantemente	es
inconstitucionalidad	es
inconstruible	es
incontaminado	es
incontenible	es
incontestabilidad	es
incontinente	es
incontinentemente	es
incontinenti	es
incontrastablemente	es
incontratable	es
incontrolado	es
inconvencible	es
inconveniente	es
incordiar	es
incorporación	es
incorporar	es
incorrectamente	es
incrasar	es
increado	es
incremental	es
incrementar	es
incremento	es
increpación	es
increpador	es
increpar	es
increíblemente	es
incriminar	es
incruentamente	es
incrustante	es
incrustar	es
incubación	es
incubadora	es
incubar	es
inculcador	es
inculcar	es
inculpar	es
incultamente	es
incumbencia	es
incumbir	es
incumplir	es
incunable	es
incurrimiento	es
incurrir	es
incursionar	es
incursión	es
incurvar	es
incusar	es
incógnito	es
incólume	es
incómodamente	es
indagación	es
indagador	es
indagar	es
indagatoria	es
indagatorio	es
indebidamente	es
indebido	es
indecentemente	es
indeciblemente	es
indeciso	es
indecisorio	es
indecorosamente	es
indefectiblemente	es
indefensable	es
indefensible	es
indefenso	es
indefinidamente	es
indefinido	es
indeleblemente	es
indeliberadamente	es
indemne	es
indemnidad	es
indemnización	es
indemnizar	es
indemorable	es
independentismo	es
independentista	es
independiente	es
independientemente	es
independizar	es
inderogabilidad	es
inderogable	es
indeseado	es
indesignable	es
indeterminadamente	es
indeterminismo	es
indexar	es
indezuelo	es
india	es
indiada	es
indianista	es
indiano	es
indicación	es
indicador	es
indicante	es
indicar	es
indicativo	es
indiciador	es
indiciar	es
indiciario	es
indicio	es
indicioso	es
indiferenciado	es
indiferentemente	es
indiferentismo	es
indigencia	es
indigenismo	es
indigenista	es
indigente	es
indigerido	es
indigestar	es
indigesto	es
indignación	es
indignadísimo	es
indignamente	es
indignante	es
indignar	es
indignidad	es
indilgar	es
indinar	es
indio	es
indirecta	es
indirectamente	es
indisciplinar	es
indiscretamente	es
indiscriminadamente	es
indiscriminado	es
indiscutiblemente	es
indiscutido	es
indisolublemente	es
indispensabilidad	es
indispensablemente	es
indisponer	es
indispuesto	es
indispón	es
indistintamente	es
individua	es
individual	es
individualidad	es
individualismo	es
individualista	es
individualizar	es
individualmente	es
individuar	es
individuo	es
indivisiblemente	es
indiviso	es
indizar	es
indo	es
indochino	es
indoctrinar	es
indoeuropeo	es
indolente	es
indolentemente	es
indoloro	es
indomabilidad	es
indomado	es
indomesticado	es
indonesia	es
indonesio	es
indostano	es
indubitablemente	es
indubitado	es
inducción	es
inducia	es
inducido	es
inducidor	es
inducimiento	es
inducir	es
inductancia	es
inductor	es
indudablemente	es
indulgencia	es
indulgente	es
indulgentemente	es
indultar	es
indultario	es
indulto	es
indumentaria	es
indumentario	es
indumento	es
industria	es
industrial	es
industrialismo	es
industrialista	es
industrialización	es
industrializar	es
industriar	es
industrioso	es
indígena	es
indómitamente	es
indómito	es
inebriar	es
inedia	es
inefabilidad	es
inefable	es
inefablemente	es
ineficazmente	es
ineludiblemente	es
inenarrable	es
inentendible	es
inepcia	es
ineptamente	es
ineptitud	es
inepto	es
inequívocamente	es
inercia	es
inercial	es
inerme	es
inerrable	es
inerrancia	es
inerte	es
inervación	es
inervador	es
inescrutable	es
inesperadamente	es
inesperado	es
inestancable	es
inestimado	es
inevitablemente	es
inexactamente	es
inexcogitable	es
inexcusablemente	es
inexorabilidad	es
inexorablemente	es
inexpiable	es
inexplicablemente	es
inexplicado	es
inexplorado	es
inexpresable	es
inextricable	es
infaliblemente	es
infalsificable	es
infaltable	es
infamador	es
infamante	es
infamar	es
infamativo	es
infamatorio	es
infame	es
infamia	es
infancia	es
infando	es
infantado	es
infante	es
infantería	es
infanticida	es
infanticidio	es
infantil	es
infartar	es
infarto	es
infatigable	es
infatigablemente	es
infatuar	es
infaustamente	es
infeccionar	es
infeccioso	es
infección	es
infecir	es
infectar	es
infecundarse	es
infelizmente	es
inferencia	es
inferencial	es
inferior	es
inferioridad	es
inferir	es
infernal	es
infernar	es
infernáculo	es
infestar	es
infesto	es
infeudar	es
infibular	es
inficionar	es
infidencia	es
infielmente	es
infierno	es
infiltrado	es
infiltrar	es
infinidad	es
infinitamente	es
infinitesimal	es
infinitivo	es
infinito	es
infirmar	es
inflacionario	es
inflacionista	es
inflación	es
inflador	es
inflamable	es
inflamación	es
inflamador	es
inflamar	es
inflamatorio	es
inflar	es
inflexiblemente	es
infligir	es
influenciar	es
influenza	es
influir	es
informado	es
informador	es
informal	es
informalmente	es
informante	es
informar	es
informativo	es
informatización	es
informatizar	es
informe	es
informidad	es
informática	es
informático	es
infortificable	es
infortunadamente	es
infortunado	es
infortunio	es
infosura	es
infractor	es
infraestructura	es
infrahumano	es
inframundo	es
infrarrojo	es
infrascrito	es
infrasonido	es
infrautilizar	es
infravalorar	es
infrecuente	es
infringir	es
infructuosamente	es
infructuosidad	es
infrutescencia	es
infundadamente	es
infundado	es
infundio	es
infundir	es
infurtir	es
infuscar	es
infuso	es
ing	es
inga	es
ingeniar	es
ingenieril	es
ingeniero	es
ingeniería	es
ingenio	es
ingeniosamente	es
ingeniosidad	es
ingenioso	es
ingente	es
ingenua	es
ingenuamente	es
ingenuidad	es
ingenuo	es
ingerir	es
ingesta	es
inglaterra	es
ingle	es
inglete	es
ingletear	es
inglés	es
ingratamente	es
ingrediente	es
ingresar	es
ingreso	es
inguinal	es
inguinario	es
ingurgitar	es
ingénitamente	es
inhabitado	es
inhalación	es
inhalador	es
inhalar	es
inherente	es
inherentemente	es
inhestar	es
inhibición	es
inhibidor	es
inhibir	es
inhibitorio	es
inhiesto	es
inhospitable	es
inhumación	es
inhumanamente	es
inhumar	es
inhóspito	es
iniciación	es
iniciado	es
iniciador	es
inicial	es
inicializar	es
inicialmente	es
iniciar	es
iniciativa	es
iniciativo	es
inicio	es
inicuamente	es
inicuo	es
inigualable	es
ininterrumpidamente	es
ininterrumpido	es
iniquidad	es
injerencia	es
injerir	es
injerta	es
injertador	es
injertar	es
injerto	es
injundia	es
injuria	es
injuriador	es
injuriar	es
injuriosamente	es
injurioso	es
injustamente	es
injusticia	es
injustificadamente	es
inllevable	es
inmaculada	es
inmaculadamente	es
inmaculado	es
inmanencia	es
inmanente	es
inmarcesible	es
inmaturo	es
inmediatamente	es
inmediatez	es
inmejorablemente	es
inmemorablemente	es
inmemorial	es
inmensamente	es
inmensidad	es
inmenso	es
inmerecido	es
inmersión	es
inmerso	es
inmigrante	es
inmigrar	es
inminencia	es
inminente	es
inmiscuir	es
inmisericorde	es
inmobiliaria	es
inmoble	es
inmoderadamente	es
inmodestamente	es
inmolación	es
inmolador	es
inmolar	es
inmortalizar	es
inmortalmente	es
inmortificado	es
inmotivadamente	es
inmotivado	es
inmovilizar	es
inmueble	es
inmundo	es
inmune	es
inmunidad	es
inmunitario	es
inmunizador	es
inmunizar	es
inmunodeficiencia	es
inmunológico	es
inmunoterapia	es
inmutar	es
inmutativo	es
innatismo	es
innecesariamente	es
innegablemente	es
innoblemente	es
innocuo	es
innombrable	es
innominable	es
innominado	es
innovación	es
innovador	es
innovar	es
innumerabilidad	es
innumerablemente	es
inocencia	es
inocentada	es
inocente	es
inocentemente	es
inocuidad	es
inoculador	es
inocular	es
inocultable	es
inocuo	es
inodoro	es
inolvidable	es
inopia	es
inopinadamente	es
inopinado	es
inoportunamente	es
inordinado	es
inquerir	es
inquietador	es
inquietamente	es
inquietante	es
inquietar	es
inquilino	es
inquinamento	es
inquinar	es
inquirir	es
inquisición	es
inquisidor	es
inquisitivo	es
inquisitorial	es
inquisitorio	es
inri	es
insaciabilidad	es
insaciablemente	es
insacular	es
insalivar	es
insalubremente	es
insatisfacción	es
inscribir	es
inscripción	es
inscrito	es
insculpir	es
insecable	es
insecticida	es
insecto	es
insectívoro	es
inseguramente	es
inseminación	es
inseminar	es
insensatamente	es
insensibilizar	es
insensiblemente	es
inseparabilidad	es
inseparablemente	es
insepulto	es
inserción	es
inserir	es
insertar	es
inserto	es
insidia	es
insidiador	es
insidiar	es
insidiosamente	es
insidioso	es
insigne	es
insignemente	es
insignia	es
insignificancia	es
insimular	es
insinuación	es
insinuador	es
insinuante	es
insinuar	es
insipidez	es
insipiente	es
insistencia	es
insistente	es
insistentemente	es
insistir	es
insolación	es
insolar	es
insoldable	es
insolencia	es
insolentar	es
insolente	es
insolentemente	es
insoluto	es
insolvente	es
insomne	es
insomnio	es
insonorización	es
insonorizar	es
insoslayable	es
insospechado	es
insostenible	es
inspeccionar	es
inspección	es
inspector	es
inspectorial	es
inspectoría	es
inspiración	es
inspiradamente	es
inspirado	es
inspirador	es
inspirar	es
inspirativo	es
inst	es
instalación	es
instalador	es
instalar	es
instancia	es
instante	es
instantánea	es
instantáneamente	es
instantáneo	es
instar	es
instauración	es
instaurador	es
instaurar	es
instigación	es
instigador	es
instigar	es
instilar	es
instimular	es
instintivamente	es
instintivo	es
instinto	es
institucional	es
institucionalización	es
institucionalizar	es
institucionalmente	es
institución	es
instituidor	es
instituir	es
instituto	es
institutriz	es
instrucción	es
instructivamente	es
instructivo	es
instructor	es
instruido	es
instruir	es
instrumentación	es
instrumental	es
instrumentalización	es
instrumentalizar	es
instrumentalmente	es
instrumentar	es
instrumentista	es
instrumento	es
insubordinación	es
insubordinar	es
insubstancialidad	es
insubstancialmente	es
insudar	es
insuflar	es
insufriblemente	es
insular	es
insulina	es
insulsamente	es
insulsez	es
insulso	es
insultador	es
insultante	es
insultar	es
insulto	es
insumable	es
insumir	es
insurgencia	es
insurgente	es
insurgir	es
insurreccionar	es
insurrección	es
insurrecto	es
insustancialidad	es
insustancialmente	es
insípido	es
insólitamente	es
intacto	es
intangibilidad	es
integrable	es
integración	es
integrado	es
integrador	es
integral	es
integralmente	es
integrante	es
integrar	es
integridad	es
integrismo	es
integrista	es
intelección	es
intelectiva	es
intelectivo	es
intelecto	es
intelectual	es
intelectualidad	es
intelectualismo	es
intelectualizar	es
intelectualmente	es
inteligencia	es
inteligente	es
inteligentemente	es
inteligibilidad	es
inteligible	es
inteligiblemente	es
inteligir	es
intemperado	es
intempestivamente	es
intencionadamente	es
intencionado	es
intencional	es
intencionalidad	es
intencionalmente	es
intención	es
intendencia	es
intendente	es
intender	es
intensamente	es
intensar	es
intensidad	es
intensificación	es
intensificadora	es
intensificar	es
intensivamente	es
intensivo	es
intentar	es
intento	es
intentona	es
interaccionar	es
interactividad	es
interactuante	es
interactuar	es
interamericano	es
interbancario	es
intercalación	es
intercalar	es
intercambiador	es
intercambiar	es
intercar	es
interceder	es
interceptar	es
interceptor	es
intercesor	es
interciso	es
intercolumnio	es
intercomunicador	es
interconectado	es
interconexión	es
intercultural	es
interdecir	es
interdicción	es
interdicho	es
interdicto	es
interdisciplinar	es
interdisciplinario	es
interesada	es
interesadamente	es
interesado	es
interesante	es
interesar	es
interfase	es
interfecto	es
interferencia	es
interferir	es
interfoliar	es
interfono	es
intergeneracional	es
interinamente	es
interinar	es
interinidad	es
interino	es
interinstitucional	es
interior	es
interioridad	es
interiorizar	es
interiormente	es
interjección	es
interjectivo	es
interlinear	es
interlocutorio	es
interludio	es
interlunio	es
intermediar	es
intermediario	es
intermedio	es
intermitencia	es
intermitente	es
intermitentemente	es
intermitir	es
internacional	es
internacionalista	es
internacionalizar	es
internacionalmente	es
internamente	es
internamiento	es
internar	es
internauta	es
internet	es
internista	es
interno	es
interoperable	es
interoperatividad	es
interpaginar	es
interpelar	es
interpersonal	es
interpolación	es
interpolador	es
interpolante	es
interpolar	es
interponer	es
interprender	es
interpretador	es
interpretar	es
interpretativamente	es
interpretativo	es
interpuesto	es
interpón	es
interrelacionado	es
interrogación	es
interrogante	es
interrogar	es
interrogativamente	es
interrogatorio	es
interromper	es
interrumpir	es
interrupción	es
interruptor	es
interserir	es
intersticial	es
intersticio	es
intervalo	es
intervencionismo	es
intervencionista	es
intervención	es
intervenir	es
interventor	es
interviniente	es
interviuvar	es
intervén	es
interés	es
intestado	es
intestar	es
intestinal	es
intestino	es
intima	es
intimación	es
intimar	es
intimidación	es
intimidad	es
intimidante	es
intimidar	es
intimidatorio	es
intimismo	es
intimista	es
intitular	es
intocable	es
intonso	es
intoxicación	es
intoxicar	es
intracelular	es
intradós	es
intramuros	es
intramuscular	es
intranet	es
intransitividad	es
intransitivo	es
intransmutabilidad	es
intraocular	es
intrasmisible	es
intratabilidad	es
intrauterino	es
intravenoso	es
intrepidez	es
intributar	es
intricadamente	es
intricar	es
intrigante	es
intrigar	es
intrincación	es
intrincadamente	es
intrincado	es
intrincar	es
introducción	es
introducir	es
introductor	es
introductorio	es
introito	es
intromisión	es
introspección	es
introspectivamente	es
introspectivo	es
introversión	es
introverso	es
introvertido	es
intrusamente	es
intrusar	es
intrusismo	es
intrusión	es
intruso	es
intrépidamente	es
intrépido	es
intríngulis	es
intrínsecamente	es
intrínseco	es
intubar	es
intuible	es
intuición	es
intuir	es
intuitivamente	es
intumescencia	es
intumescente	es
intérprete	es
inundación	es
inundado	es
inundar	es
inusitadamente	es
inusitado	es
inusualmente	es
inutilizable	es
inutilizado	es
inutilizar	es
invadir	es
invaginar	es
invalidación	es
invalidar	es
invaluable	es
invar	es
invariablemente	es
invariante	es
invasivo	es
invasión	es
invasor	es
invectiva	es
invehír	es
invencibilidad	es
invenciblemente	es
invención	es
invenir	es
inventar	es
inventariar	es
inventario	es
inventiva	es
inventivo	es
invento	es
invernadero	es
invernal	es
invernar	es
invernizo	es
inverosímilmente	es
inversamente	es
inversionista	es
inverso	es
inversor	es
invertido	es
invertir	es
investigación	es
investigador	es
investigar	es
investir	es
inveterado	es
inveterar	es
inviar	es
invicto	es
invidencia	es
invidiar	es
invierno	es
invigilar	es
inviolabilidad	es
inviolable	es
inviolablemente	es
invisiblemente	es
invitación	es
invitado	es
invitar	es
invito	es
invocador	es
invocar	es
invocatorio	es
involucionar	es
involucionista	es
involución	es
involucrar	es
involucro	es
involuntariamente	es
inválidamente	es
inyección	es
inyectar	es
inyectivo	es
inyector	es
inyungir	es
inánime	es
inédito	es
inés	es
inútilmente	es
ion	es
ionización	es
ionizante	es
ionizar	es
ionosfera	es
iota	es
ir	es
ira	es
iracundia	es
iracundo	es
irak	es
irakí	es
iranio	es
iraní	es
iraquí	es
irascibilidad	es
irascible	es
iremos	es
irene	es
irga	es
irgamos	es
irgan	es
irgas	es
irgo	es
irgue	es
irguen	es
irgues	es
irguiendo	es
irguiera	es
irguierais	es
irguieran	es
irguieras	es
irguiere	es
irguieren	es
irguieres	es
irguieron	es
irguiese	es
irguieseis	es
irguiesen	es
irguieses	es
irguiéndola	es
irguiéndolas	es
irguiéndolo	es
irguiéndolos	es
irguiéndome	es
irguiéndonos	es
irguiéndoos	es
irguiéndose	es
irguiéndote	es
irguiéramos	es
irguiéreis	es
irguiéremos	es
irguiésemos	es
irguió	es
irgáis	es
irgámonos	es
iridio	es
iridiscente	es
iris	es
irisado	es
irisar	es
irlanda	es
irlandés	es
irle	es
irles	es
irlo	es
irme	es
irnos	es
ironizar	es
ironía	es
iroqués	es
iros	es
irracionable	es
irracionalmente	es
irradiar	es
irreconciliable	es
irredento	es
irreductibilidad	es
irreductiblemente	es
irreflexivamente	es
irreglamentable	es
irregularmente	es
irremediablemente	es
irremisiblemente	es
irremunerado	es
irreparablemente	es
irrepetible	es
irreprensiblemente	es
irreprimible	es
irreprochabilidad	es
irresistiblemente	es
irrespetuosamente	es
irrespetuosidad	es
irreverenciar	es
irreverentemente	es
irrevocablemente	es
irrigación	es
irrigador	es
irrigar	es
irrisión	es
irrisoriamente	es
irrisorio	es
irritabilidad	es
irritación	es
irritador	es
irritamiento	es
irritante	es
irritar	es
irrogar	es
irruir	es
irrumpir	es
irrupción	es
irse	es
irte	es
irá	es
irán	es
irás	es
iré	es
iréis	es
iría	es
iríais	es
iríamos	es
irían	es
irías	es
irídeo	es
irónicamente	es
irónico	es
irún	es
is	es
isa	es
isaac	es
isabel	es
isabelino	es
isabelo	es
isba	es
isidoriano	es
isidril	es
isidro	es
isla	es
islam	es
islamismo	es
islamita	es
islamizar	es
islandia	es
islandés	es
islario	es
islas	es
isleño	es
islote	es
islámico	es
islándico	es
ismael	es
isobara	es
isobaro	es
isobárico	es
isocronismo	es
isomorfismo	es
isomorfo	es
isora	es
isoterma	es
isotermo	es
isotropía	es
isotérmico	es
isotónico	es
isquemia	es
isquion	es
isquiático	es
israel	es
israelita	es
israelí	es
issn	es
istmo	es
isóbara	es
isócrono	es
isómero	es
isópodo	es
isósceles	es
isótopo	es
isótropo	es
italia	es
italianismo	es
italianizar	es
italiano	es
italianófilo	es
italicense	es
italorrománico	es
iterar	es
iterativa	es
iterativo	es
iterbio	es
itinerante	es
itinerario	es
itria	es
itrio	es
itálica	es
itálico	es
iusnaturalismo	es
ivernar	es
ivierno	es
iván	es
iza	es
izar	es
izgonzar	es
izote	es
izq	es
izqdo	es
izquierda	es
izquierdear	es
izquierdista	es
izquierdo	es
ión	es
iónico	es
ja	es
jabalconar	es
jabalina	es
jabalinero	es
jabalonar	es
jabaluna	es
jabalí	es
jabalín	es
jabardear	es
jabardo	es
jabato	es
jabelgar	es
jabeque	es
jabillo	es
jabino	es
jabonado	es
jabonador	es
jabonadura	es
jabonar	es
jaboncillo	es
jabonera	es
jabonero	es
jabonoso	es
jabrir	es
jabí	es
jabón	es
jaca	es
jacarandaes	es
jacarandina	es
jacarandino	es
jacarandá	es
jacarear	es
jacer	es
jacinto	es
jaco	es
jacobeo	es
jacobinismo	es
jacobino	es
jacobita	es
jactancia	es
jactanciosamente	es
jactancioso	es
jactar	es
jaculatoria	es
jaculatorio	es
jacuzzi	es
jade	es
jadeante	es
jadear	es
jadeo	es
jadiar	es
jadraque	es
jaecero	es
jaenes	es
jaenés	es
jaezar	es
jaguar	es
jaguarzo	es
jaharrar	es
jaiba	es
jaime	es
jaique	es
jalapa	es
jalapeño	es
jalar	es
jalbegar	es
jalda	es
jaldado	es
jalde	es
jaldeta	es
jaldo	es
jaldre	es
jalea	es
jaleador	es
jalear	es
jaleco	es
jaleo	es
jaletina	es
jalifa	es
jalifato	es
jalifiano	es
jalisciense	es
jalma	es
jalmero	es
jalonar	es
jaloque	es
jalón	es
jamaica	es
jamaicano	es
jamaiquino	es
jamar	es
jamba	es
jambaje	es
jambrar	es
jamelgo	es
jamerdana	es
jamerdar	es
jamete	es
jamona	es
jamuga	es
jamurar	es
jamuscar	es
jamás	es
jamón	es
jan	es
jane	es
jangada	es
jangua	es
jansenismo	es
jansenista	es
japonense	es
japones	es
japonés	es
japuta	es
japón	es
japónica	es
jaque	es
jaquear	es
jaqueca	es
jaquecoso	es
jaquel	es
jaquelado	es
jaquero	es
jaqueta	es
jaquimazo	es
jaquimero	es
jaquir	es
jara	es
jarabe	es
jarabear	es
jaracalla	es
jaral	es
jarama	es
jaramago	es
jaramugo	es
jarana	es
jarandina	es
jaranear	es
jaranero	es
jarano	es
jaraíz	es
jarbar	es
jarcia	es
jarciar	es
jardinera	es
jardinero	es
jardín	es
jareta	es
jaretera	es
jaricar	es
jarife	es
jarifiano	es
jarifo	es
jaro	es
jarocho	es
jaropar	es
jaropear	es
jaroso	es
jarra	es
jarrar	es
jarrear	es
jarrer	es
jarrero	es
jarretar	es
jarrete	es
jarretera	es
jarrita	es
jarro	es
jarropa	es
jarrón	es
jasadura	es
jasar	es
jaspe	es
jaspeado	es
jaspear	es
jata	es
jateo	es
jatib	es
jativés	es
jato	es
jau	es
jaudo	es
jauja	es
jaula	es
jaulero	es
jaume	es
jauría	es
jauto	es
javanés	es
javera	es
javier	es
javo	es
jazarino	es
jazminero	es
jazmín	es
jazz	es
jaén	es
je	es
jea	es
jebe	es
jebuseo	es
jedar	es
jedive	es
jedrea	es
jefa	es
jefatura	es
jefe	es
jeito	es
jeliz	es
jemal	es
jeme	es
jemer	es
jenabe	es
jenable	es
jengibre	es
jenízaro	es
jeque	es
jera	es
jerapellina	es
jerarca	es
jerarquizar	es
jerarquía	es
jerbo	es
jeremiada	es
jeremiquear	es
jeremías	es
jerez	es
jerezano	es
jerga	es
jergón	es
jeribeque	es
jerife	es
jerifiano	es
jerigonza	es
jerigonzar	es
jeringa	es
jeringar	es
jeringazo	es
jeringuilla	es
jeroglífico	es
jeronimiano	es
jerosolimitano	es
jerpa	es
jerricote	es
jersey	es
jerséis	es
jeruga	es
jervilla	es
jerárquico	es
jerónimo	es
jesnato	es
jesucristo	es
jesuita	es
jesusear	es
jesuíticamente	es
jesús	es
jeta	es
jetar	es
jetazo	es
jetudo	es
jhs	es
ji	es
jibia	es
jicarazo	es
jienense	es
jiennense	es
jifa	es
jiferada	es
jifero	es
jifia	es
jiga	es
jigote	es
jiguilete	es
jijallar	es
jijallo	es
jijas	es
jijear	es
jijona	es
jileco	es
jilguera	es
jilguero	es
jilmaestre	es
jimelga	es
jimia	es
jimio	es
jimplar	es
jimén	es
jiménez	es
jindama	es
jinebro	es
jinestada	es
jineta	es
jinetada	es
jinete	es
jinetear	es
jinglar	es
jinjolero	es
jipiar	es
jipijapa	es
jipismo	es
jiquilete	es
jira	es
jirafa	es
jirapliega	es
jirasal	es
jirofina	es
jironado	es
jirpear	es
jirón	es
jisca	es
jitar	es
jo	es
joan	es
joaquín	es
jobo	es
jocosamente	es
jocoserio	es
jocosidad	es
jocoso	es
jocundidad	es
jocundo	es
joder	es
jofaina	es
jofor	es
joglar	es
joguer	es
jolgorio	es
jolines	es
jolito	es
joloano	es
jolín	es
jonathan	es
jonio	es
jonjabar	es
jopar	es
jopear	es
jorco	es
jordania	es
jordano	es
jordi	es
jordán	es
jorfe	es
jorge	es
jornada	es
jornal	es
jornalar	es
jornalear	es
jornalero	es
joroba	es
jorobado	es
jorobadura	es
jorobar	es
jorobeta	es
joropo	es
jorrar	es
jorro	es
josa	es
josefa	es
josefino	es
josep	es
jostra	es
jostrado	es
josé	es
jota	es
joule	es
joven	es
jovenado	es
jovencito	es
jovenete	es
jovenzuelo	es
jovial	es
jovialidad	es
jovialmente	es
joya	es
joyante	es
joyel	es
joyelero	es
joyero	es
joyo	es
joyosa	es
ju	es
juan	es
juanete	es
juanetero	es
juanetudo	es
juarda	es
juardoso	es
juba	es
jubada	es
jubete	es
jubetero	es
jubilación	es
jubilado	es
jubilar	es
jubileo	es
jubilosamente	es
jubiloso	es
jubo	es
jubonero	es
jubón	es
judaica	es
judaico	es
judaización	es
judaizante	es
judaizar	es
judas	es
judaísmo	es
judeocristiano	es
judería	es
judgar	es
judiada	es
judiar	es
judicante	es
judicar	es
judicativo	es
judicatura	es
judicial	es
judicializar	es
judicialmente	es
judiciario	es
judiego	es
judía	es
judío	es
juega	es
juegan	es
juegas	es
juego	es
juegue	es
jueguen	es
juegues	es
juera	es
juerga	es
juerguear	es
juerguista	es
jueves	es
juez	es
jueza	es
jugaba	es
jugabais	es
jugaban	es
jugabas	es
jugad	es
jugada	es
jugadas	es
jugadera	es
jugado	es
jugador	es
jugados	es
jugamos	es
jugando	es
jugar	es
jugara	es
jugarais	es
jugaran	es
jugaras	es
jugare	es
jugareis	es
jugaremos	es
jugaren	es
jugares	es
jugarla	es
jugarlas	es
jugarle	es
jugarles	es
jugarlo	es
jugarlos	es
jugarme	es
jugarnos	es
jugaron	es
jugaros	es
jugarreta	es
jugarse	es
jugarte	es
jugará	es
jugarán	es
jugarás	es
jugaré	es
jugaréis	es
jugaría	es
jugaríais	es
jugaríamos	es
jugarían	es
jugarías	es
jugase	es
jugaseis	es
jugasen	es
jugases	es
jugaste	es
jugasteis	es
juglar	es
juglara	es
juglaresa	es
juglaresco	es
jugo	es
jugosidad	es
jugoso	es
juguemos	es
juguete	es
juguetear	es
jugueteo	es
juguetero	es
juguetón	es
jugué	es
juguéis	es
jugábamos	es
jugáis	es
jugáramos	es
jugáremos	es
jugármela	es
jugármelas	es
jugármelo	es
jugármelos	es
jugárnosla	es
jugárnoslas	es
jugárnoslo	es
jugárnoslos	es
jugárosla	es
jugároslas	es
jugároslo	es
jugároslos	es
jugársela	es
jugárselas	es
jugárselo	es
jugárselos	es
jugártela	es
jugártelas	es
jugártelo	es
jugártelos	es
jugásemos	es
jugó	es
juicio	es
juiciosamente	es
juicioso	es
jujear	es
jujeño	es
julepe	es
julepear	es
juliano	es
julio	es
julián	es
julo	es
jumar	es
jumenta	es
jumento	es
jumera	es
jumilla	es
juncada	es
juncal	es
juncar	es
juncia	es
juncial	es
junciana	es
juncino	es
juncir	es
junco	es
juncácea	es
juncáceo	es
jungla	es
junglada	es
junio	es
junior	es
juniors	es
junquera	es
junqueral	es
junta	es
juntamente	es
juntar	es
juntera	es
juntero	es
junto	es
juntorio	es
juntura	es
jupiterino	es
jura	es
juradera	es
jurado	es
jurador	es
juramentar	es
juramento	es
jurar	es
juratoria	es
juratorio	es
jurdano	es
jurel	es
jurero	es
jurguina	es
juridicidad	es
jurisconsulto	es
jurisdiccional	es
jurisdicción	es
jurispericia	es
jurisperito	es
jurisprudencia	es
jurisprudente	es
jurista	es
juro	es
jurásico	es
jurídicamente	es
jurídico	es
jusbarba	es
jusello	es
jusi	es
justa	es
justamente	es
justar	es
justedad	es
justeza	es
justicia	es
justiciable	es
justiciar	es
justiciazgo	es
justicieramente	es
justiciero	es
justificable	es
justificación	es
justificada	es
justificadamente	es
justificado	es
justificador	es
justificante	es
justificar	es
justificativo	es
justillo	es
justinianeo	es
justipreciar	es
justo	es
juta	es
juvenal	es
juvenecer	es
juvenil	es
juvenilmente	es
juventud	es
juvia	es
juzgada	es
juzgado	es
juzgador	es
juzgamundos	es
juzgar	es
juégala	es
juégalas	es
juégale	es
juégales	es
juégalo	es
juégalos	es
juñir	es
jábega	es
jácara	es
jáquer	es
jáquima	es
játiva	es
jávea	es
jíbaro	es
jícara	es
jíes	es
jínjol	es
jónico	es
júbilo	es
júnior	es
júpiter	es
ka	es
kaki	es
kan	es
kantiano	es
kantismo	es
kappa	es
karaoke	es
karma	es
kas	es
kazajistán	es
kazajo	es
kazako	es
kelvin	es
kenia	es
keniano	es
keniata	es
kermes	es
ketchup	es
kg	es
kiliárea	es
kilo	es
kilociclo	es
kilogramo	es
kilográmetro	es
kilolitro	es
kilométrico	es
kilopondio	es
kilovatio	es
kilómetro	es
kiosco	es
kirguiso	es
kirguistán	es
kirguís	es
kiribati	es
kiribatiano	es
kirie	es
kit	es
kitts	es
km	es
kong	es
krausismo	es
krausista	es
kurdo	es
kuwait	es
kuwaití	es
káiser	es
kárstico	es
la	es
laberinto	es
laberíntico	es
labia	es
labiada	es
labiado	es
labial	es
labializar	es
labihendido	es
labilidad	es
labio	es
labiodental	es
labiérnago	es
labor	es
laborable	es
laboral	es
laborante	es
laborar	es
laboratorio	es
laborear	es
laboreo	es
laborera	es
laboriosamente	es
laboriosidad	es
laborioso	es
laborismo	es
laborista	es
labra	es
labrada	es
labradero	es
labrado	es
labrador	es
labradoresco	es
labradorita	es
labrandera	es
labrante	es
labrantío	es
labranza	es
labrar	es
labrero	es
labriego	es
labrusca	es
laca	es
lacado	es
lacayo	es
lacayuno	es
lacear	es
lacedemonio	es
lacena	es
laceradamente	es
lacerado	es
lacerante	es
lacerar	es
laceria	es
lacerioso	es
lacetano	es
lacha	es
lacinia	es
laciniado	es
lacio	es
laconio	es
laconismo	es
lacrar	es
lacre	es
lacrimal	es
lacrimar	es
lacrimatorio	es
lacrimosamente	es
lacrimoso	es
lacrimógeno	es
lactancia	es
lactante	es
lactar	es
lactario	es
lactato	es
lacteado	es
lactescencia	es
lactescente	es
lacticinio	es
lacticinoso	es
lactosa	es
lactucario	es
lactumen	es
lacunario	es
lacustre	es
lacón	es
lacónicamente	es
lacónico	es
lada	es
ladeado	es
ladear	es
ladera	es
ladero	es
ladierno	es
ladilla	es
ladinamente	es
ladino	es
lado	es
lados	es
ladra	es
ladrador	es
ladrar	es
ladrido	es
ladrillador	es
ladrillar	es
ladrillejo	es
ladrillero	es
ladrillo	es
ladrilloso	es
ladronamente	es
ladronear	es
ladronera	es
ladronesca	es
ladronesco	es
ladronicio	es
ladronzuelo	es
ladrón	es
lady	es
ladys	es
lagar	es
lagarear	es
lagarejo	es
lagarero	es
lagareta	es
lagarta	es
lagartado	es
lagartera	es
lagarterano	es
lagartero	es
lagartezna	es
lagartija	es
lagartijero	es
lagarto	es
lago	es
lagopo	es
lagosta	es
lagotear	es
lagotero	es
lagrimable	es
lagrimal	es
lagrimar	es
lagrimear	es
lagrimoso	es
laguna	es
lagunajo	es
lagunar	es
lagunazo	es
lagunero	es
lagunoso	es
laicismo	es
laicista	es
laicizar	es
laico	es
laido	es
lairén	es
lais	es
laja	es
lalín	es
lama	es
lambda	es
lambel	es
lambeo	es
lamber	es
lambicar	es
lambiscar	es
lambisquear	es
lambrija	es
lambrucear	es
lambrucio	es
lambucear	es
lameculos	es
lamedal	es
lamedor	es
lamedura	es
lamelibranquio	es
lamentablemente	es
lamentación	es
lamentador	es
lamentar	es
lamento	es
lamentoso	es
lameplatos	es
lamer	es
lamia	es
laminación	es
laminado	es
laminador	es
laminar	es
laminero	es
laminoso	es
lamiscar	es
lamoso	es
lampacear	es
lampante	es
lampar	es
lamparero	es
lamparilla	es
lamparista	es
lampazo	es
lampista	es
lampiño	es
lamprea	es
lamprear	es
lampreazo	es
lamprehuela	es
lampreílla	es
lampuga	es
lampuguera	es
lamín	es
lana	es
lanada	es
lanado	es
lanar	es
lanaria	es
lance	es
lancear	es
lanceolado	es
lancera	es
lancero	es
lanceta	es
lancetada	es
lancetazo	es
lancetero	es
lancha	es
lanchada	es
lanchar	es
lanchero	es
lancho	es
lanchón	es
lancilla	es
lancinante	es
lancinar	es
lancurdia	es
lande	es
landgrave	es
landgraviato	es
landre	es
landrecilla	es
landrero	es
landrilla	es
lanero	es
langa	es
langaruto	es
langosta	es
langostero	es
langostino	es
langreo	es
languedociano	es
languidecer	es
languidez	es
languor	es
lanilla	es
lanka	es
lanosidad	es
lanoso	es
lansquenete	es
lantaca	es
lantano	es
lanteja	es
lantejuela	es
lanterna	es
lanterno	es
lantánido	es
lanudo	es
lanuginoso	es
lanza	es
lanzacabos	es
lanzacohetes	es
lanzada	es
lanzadera	es
lanzado	es
lanzador	es
lanzafuego	es
lanzallamas	es
lanzamiento	es
lanzar	es
lanzatorpedos	es
lanzazo	es
lanzuela	es
laodicense	es
laos	es
laosiano	es
lapa	es
lapachar	es
lapacho	es
lapicero	es
lapidar	es
lapidario	es
lapidificar	es
lapidoso	es
lapislázuli	es
lapita	es
lapizar	es
lapo	es
lapso	es
lapsus	es
lapídeo	es
lapón	es
laquear	es
lar	es
larario	es
larda	es
lardar	es
lardear	es
lardero	es
lardo	es
lardoso	es
larga	es
largamente	es
largar	es
largo	es
largometraje	es
largomira	es
largor	es
largueado	es
larguero	es
largueza	es
larguirucho	es
largura	es
larguísimo	es
laricino	es
larije	es
laringe	es
laringitis	es
laringoscopia	es
laringoscopio	es
larra	es
larva	es
larvado	es
larval	es
larvario	es
laríngeo	es
las	es
lasarse	es
lasaña	es
lasca	es
lascar	es
lascivamente	es
lascivia	es
lascivo	es
laserpicio	es
lasitud	es
laso	es
lastar	es
lastimador	es
lastimadura	es
lastimar	es
lastimeramente	es
lastimero	es
lastimosamente	es
lastimoso	es
lastrar	es
lastre	es
lastrear	es
lata	es
latamente	es
latania	es
latastro	es
lataz	es
latebra	es
latebroso	es
latencia	es
latente	es
lateral	es
lateralizar	es
lateralmente	es
lateranense	es
latero	es
latido	es
latifundio	es
latifundismo	es
latifundista	es
latigadera	es
latigazo	es
latiguear	es
latiguero	es
latiguillo	es
latinajo	es
latinar	es
latinear	es
latinidad	es
latiniparla	es
latinismo	es
latinista	es
latinizador	es
latinizar	es
latino	es
latinoamericano	es
latinoamérica	es
latir	es
latirismo	es
latitar	es
latitud	es
latitudinal	es
latitudinario	es
latitudinarismo	es
lato	es
latonero	es
latoso	es
latrocinar	es
latrocinio	es
latría	es
latvio	es
latín	es
latón	es
laudablemente	es
laudar	es
laudatoria	es
laudatorio	es
laudemio	es
laudo	es
launa	es
laura	es
laurear	es
lauredal	es
laurel	es
laurente	es
laureola	es
lauretano	es
laurino	es
lauro	es
lauroceraso	es
laurácea	es
lauráceo	es
lava	es
lavabo	es
lavacaras	es
lavada	es
lavadero	es
lavadientes	es
lavado	es
lavador	es
lavadura	es
lavafrutas	es
lavajo	es
lavamanos	es
lavamiento	es
lavanco	es
lavanda	es
lavandera	es
lavandero	es
lavaojos	es
lavaplatos	es
lavar	es
lavativa	es
lavativo	es
lavatorio	es
lavavajillas	es
lavazas	es
lave	es
lavija	es
lavotear	es
lavándula	es
laxación	es
laxamiento	es
laxante	es
laxar	es
laxativo	es
laxidad	es
laxismo	es
laxista	es
laxitud	es
laxo	es
lay	es
layar	es
layetano	es
lazada	es
lazar	es
lazareto	es
lazarillo	es
lazarino	es
lazarista	es
lazaroso	es
lazdrar	es
lazo	es
lazrar	es
lazulita	es
laísmo	es
lañar	es
laúd	es
ldo	es
le	es
leal	es
lealmente	es
lealtad	es
leasing	es
lebaniego	es
lebeche	es
leberquisa	es
lebrada	es
lebrato	es
lebrel	es
lebrero	es
lebrija	es
lebrijano	es
lebrillo	es
lebroncillo	es
lebruno	es
lebrón	es
leccionario	es
leccionista	es
lección	es
lechal	es
lechar	es
lechaza	es
leche	es
lechecillas	es
lechera	es
lechero	es
lechetrezna	es
lechiga	es
lechigada	es
lechigado	es
lechino	es
lecho	es
lechona	es
lechoso	es
lechuga	es
lechugado	es
lechuguero	es
lechuguina	es
lechuguino	es
lechuzo	es
lechón	es
lectisternio	es
lectiva	es
lectivo	es
lector	es
lectorado	es
lectoría	es
lectura	es
led	es
ledo	es
leer	es
lefa	es
lega	es
legado	es
legador	es
legadura	es
legajo	es
legal	es
legalidad	es
legalista	es
legalización	es
legalizar	es
legalmente	es
leganés	es
legar	es
legatario	es
legaña	es
legenda	es
legendario	es
legibilidad	es
legible	es
legionario	es
legionense	es
legislable	es
legislación	es
legislador	es
legislar	es
legislativo	es
legislatura	es
legisperito	es
legista	es
legitimación	es
legitimado	es
legitimador	es
legitimar	es
legitimario	es
legitimidad	es
legitimista	es
legión	es
lego	es
legradura	es
legrar	es
legua	es
leguario	es
leguleyo	es
legumbre	es
leguminosa	es
leguminoso	es
legítima	es
legítimamente	es
legítimo	es
leila	es
leima	es
leja	es
lejano	es
lejanía	es
lejas	es
lejitos	es
lejona	es
lejos	es
lejía	es
lelo	es
lema	es
lemanita	es
lemario	es
lembario	es
lembo	es
lembrar	es
leme	es
lemnio	es
lemniscata	es
lemnisco	es
lemosín	es
lempira	es
lemurias	es
len	es
lena	es
lenca	es
lencero	es
lencería	es
lendakari	es
lendrera	es
lendrero	es
lendroso	es
lene	es
leneas	es
lengua	es
lenguadeta	es
lenguado	es
lenguaje	es
lenguarada	es
lenguaraz	es
lenguaz	es
lenguaza	es
lengudo	es
lengüear	es
lengüeta	es
lenidad	es
lenificar	es
lenitivo	es
lenizar	es
lenocinio	es
lentamente	es
lente	es
lentecer	es
lenteja	es
lentejar	es
lentejuela	es
lenticular	es
lentificar	es
lentigo	es
lentilla	es
lentiscal	es
lentisco	es
lentitud	es
lento	es
lentísimo	es
lenzuelo	es
leo	es
leona	es
leonado	es
leonera	es
leonero	es
leonina	es
leonino	es
leontina	es
leonés	es
leopardo	es
leopoldina	es
leotardo	es
lepe	es
lepidio	es
lepidóptero	es
lepisma	es
leporino	es
lepra	es
leproso	es
leptorrino	es
leptón	es
lera	es
lercha	es
lerda	es
lerdo	es
lerense	es
leridano	es
lerneo	es
les	es
lesa	es
lesbiana	es
lesbianismo	es
lesbiano	es
lesbio	es
lesionador	es
lesionar	es
lesivo	es
lesión	es
lesna	es
lesnordeste	es
leso	es
lesotense	es
lesoto	es
leste	es
letal	es
letame	es
letanía	es
letargo	es
letargoso	es
leteo	es
letificante	es
letificar	es
letonia	es
letra	es
letrada	es
letrado	es
letrear	es
letrero	es
letrina	es
letrista	es
letuario	es
letárgico	es
letón	es
leucemia	es
leucocitaria	es
leucocito	es
leucoma	es
leucopenia	es
leucoplaquia	es
leucorrea	es
leudar	es
leva	es
levadero	es
levadizo	es
levador	es
levadura	es
levantada	es
levantado	es
levantador	es
levantamiento	es
levantar	es
levante	es
levantino	es
levantisco	es
levar	es
leve	es
levedad	es
levemente	es
levente	es
leviatán	es
levigar	es
levirato	es
levita	es
levitación	es
levitar	es
levosa	es
levítico	es
levógiro	es
lexema	es
lexiarca	es
lexicalizar	es
lexicografía	es
lexicográfico	es
lexicógrafo	es
ley	es
leyenda	es
leyendario	es
lezda	es
lezdero	es
lezna	es
lezne	es
leída	es
leído	es
leísmo	es
leña	es
leñador	es
leñar	es
leño	es
leñoso	es
león	es
leónica	es
liais	es
liana	es
liar	es
liaza	es
libación	es
libamen	es
libamiento	es
libanés	es
libar	es
libatorio	es
libela	es
libelar	es
libelista	es
libelo	es
liberación	es
liberador	es
liberal	es
liberalidad	es
liberalismo	es
liberalizar	es
liberalmente	es
liberar	es
liberatorio	es
liberia	es
liberiano	es
libertad	es
libertador	es
libertar	es
libertario	es
liberticida	es
libertinaje	es
libertino	es
liberto	es
libia	es
libidinosamente	es
libidinoso	es
libido	es
libio	es
libra	es
libracho	es
libraco	es
librado	es
librador	es
libramiento	es
librancista	es
libranza	es
librar	es
libratorio	es
libre	es
librea	es
librear	es
librecambio	es
librecambismo	es
librecambista	es
librejo	es
libremente	es
librepensador	es
librepensamiento	es
librero	es
libresco	es
libreta	es
librete	es
libretista	es
libreto	es
libro	es
libélula	es
lic	es
licantrópicamente	es
licaón	es
licencia	es
licenciadillo	es
licenciado	es
licenciador	es
licenciamiento	es
licenciar	es
licenciatura	es
licenciosamente	es
licencioso	es
liceo	es
lichera	es
licio	es
licitación	es
licitador	es
licitar	es
licitud	es
licnobio	es
licopodio	es
licor	es
licorera	es
licorista	es
licoroso	es
lictor	es
licuación	es
licuadora	es
licuar	es
licuecer	es
licuefacción	es
licuefacer	es
licuefactible	es
licuefactivo	es
licurgo	es
licántropamente	es
lid	es
liderar	es
liderato	es
liderazgo	es
lidia	es
lidiadero	es
lidiador	es
lidiar	es
lie	es
liebratico	es
liebre	es
liebrecilla	es
liechtenstein	es
liechtensteiniano	es
liego	es
lieis	es
liendre	es
lientera	es
liento	es
lienza	es
lienzo	es
lievar	es
lifara	es
liga	es
ligada	es
ligado	es
ligadura	es
ligamaza	es
ligamen	es
ligamento	es
ligamentoso	es
ligamiento	es
ligar	es
ligarza	es
ligaterna	es
ligazón	es
ligeramente	es
ligereza	es
ligero	es
ligeruela	es
light	es
ligio	es
lignario	es
lignificar	es
lignito	es
liguano	es
ligur	es
ligurino	es
ligustre	es
ligustrino	es
ligustro	es
ligítimamente	es
lija	es
lijadora	es
lijadura	es
lijar	es
lila	es
lilac	es
lilaila	es
lilao	es
liliputiense	es
liliácea	es
liliáceo	es
lima	es
limaco	es
limado	es
limador	es
limadura	es
limalla	es
limar	es
limaza	es
limbo	es
limen	es
limera	es
limero	es
limeta	es
limiste	es
limitación	es
limitada	es
limitadamente	es
limitado	es
limitador	es
limitante	es
limitar	es
limitativo	es
limo	es
limonada	es
limonado	es
limonar	es
limoncito	es
limonero	es
limonita	es
limosidad	es
limosna	es
limosnear	es
limosnero	es
limoso	es
limpia	es
limpiabarros	es
limpiabotas	es
limpiachimeneas	es
limpiadera	es
limpiadientes	es
limpiador	es
limpiadura	es
limpiamente	es
limpiaparabrisas	es
limpiaplumas	es
limpiar	es
limpidez	es
limpieza	es
limpio	es
limusina	es
limícola	es
limítrofe	es
limón	es
linajista	es
linajudo	es
linamen	es
linar	es
linares	es
linaria	es
linaza	es
lince	es
lincear	es
linchamiento	es
linchar	es
lincurio	es
linda	es
lindamente	es
lindante	es
lindar	es
linde	es
lindel	es
lindera	es
lindero	es
lindeza	es
lindo	es
lindura	es
lineal	es
linealidad	es
linealización	es
linealmente	es
lineamento	es
lineamiento	es
linear	es
linero	es
linfa	es
linfatismo	es
linfocito	es
linfoide	es
linfoma	es
linfático	es
lingote	es
lingual	es
lingue	es
linguete	es
lingüista	es
lingüística	es
lingüísticamente	es
lingüístico	es
linier	es
linimento	es
linimiento	es
linio	es
lino	es
linotipia	es
linotipista	es
lintel	es
linterna	es
linternazo	es
linternero	es
linuezo	es
linácea	es
lináceo	es
linóleo	es
lio	es
liofilizar	es
lionés	es
liorna	es
liosa	es
lioso	es
lipemaniaco	es
lipemanía	es
lipes	es
lipis	es
lipoideo	es
lipoma	es
lipotimia	es
lipídico	es
liquen	es
liquidación	es
liquidador	es
liquidar	es
liquidez	es
liquidámbar	es
lira	es
lirado	es
liria	es
lirio	es
lirismo	es
lironero	es
lirón	es
lis	es
lisamente	es
lisboeta	es
lisbonense	es
lisera	es
lisiadura	es
lisiar	es
lisimaquia	es
lisina	es
lisis	es
liso	es
lisonja	es
lisonjar	es
lisonjeador	es
lisonjear	es
lisonjeramente	es
lisonjero	es
lista	es
listada	es
listado	es
listamente	es
listar	es
listeado	es
listel	es
listero	es
listeza	es
listo	es
listonar	es
listonero	es
listón	es
lisura	es
litar	es
litarge	es
litargirio	es
litera	es
literal	es
literalidad	es
literalmente	es
literaria	es
literariamente	es
literario	es
literata	es
literato	es
literatura	es
literero	es
litiasis	es
litigante	es
litigar	es
litigio	es
litigioso	es
litina	es
litio	es
litis	es
litisconsorte	es
litisexpensas	es
litispendencia	es
litoclasa	es
litocola	es
litofotografiar	es
litogenesia	es
litografiar	es
litográfico	es
litoral	es
litosfera	es
litotricia	es
litrarieo	es
litre	es
litro	es
litrácea	es
litráceo	es
lituania	es
lituano	es
lituo	es
liturgia	es
litógrafo	es
litúrgico	es
liudar	es
liviana	es
livianamente	es
liviandad	es
liviano	es
lividecer	es
lividez	es
livonio	es
livor	es
lixiviar	es
liza	es
lizo	es
liña	es
llaca	es
llaga	es
llagar	es
llama	es
llamada	es
llamadera	es
llamado	es
llamador	es
llamamiento	es
llamar	es
llamarada	es
llamativo	es
llambria	es
llameante	es
llamear	es
llana	es
llanada	es
llanamente	es
llande	es
llaneador	es
llanear	es
llanero	es
llaneza	es
llanisco	es
llano	es
llanos	es
llanta	es
llantear	es
llantera	es
llantina	es
llanto	es
llantén	es
llanura	es
llar	es
llareta	es
llave	es
llavero	es
lle	es
lleco	es
llega	es
llegada	es
llegado	es
llegar	es
lleida	es
llena	es
llenado	es
llenamente	es
llenar	es
llenera	es
llenero	es
lleno	es
llenura	es
llera	es
lleudar	es
lleva	es
llevada	es
llevadero	es
llevador	es
llevanza	es
llevar	es
llobregat	es
lloradera	es
lloraduelos	es
llorar	es
lloredo	es
llorera	es
lloret	es
llorica	es
lloriquear	es
lloro	es
llorosamente	es
lloroso	es
llorón	es
llosa	es
llotrar	es
llovedizo	es
llover	es
llovido	es
llovioso	es
llovizna	es
lloviznaba	es
lloviznaban	es
lloviznada	es
lloviznadas	es
lloviznado	es
lloviznados	es
lloviznan	es
lloviznando	es
lloviznar	es
lloviznara	es
lloviznaran	es
lloviznare	es
lloviznaren	es
lloviznaron	es
lloviznarse	es
lloviznará	es
lloviznarán	es
lloviznaría	es
lloviznarían	es
lloviznase	es
lloviznasen	es
llovizne	es
lloviznen	es
lloviznó	es
llubina	es
lluchmayor	es
llueca	es
lluvia	es
lluvioso	es
lo	es
loa	es
loable	es
loablemente	es
loador	es
loanda	es
loar	es
loba	es
lobada	es
lobado	es
lobagante	es
lobanillo	es
lobarro	es
lobato	es
lobera	es
lobero	es
lobezno	es
lobina	es
lobo	es
loboso	es
lobreguecer	es
lobreguez	es
lobregura	es
lobulado	es
lobuno	es
loc	es
loca	es
locación	es
local	es
localidad	es
localismo	es
localización	es
localizador	es
localizar	es
localmente	es
locamente	es
locatario	es
locativo	es
locha	es
loche	es
loción	es
loco	es
locomoción	es
locomotor	es
locomotriz	es
locomovible	es
locomóvil	es
locro	es
locuacidad	es
locuaz	es
locuazmente	es
locución	es
locuela	es
locuelo	es
locura	es
locutor	es
locutorio	es
lodachar	es
lodazal	es
lodazar	es
lodo	es
lodoso	es
lofobranquio	es
logadero	es
logar	es
logaritmo	es
logarítmico	es
logia	es
logis	es
logo	es
logogrifo	es
logomaquia	es
logopeda	es
logopedia	es
logotipo	es
logrado	es
lograr	es
logrear	es
logrero	es
logro	es
logroño	es
logística	es
logísticamente	es
logístico	es
loica	es
loina	es
loja	es
lojano	es
loma	es
lomada	es
lomba	es
lombarda	es
lombardada	es
lombardear	es
lombardero	es
lombardo	es
lombo	es
lombriguera	es
lombriz	es
lomear	es
lomera	es
lometa	es
lomienhiesto	es
lominhiesto	es
lomo	es
lomudo	es
lona	es
loncha	es
londinense	es
londrina	es
longa	es
longanimidad	es
longaniza	es
longar	es
longevidad	es
longevo	es
longincuo	es
longitud	es
longitudinal	es
longitudinalmente	es
longo	es
longobardo	es
longuera	es
longuetas	es
lonja	es
lonjear	es
lonjeta	es
lonjista	es
lontananza	es
loor	es
lopigia	es
lopista	es
loquear	es
loquera	es
loquero	es
loquesco	es
loquios	es
lora	es
lorca	es
lorcha	es
lord	es
lordosis	es
lorena	es
lorenzana	es
lorenzo	es
lores	es
loriga	es
lorigado	es
loriguero	es
loriguillo	es
loro	es
lorquino	es
lorza	es
los	es
losa	es
losange	es
losar	es
losas	es
loseta	es
losino	es
lota	es
lote	es
lotear	es
lotero	es
lotería	es
lotiforme	es
loto	es
lourdes	es
lovaniense	es
loxodromia	es
loza	es
lozanamente	es
lozanear	es
lozanecer	es
lozano	es
lozanía	es
loísmo	es
lsd	es
ltdo	es
lubigante	es
lubina	es
lubricador	es
lubricante	es
lubricar	es
lubricativo	es
lubricidad	es
lubrificante	es
lubrificar	es
lucano	es
lucena	es
lucense	es
lucentor	es
lucera	es
lucerna	es
lucero	es
lucha	es
luchadero	es
luchador	es
luchar	es
lucharniego	es
lucianesco	es
lucida	es
lucidamente	es
lucidez	es
lucido	es
lucidor	es
lucidura	es
luciente	es
lucifer	es
luciferino	es
lucilina	es
lucillo	es
lucimiento	es
lucio	es
lucir	es
luciérnaga	es
lución	es
lucrar	es
lucrativo	es
lucro	es
lucroniense	es
lucroso	es
luctuosa	es
luctuoso	es
lucubrar	es
lucía	es
ludada	es
ludiar	es
ludibrio	es
ludificación	es
ludimiento	es
ludir	es
ludria	es
luego	es
luello	es
luenga	es
luengo	es
lugano	es
lugar	es
lugareño	es
lugartenencia	es
lugarteniente	es
lugdunense	es
lugo	es
lugre	es
luir	es
luis	es
luisa	es
luismo	es
lujar	es
lujo	es
lujosamente	es
lujoso	es
lujuria	es
lujuriante	es
lujuriar	es
lujuriosamente	es
lujurioso	es
luliano	es
lulismo	es
lulista	es
lulú	es
luma	es
lumaquela	es
lumbago	es
lumbar	es
lumbo	es
lumbrada	es
lumbral	es
lumbrarada	es
lumbraria	es
lumbre	es
lumbrera	es
lumbrerada	es
lumbrical	es
lumbrosa	es
lumbroso	es
lumen	es
lumia	es
lumiaco	es
luminancia	es
luminar	es
luminaria	es
luminiscencia	es
luminiscente	es
luminosa	es
luminosamente	es
luminosidad	es
luminoso	es
luminotecnia	es
lumínico	es
luna	es
lunación	es
lunanco	es
lunar	es
lunario	es
lunecilla	es
lunes	es
luneta	es
luneto	es
lunfardismo	es
lunfardo	es
lunático	es
lupa	es
lupanar	es
lupanario	es
lupercales	es
lupia	es
lupicia	es
lupino	es
lupulino	es
lupus	es
luquete	es
luqués	es
lurte	es
lusa	es
lusetano	es
lusitanismo	es
lusitano	es
luso	es
lustración	es
lustral	es
lustrar	es
lustre	es
lustrina	es
lustrosa	es
lustrosamente	es
lustroso	es
lutada	es
lutado	es
lutecio	es
luteranismo	es
luterano	es
luto	es
lutoso	es
lutria	es
luvia	es
lux	es
luxación	es
luxar	es
luxemburgo	es
luxemburgués	es
luz	es
lábil	es
lácteo	es
láctico	es
ládano	es
lágrima	es
lámina	es
lámpada	es
lámpara	es
lánguidamente	es
lánguido	es
lápida	es
lápiz	es
lárice	es
láser	es
lástima	es
látex	es
látigo	es
láudano	es
lázaro	es
légamo	es
lérida	es
lésbico	es
léxico	es
lía	es
líbano	es
líber	es
líbico	es
lícita	es
lícitamente	es
lícito	es
líder	es
lígula	es
límite	es
límpido	es
línea	es
líneo	es
lío	es
lípido	es
líquenes	es
líquidamente	es
líquido	es
lírica	es
lírico	es
lítico	es
lívido	es
lóbrego	es
lóbulo	es
lógica	es
lógicamente	es
lógico	es
lópez	es
lúbrico	es
lúcida	es
lúcidamente	es
lúcido	es
lúdico	es
lúe	es
lúgubre	es
lúgubremente	es
lúnula	es
lúpulo	es
lútea	es
lúteo	es
mabolo	es
macabeo	es
macabro	es
macaca	es
macaco	es
macadam	es
macadamizar	es
macadán	es
macagua	es
macana	es
macanazo	es
macanche	es
macar	es
macarelo	es
macareno	es
macareo	es
macarro	es
macarronea	es
macarrón	es
macarrónico	es
macasar	es
macau	es
macear	es
macedonia	es
macedonio	es
macelo	es
maceración	es
maceramiento	es
macerar	es
macerina	es
maceta	es
macetero	es
macha	es
machaca	es
machacadera	es
machacado	es
machacador	es
machacante	es
machacar	es
machaqueo	es
machar	es
machear	es
machera	es
machero	es
macheta	es
machete	es
machetear	es
machetero	es
machiega	es
machihembrar	es
machina	es
machismo	es
machista	es
macho	es
machorra	es
machorro	es
machota	es
machote	es
machucadura	es
machucamiento	es
machucar	es
machucho	es
machuelo	es
machuno	es
maché	es
machón	es
macia	es
macicez	es
macilento	es
macis	es
macizar	es
macizo	es
macoca	es
macollar	es
macona	es
macro	es
macrocefalia	es
macrocosmo	es
macrocéfalo	es
macromolécula	es
macroscópico	es
macruro	es
macsura	es
macuache	es
macuba	es
macuca	es
macular	es
maculatura	es
macuquero	es
macuquino	es
macuto	es
madagascar	es
madama	es
madamisela	es
madapolán	es
madeja	es
madera	es
maderable	es
maderada	es
maderamen	es
maderamiento	es
maderar	es
maderero	es
maderista	es
madero	es
madianita	es
mador	es
madoroso	es
madrastra	es
madraza	es
madre	es
madrear	es
madrecilla	es
madreclavo	es
madreperla	es
madrero	es
madreselva	es
madrid	es
madrigado	es
madrigal	es
madrigalesco	es
madrigalizar	es
madriguera	es
madrileño	es
madrilla	es
madrillera	es
madrina	es
madrinazgo	es
madrona	es
madroncillo	es
madroño	es
madrugada	es
madrugador	es
madrugar	es
madrugón	es
madrépora	es
madura	es
maduración	es
maduradero	es
madurador	es
maduramente	es
madurar	es
madurativo	es
madurez	es
maduro	es
maesa	es
maese	es
maestra	es
maestral	es
maestralizar	es
maestramente	es
maestrante	es
maestranza	es
maestrar	es
maestrazgo	es
maestre	es
maestrear	es
maestreescuela	es
maestresala	es
maestrescuela	es
maestril	es
maestro	es
maestría	es
mafia	es
mafiosamente	es
mafioso	es
maganel	es
maganto	es
magarza	es
magarzuela	es
magdalena	es
magenta	es
magfco	es
magia	es
magiar	es
maginar	es
magisterial	es
magisterio	es
magistrado	es
magistral	es
magistralmente	es
magistralía	es
magistratura	es
magma	es
magnanimidad	es
magnate	es
magnesia	es
magnesiano	es
magnesio	es
magnesita	es
magnetismo	es
magnetita	es
magnetización	es
magnetizador	es
magnetizar	es
magneto	es
magnetofónico	es
magnetomotriz	es
magnetoscopio	es
magnetosfera	es
magnetrón	es
magnetófono	es
magnetómetro	es
magnetósfera	es
magnicidio	es
magnificación	es
magnificador	es
magnificar	es
magnificencia	es
magnificente	es
magnitud	es
magno	es
magnolia	es
magnánimamente	es
magnánimo	es
magnético	es
magníficamente	es
magníficat	es
magnífico	es
mago	es
magos	es
magostar	es
magra	es
magrear	es
magrecer	es
magro	es
magrura	es
magueis	es
magujo	es
magular	es
magulladura	es
magullamiento	es
magullar	es
maguntino	es
magüeto	es
maharrana	es
maherir	es
mahometano	es
mahometismo	es
mahometista	es
mahometizar	es
mahona	es
mahón	es
maicera	es
maicero	es
maicillo	es
maimonismo	es
maimón	es
mainel	es
mairena	es
maitinada	es
maitinante	es
maitines	es
maizal	es
majada	es
majadahonda	es
majadal	es
majadear	es
majaderico	es
majaderito	es
majadero	es
majadura	es
majagranzas	es
majagua	es
majagual	es
majal	es
majamente	es
majamiento	es
majano	es
majar	es
majareta	es
majencia	es
majestad	es
majestoso	es
majestuosamente	es
majestuosidad	es
majestuoso	es
majeza	es
majo	es
majolar	es
majoleta	es
majoleto	es
majorca	es
majuela	es
majuelo	es
majzén	es
mal	es
mala	es
malabar	es
malabarismo	es
malabarista	es
malacate	es
malacia	es
malacitano	es
malaconsejado	es
malacopterigio	es
malacostumbrado	es
malacuenda	es
malafa	es
malagana	es
malagradecido	es
malagueta	es
malagueño	es
malamente	es
malandante	es
malandanza	es
malandar	es
malandrín	es
malaquita	es
malar	es
malaria	es
malasangre	es
malasia	es
malasio	es
malato	es
malaui	es
malauí	es
malavenido	es
malaventura	es
malaventurado	es
malaventuranza	es
malavez	es
malaya	es
malayo	es
malbaratar	es
malbaratillo	es
malcarado	es
malcasado	es
malcasar	es
malcocinado	es
malcomer	es
malconsiderado	es
malcontentadizo	es
malcontento	es
malcoraje	es
malcorte	es
malcreer	es
malcriado	es
malcriar	es
maldad	es
maldecidor	es
maldecir	es
maldicho	es
maldiciente	es
maldición	es
maldispuesto	es
malditamente	es
maldito	es
maldivas	es
maldivo	es
maleabilidad	es
maleante	es
malear	es
malecón	es
maledicencia	es
maleducar	es
maleficencia	es
maleficiar	es
maleficio	es
malentender	es
malentrada	es
maleolar	es
malestar	es
maleta	es
maletero	es
maletín	es
malevolencia	es
maleza	es
malfacer	es
malfadado	es
malformación	es
malgache	es
malgastador	es
malgastar	es
malhabladamente	es
malhablado	es
malhadado	es
malhechor	es
malherir	es
malhojo	es
malhumor	es
malhumorado	es
malhumorar	es
mali	es
malicia	es
maliciable	es
maliciar	es
maliciosamente	es
malicioso	es
maliense	es
malignamente	es
malignar	es
malignidad	es
malignizar	es
maligno	es
malina	es
malingrar	es
malino	es
malintencionado	es
malinterpretar	es
malla	es
malladar	es
mallar	es
mallero	es
mallete	es
malleto	es
mallo	es
mallorca	es
mallorquín	es
malmandado	es
malmaridada	es
malmarriento	es
malmeter	es
malmirado	es
malnacido	es
malnutrición	es
malnutrido	es
malo	es
malogramiento	es
malograr	es
maloliente	es
maloquear	es
malpagadamente	es
malparado	es
malparar	es
malparir	es
malparto	es
malpensado	es
malpigiácea	es
malpigiáceo	es
malquerencia	es
malquerer	es
malqueriente	es
malquistar	es
malquisto	es
malrotar	es
malsano	es
malsinar	es
malsindad	es
malsinería	es
malsonante	es
malsonantemente	es
malsonar	es
malsufrido	es
malsín	es
malta	es
maltear	es
maltosa	es
maltrabaja	es
maltraer	es
maltrapillo	es
maltratamiento	es
maltratar	es
maltrato	es
maltrecho	es
maltusianismo	es
maltusiano	es
maltés	es
malucho	es
maluco	es
malva	es
malvadamente	es
malvado	es
malvar	es
malvarrosa	es
malvasía	es
malvavisco	es
malvender	es
malversación	es
malversador	es
malversar	es
malvezar	es
malvinas	es
malvivir	es
malviz	es
malvácea	es
malváceo	es
malvís	es
maléfico	es
maléolo	es
malévolo	es
malí	es
malísimamente	es
mama	es
mamacallos	es
mamacona	es
mamadera	es
mamador	es
mamandurria	es
mamante	es
mamar	es
mamario	es
mamarrachada	es
mamarrachista	es
mamarracho	es
mambla	es
mambo	es
mameis	es
mamella	es
mamellado	es
mamelonado	es
mameluco	es
mamey	es
mamiforme	es
mamila	es
mamola	es
mamoso	es
mamotreto	es
mampara	es
mamparar	es
mamparo	es
mamperlán	es
mamporro	es
mampostear	es
mampostero	es
mampostería	es
mampresar	es
mampuesto	es
mamujar	es
mamullar	es
mamut	es
mamuts	es
mamá	es
mamífero	es
mamón	es
man	es
manacor	es
manada	es
manadero	es
manantial	es
manar	es
manato	es
manatí	es
manazas	es
mancamiento	es
mancar	es
manceba	es
mancebo	es
mancebía	es
mancera	es
mancerina	es
mancha	es
manchadizo	es
manchado	es
manchador	es
manchar	es
manchego	es
manchoso	es
manchú	es
mancillado	es
mancillar	es
mancipar	es
manco	es
mancomunada	es
mancomunadamente	es
mancomunar	es
mancomunidad	es
mancomún	es
mancorna	es
mancornar	es
mancuerda	es
manda	es
mandadero	es
mandado	es
mandamiento	es
mandanga	es
mandante	es
mandar	es
mandarria	es
mandarín	es
mandatario	es
mandato	es
manderecha	es
mandibular	es
mandil	es
mandilandinga	es
mandilar	es
mandilete	es
mandilón	es
mandinga	es
mandioca	es
mando	es
mandoble	es
mandolina	es
mandra	es
mandrache	es
mandrachero	es
mandracho	es
mandria	es
mandril	es
mandrilar	es
mandrágora	es
manducar	es
manducatoria	es
mandurria	es
mandíbula	es
manea	es
manear	es
manecilla	es
manejable	es
manejar	es
manejo	es
maneota	es
manera	es
manero	es
manes	es
maneta	es
maneto	es
manezuela	es
manferir	es
manfla	es
manflota	es
manga	es
mangajarro	es
mangana	es
manganear	es
manganesa	es
manganeso	es
manganeta	es
mangante	es
mangar	es
mangla	es
manglar	es
mangle	es
mango	es
mangonada	es
mangoneador	es
mangonear	es
mangonero	es
mangorrero	es
mangorrillo	es
mangosta	es
mangote	es
manguardia	es
manguera	es
manguero	es
mangueta	es
manguita	es
manguitero	es
manguito	es
mangánico	es
manialbo	es
maniatadamente	es
maniatar	es
maniblaj	es
maniblanco	es
manicomio	es
manicordio	es
manicorto	es
manicura	es
manicuro	es
manid	es
manida	es
manidas	es
manido	es
manidos	es
maniego	es
maniendo	es
maniera	es
manierais	es
manieran	es
manieras	es
maniere	es
maniereis	es
manieren	es
manieres	es
manierismo	es
manieron	es
maniese	es
manieseis	es
maniesen	es
manieses	es
manifactura	es
manifestación	es
manifestador	es
manifestante	es
manifestar	es
manifestativo	es
manifiestamente	es
manifiesto	es
manigero	es
manigua	es
manigueta	es
manija	es
manijero	es
manilargo	es
manilense	es
manileño	es
manilla	es
manillar	es
maniluvio	es
manimos	es
maniobra	es
maniobrabilidad	es
maniobrar	es
maniobrero	es
maniobrista	es
maniota	es
manipulación	es
manipulador	es
manipular	es
manipuleo	es
maniqueo	es
maniquete	es
maniqueísmo	es
maniquí	es
manir	es
maniremos	es
manirroto	es
manirrotura	es
manirse	es
manirá	es
manirán	es
manirás	es
maniré	es
maniréis	es
maniría	es
maniríais	es
maniríamos	es
manirían	es
manirías	es
manises	es
maniste	es
manisteis	es
manita	es
manitas	es
manito	es
manivela	es
maniático	es
maniéramos	es
maniéremos	es
maniésemos	es
manió	es
manjar	es
manjolar	es
manjorrada	es
manlevar	es
manlieva	es
manlleu	es
mano	es
manobre	es
manobrero	es
manojera	es
manojo	es
manola	es
manolo	es
manométrico	es
manopla	es
manoseador	es
manosear	es
manoseo	es
manotada	es
manotazo	es
manotear	es
manquear	es
manquedad	es
manquera	es
manresa	es
manresano	es
mansalva	es
mansamente	es
mansedumbre	es
manseque	es
mansionario	es
mansito	es
mansión	es
manso	es
mansuefacto	es
mansurrón	es
manta	es
mantaterilla	es
manteador	es
manteamiento	es
mantear	es
manteca	es
mantecado	es
mantecoso	es
mantel	es
mantelado	es
manteleta	es
mantelete	es
mantellina	es
mantelo	es
mantenedor	es
mantenencia	es
mantener	es
mantenida	es
manteniente	es
mantenimiento	es
manteo	es
mantequera	es
mantequero	es
mantequillero	es
mantero	es
mantis	es
mantisa	es
manto	es
mantornar	es
mantuano	es
mantudo	es
mantén	es
mantón	es
manuable	es
manual	es
manualidad	es
manualmente	es
manubrio	es
manucodiata	es
manuel	es
manuela	es
manuelino	es
manuella	es
manufactura	es
manufacturar	es
manufacturero	es
manumiso	es
manumisor	es
manumitir	es
manuscribir	es
manuscrito	es
manutención	es
manutenencia	es
manutener	es
manutigio	es
manutisa	es
manutén	es
manzana	es
manzanar	es
manzanero	es
manzaneta	es
manzanil	es
manzanillero	es
manzanita	es
manzano	es
maná	es
maní	es
manía	es
maníaco	es
maníais	es
maníamos	es
manían	es
manías	es
manís	es
manómetro	es
maorí	es
mapa	es
mapache	es
mapamundi	es
mapanare	es
mapear	es
mapuche	es
mapurite	es
maquear	es
maqueta	es
maquetación	es
maquetar	es
maqueto	es
maqui	es
maquiavelismo	es
maquiavelista	es
maquila	es
maquilar	es
maquilero	es
maquillaje	es
maquillar	es
maquinación	es
maquinador	es
maquinal	es
maquinalmente	es
maquinar	es
maquinaria	es
maquinilla	es
maquinismo	es
maquinista	es
maquinizar	es
mar	es
marabuto	es
maraca	es
maracaibero	es
maracena	es
maracucho	es
maragatería	es
maragato	es
marasmo	es
maratón	es
maravedinada	es
maravedí	es
maravedís	es
maravilla	es
maravillar	es
maravillosamente	es
maravilloso	es
maraña	es
marañar	es
marañón	es
marbella	es
marbete	es
marc	es
marca	es
marcación	es
marcadamente	es
marcado	es
marcador	es
marcapaso	es
marcapasos	es
marcar	es
marcasita	es
marcear	es
marcelianista	es
marcenar	es
marceo	es
marcero	es
marcescente	es
marcha	es
marchamar	es
marchamero	es
marchante	es
marchapié	es
marchar	es
marchitable	es
marchitamiento	es
marchitar	es
marchitez	es
marchito	es
marchoso	es
marcial	es
marcialidad	es
marciano	es
marcio	es
marcionista	es
marcir	es
marco	es
marcomano	es
marconigrama	es
mardal	es
mardano	es
marea	es
mareado	es
mareador	es
mareamiento	es
mareante	es
marear	es
marejada	es
marejadilla	es
maremagno	es
maremoto	es
maremotriz	es
maremágnum	es
marengo	es
mareo	es
mareomotriz	es
mareoso	es
marero	es
mareta	es
maretazo	es
marfil	es
marfileño	es
marga	es
margajita	es
margal	es
margar	es
margarina	es
margarita	es
margen	es
margenar	es
marginado	es
marginal	es
marginalidad	es
marginar	es
margomar	es
margosa	es
margoso	es
margrave	es
margraviato	es
marguera	es
marianas	es
mariano	es
marica	es
maricangalla	es
mariconera	es
maricón	es
maridal	es
maridar	es
marido	es
mariguana	es
marihuana	es
marimacho	es
marimandona	es
marimanta	es
marimarica	es
marimba	es
marimorena	es
marina	es
marinaje	es
marinar	es
marinear	es
marinera	es
marinerado	es
marinerazo	es
marinero	es
marinesco	es
marinismo	es
marinista	es
marino	es
mario	es
mariona	es
marioneta	es
marioso	es
mariposa	es
mariposado	es
mariposear	es
mariquita	es
marisabidilla	es
mariscador	es
mariscal	es
mariscala	es
mariscalato	es
mariscar	es
marisco	es
marisma	es
marismo	es
marisqueo	es
marisquero	es
marisquería	es
marista	es
marital	es
maritornes	es
marizar	es
marjal	es
marjoleta	es
marjoleto	es
marketing	es
marlotar	es
marmella	es
marmellado	es
marmita	es
marmolillo	es
marmolista	es
marmoroso	es
marmosa	es
marmosete	es
marmota	es
marmotear	es
marmullar	es
marmóreo	es
maro	es
marojal	es
marojo	es
marola	es
maroma	es
maronita	es
marquesado	es
marquesina	es
marquesita	es
marquesota	es
marqueta	es
marquilla	es
marquista	es
marqués	es
marra	es
marrachí	es
marraguero	es
marrajo	es
marramao	es
marramizar	es
marrana	es
marranada	es
marranear	es
marrano	es
marrar	es
marrasquino	es
marrear	es
marrida	es
marrido	es
marro	es
marroquí	es
marroquíes	es
marrubial	es
marrubio	es
marrueco	es
marruecos	es
marrullar	es
marrullero	es
marrullería	es
marrón	es
marshall	es
marshalés	es
marso	es
marsopa	es
marsopla	es
marsupial	es
marsupio	es
marta	es
marte	es
martellina	es
martelo	es
martillador	es
martillar	es
martillear	es
martillo	es
martina	es
martinenco	es
martinete	es
martingala	es
martinica	es
martinico	es
martiniega	es
martirial	es
martiriar	es
martirio	es
martirizador	es
martirizar	es
martirologio	es
martorell	es
martos	es
martín	es
martínez	es
marueco	es
maruja	es
marullo	es
marxismo	es
marxista	es
marzadga	es
marzal	es
marzante	es
marzas	es
marzo	es
marzoleta	es
marzoleto	es
maría	es
marín	es
marítimamente	es
marítimo	es
marón	es
mas	es
masa	es
masacrar	es
masada	es
masageta	es
masaje	es
masajista	es
masamuda	es
masar	es
mascabado	es
mascada	es
mascadijo	es
mascador	es
mascadura	es
mascar	es
mascarada	es
mascarar	es
mascarero	es
mascarilla	es
mascarón	es
mascota	es
mascujar	es
masculillo	es
masculinidad	es
masculino	es
mascullar	es
masecoral	es
masejicomar	es
masera	es
masetero	es
masicoral	es
masicote	es
masieno	es
masificar	es
masiliense	es
masilio	es
masilo	es
masita	es
masivamente	es
masivo	es
maslo	es
masnou	es
masonería	es
masoquismo	es
masoquista	es
masoquísticamente	es
masora	es
masoreta	es
masovero	es
masteleo	es
mastelero	es
masticación	es
masticador	es
masticar	es
masticatorio	es
mastieno	es
mastigar	es
masto	es
mastodonte	es
mastoides	es
mastología	es
mastranto	es
mastranzo	es
mastuerzo	es
masturbación	es
masturbar	es
mastín	es
masvale	es
masía	es
masón	es
mata	es
matabuey	es
matacabras	es
matacallos	es
matacandelas	es
matacandil	es
matacán	es
matadero	es
matador	es
matadura	es
matafuego	es
matagallegos	es
matagallina	es
matagallos	es
matalobos	es
matalote	es
matalón	es
matamoros	es
matamoscas	es
matancera	es
matancero	es
matanza	es
matapalo	es
mataperrada	es
mataperros	es
matapiojos	es
matapollo	es
matapolvo	es
matapulgas	es
matar	es
matarife	es
matarrubia	es
mataró	es
matasellos	es
matasiete	es
matasuegras	es
mate	es
matear	es
matematismo	es
matemática	es
matemáticamente	es
matemático	es
materia	es
material	es
materialidad	es
materialismo	es
materialista	es
materialización	es
materializar	es
materialmente	es
maternal	es
maternidad	es
maternizar	es
materno	es
matico	es
matidez	es
matihuelo	es
matilde	es
matinal	es
matinalmente	es
matiné	es
matiz	es
matizar	es
matojo	es
matonismo	es
matorral	es
matorro	es
matraca	es
matracalada	es
matraco	es
matraquear	es
matraquista	es
matraz	es
matriarca	es
matriarcado	es
matriarcal	es
matricaria	es
matricial	es
matricida	es
matricidio	es
matriculación	es
matriculado	es
matriculador	es
matricular	es
matrimonial	es
matrimonialmente	es
matrimoniar	es
matrimonio	es
matritense	es
matriz	es
matrona	es
matronaza	es
matrícula	es
matula	es
maturrango	es
matusalén	es
matute	es
matutear	es
matutero	es
matutino	es
matón	es
maula	es
maular	es
maulero	es
maullador	es
maullar	es
maullido	es
maure	es
mauriciano	es
mauricio	es
mauritania	es
mauritano	es
mauro	es
mauseolo	es
mausoleo	es
mavorcio	es
maxilar	es
maximizar	es
maxwell	es
maxwells	es
maya	es
mayador	es
mayal	es
mayar	es
mayear	es
mayen	es
mayestático	es
mayeto	es
mayido	es
mayo	es
mayonesa	es
mayor	es
mayoradgo	es
mayoral	es
mayorala	es
mayorana	es
mayorar	es
mayorazga	es
mayorazgo	es
mayorazguista	es
mayorcito	es
mayordoma	es
mayordombre	es
mayordomear	es
mayordomo	es
mayordomía	es
mayorista	es
mayoritariamente	es
mayoritario	es
mayormente	es
mayoría	es
mayotte	es
mayueta	es
mayúscula	es
mayúsculo	es
maza	es
mazacote	es
mazamorra	es
mazana	es
mazaneta	es
mazapán	es
mazar	es
mazarota	es
mazarrón	es
mazdeísmo	es
mazmodina	es
mazmorra	es
maznar	es
mazo	es
mazonado	es
mazonar	es
mazonear	es
mazonero	es
mazorca	es
mazorgano	es
mazorral	es
mazurca	es
maíz	es
maña	es
mañana	es
mañanear	es
mañanero	es
mañanita	es
mañear	es
mañera	es
mañero	es
maño	es
mañosamente	es
mañoso	es
mcdonald	es
me	es
mea	es
meadero	es
meado	es
meaja	es
meajuela	es
meandro	es
mear	es
meato	es
meauca	es
meca	es
mecanicismo	es
mecanicista	es
mecanismo	es
mecanización	es
mecanizar	es
mecano	es
mecanografiar	es
mecanográfico	es
mecanoterapia	es
mecanógrafo	es
mecedero	es
mecedor	es
mecedura	es
mecenas	es
mecenazgo	es
mecer	es
mecha	es
mechar	es
mechazo	es
mechera	es
mechero	es
mechoacán	es
mechoso	es
mechón	es
meco	es
meconio	es
mecánica	es
mecánicamente	es
mecánico	es
medalla	es
medallista	es
medanoso	es
medellinense	es
media	es
mediacaña	es
mediación	es
mediado	es
mediador	es
medial	es
medialuna	es
mediana	es
medianamente	es
medianejo	es
medianero	es
medianería	es
medianidad	es
medianil	es
medianista	es
mediano	es
medianoche	es
mediante	es
medianía	es
mediar	es
mediastino	es
mediata	es
mediatamente	es
mediateca	es
mediatizar	es
mediato	es
mediator	es
medible	es
medicación	es
medicalización	es
medicalizar	es
medicalmente	es
medicamento	es
medicamentoso	es
medicar	es
medicastro	es
medicina	es
medicinal	es
medicinalmente	es
medicinamiento	es
medicinante	es
medicinar	es
medición	es
medicucho	es
medida	es
medidor	es
mediero	es
medieval	es
medievalidad	es
medievalista	es
medievo	es
medina	es
medio	es
medioambiental	es
medioambiente	es
mediocampista	es
mediocre	es
mediocremente	es
mediocridad	es
mediodía	es
medioevo	es
mediomundo	es
mediquillo	es
medir	es
meditabundo	es
meditación	es
meditador	es
meditar	es
meditativo	es
mediterráneo	es
mediático	es
medo	es
medra	es
medrana	es
medrar	es
medro	es
medrosamente	es
medroso	es
medular	es
meduloso	es
medusa	es
meduseo	es
megafonía	es
megalitismo	es
megalito	es
megalítico	es
megalómano	es
megarense	es
megaterio	es
megavatio	es
mego	es
meguez	es
megáfono	es
mehala	es
meigo	es
meitad	es
mejer	es
mejicanismo	es
mejicano	es
mejido	es
mejilla	es
mejillón	es
mejor	es
mejora	es
mejorable	es
mejorada	es
mejoramiento	es
mejorana	es
mejorar	es
mejoría	es
mejunje	es
mela	es
melado	es
meladucha	es
meladura	es
melamina	es
melampo	es
melamínico	es
melancolizar	es
melancolía	es
melancólicamente	es
melancólico	es
melandro	es
melanina	es
melanita	es
melanosis	es
melanuria	es
melapia	es
melar	es
melaza	es
melca	es
melcocha	es
melcochero	es
meldar	es
meldense	es
melena	es
melenera	es
meleno	es
melenudo	es
melero	es
melgacho	es
melgar	es
melificar	es
melifluamente	es
melifluo	es
melilla	es
melillense	es
meliloto	es
melindre	es
melindrear	es
melindrero	es
melindrizar	es
melindrosamente	es
melindroso	es
melinita	es
melino	es
melis	es
melisma	es
melito	es
meliácea	es
meliáceo	es
mella	es
mellada	es
mellado	es
melladura	es
mellar	es
mellitus	es
melliza	es
mellizo	es
melloco	es
melocotonar	es
melocotonero	es
melocotón	es
melodiosamente	es
melodioso	es
melodrama	es
melodramático	es
melodreña	es
melodía	es
meloja	es
melojar	es
melojo	es
melolonta	es
melonar	es
meloncete	es
meloncillo	es
melonero	es
melopea	es
melopeya	es
melosidad	es
melosilla	es
meloso	es
melote	es
melquisedeciano	es
melsa	es
melva	es
melífero	es
melódico	es
melón	es
membrado	es
membrana	es
membranoso	es
membrar	es
membrecía	es
membresía	es
membrete	es
membrilla	es
membrillar	es
membrillate	es
membrillero	es
membrillo	es
membrudo	es
meme	es
memento	es
memez	es
memnónida	es
memo	es
memorable	es
memorando	es
memorar	es
memorativa	es
memorativo	es
memoria	es
memorial	es
memorialista	es
memorioso	es
memorismo	es
memorista	es
memorización	es
memorizar	es
memorándum	es
mena	es
menaje	es
menar	es
menazar	es
menchevique	es
mencionar	es
mención	es
menda	es
mendacidad	es
mendaz	es
mendeliano	es
mendelismo	es
mendicante	es
mendicidad	es
mendigante	es
mendigar	es
mendigo	es
mendiguez	es
mendocino	es
mendrugo	es
meneador	es
menear	es
menegilda	es
menester	es
menesteroso	es
menestra	es
menestral	es
menestrete	es
menfita	es
mengajo	es
mengano	es
mengua	es
menguado	es
menguamiento	es
menguante	es
menguantemente	es
menguar	es
mengue	es
menhir	es
menina	es
meninge	es
meningitis	es
meningococo	es
menino	es
menipeo	es
menique	es
menisco	es
menjunje	es
menjurje	es
menologio	es
menonia	es
menonita	es
menopausia	es
menor	es
menorar	es
menorete	es
menorista	es
menorragia	es
menos	es
menoscabador	es
menoscabar	es
menoscabo	es
menoscuenta	es
menospreciablemente	es
menospreciador	es
menospreciar	es
menospreciativo	es
menosprecio	es
menostasia	es
mensa	es
mensaje	es
mensajero	es
mensajería	es
menstruación	es
menstrual	es
menstrualmente	es
menstruante	es
menstruar	es
menstruo	es
menstruoso	es
mensual	es
mensualidad	es
mensualmente	es
mensura	es
mensurabilidad	es
mensurable	es
mensurador	es
mensurar	es
mensáfono	es
mental	es
mentalidad	es
mentalizar	es
mentalmente	es
mentar	es
mentastro	es
mente	es
mentecapto	es
mentecatada	es
mentecatez	es
mentecato	es
mentesano	es
mentidero	es
mentido	es
mentir	es
mentira	es
mentirijillas	es
mentirillas	es
mentirosamente	es
mentiroso	es
mentol	es
mentolado	es
mentor	es
mentís	es
mentíses	es
mentón	es
menuceles	es
menudamente	es
menudear	es
menudencia	es
menudero	es
menudillo	es
menudo	es
menuza	es
menuzar	es
menuzo	es
menú	es
meollar	es
meollo	es
meolludo	es
mequetrefe	es
mera	es
meramente	es
merar	es
merca	es
mercachifle	es
mercadante	es
mercadear	es
mercader	es
mercaderil	es
mercadería	es
mercado	es
mercados	es
mercadotecnia	es
mercadotécnico	es
mercal	es
mercancear	es
mercancía	es
mercante	es
mercantil	es
mercantilismo	es
mercantilista	es
mercantilización	es
mercantilizar	es
mercantilmente	es
mercantivo	es
mercar	es
merced	es
mercedario	es
mercenario	es
mercendear	es
mercerizar	es
mercero	es
mercería	es
merchante	es
mercosur	es
mercurial	es
mercurio	es
mercurioso	es
merdoso	es
merecedor	es
merecer	es
merecidamente	es
merecido	es
merecimiento	es
mereis	es
merendar	es
merendero	es
merendillar	es
merendita	es
merendola	es
merendona	es
merengada	es
merengue	es
meretricio	es
meretriz	es
mergo	es
meridiana	es
meridiano	es
meridional	es
merienda	es
merindad	es
merinero	es
merino	es
meritar	es
meritocracia	es
meritoria	es
meritoriamente	es
meritorio	es
merla	es
merleta	es
merlo	es
merluza	es
merlín	es
merma	es
mermadamente	es
mermador	es
mermar	es
mermelada	es
mero	es
merodeador	es
merodear	es
merodista	es
merovingio	es
mes	es
mesa	es
mesadura	es
mesalina	es
mesana	es
mesar	es
mesclar	es
mescolanza	es
meseguero	es
mesenterio	es
mesero	es
meses	es
meseta	es
mesiado	es
mesianismo	es
mesiazgo	es
mesilla	es
mesingo	es
mesita	es
mesiánico	es
mesmedad	es
mesmerismo	es
mesmo	es
mesnada	es
mesnadero	es
mesoamericano	es
mesocarpio	es
mesocefalia	es
mesocracia	es
mesocéfalo	es
mesodermo	es
mesolítico	es
mesonero	es
mesonil	es
mesonista	es
mesopotámico	es
mesozoico	es
mestal	es
mestenco	es
mesticia	es
mestizaje	es
mestizar	es
mestizo	es
mesto	es
mesturar	es
mesura	es
mesuradamente	es
mesurar	es
mesías	es
mesón	es
meta	es
metabolismo	es
metabolito	es
metabólico	es
metacarpiano	es
metacarpo	es
metacentro	es
metadato	es
metaestable	es
metaforizar	es
metafísica	es
metafísico	es
metafóricamente	es
metafórico	es
metagoge	es
metal	es
metalario	es
metalenguaje	es
metalepsis	es
metalero	es
metalingüísticamente	es
metalista	es
metalizar	es
metalla	es
metalografía	es
metaloide	es
metaloterapia	es
metalurgia	es
metalurgista	es
metalífero	es
metalúrgico	es
metamorfismo	es
metamorfosear	es
metamorfosi	es
metamórfico	es
metanero	es
metano	es
metanol	es
metaplasmo	es
metatarsiano	es
metatarso	es
metatizar	es
metatórax	es
metazoo	es
meteco	es
metedor	es
metedura	es
metempsicosis	es
metempsícosis	es
metemuertos	es
meteorismo	es
meteorito	es
meteorizar	es
meteoro	es
meteorologista	es
meteorología	es
meteorológico	es
meteorólogo	es
metepatas	es
meter	es
metesillas	es
meteórico	es
metical	es
meticulosamente	es
meticulosidad	es
meticuloso	es
metidillo	es
metido	es
metilación	es
metilo	es
metimiento	es
metodismo	es
metodista	es
metodizar	es
metodología	es
metodológico	es
metomentodo	es
metonimia	es
metopa	es
metoposcopia	es
metra	es
metralla	es
metrallazo	es
metralleta	es
metreta	es
metrificar	es
metrista	es
metro	es
metropolitano	es
metrorragia	es
metrónomo	es
metrópoli	es
metáfora	es
metálicamente	es
metálico	es
metástasis	es
metátesis	es
metílico	es
metódicamente	es
metódico	es
mexica	es
mexicanismo	es
mexicano	es
mezcal	es
mezcla	es
mezcladamente	es
mezclado	es
mezclador	es
mezcladura	es
mezclamiento	es
mezclar	es
mezcolanza	es
mezquinamente	es
mezquinar	es
mezquindad	es
mezquino	es
mezquita	es
mezquital	es
mezquite	es
meñique	es
meón	es
mi	es
miagar	es
miaja	es
mialgia	es
mialmas	es
miar	es
miasma	es
miau	es
miañar	es
mica	es
micacita	es
micado	es
micción	es
micelio	es
micer	es
micha	es
michelín	es
michina	es
michino	es
micho	es
mico	es
micosis	es
micra	es
micro	es
microbiano	es
microbicida	es
microbio	es
microbiología	es
microcefalia	es
microchip	es
microclima	es
microcontrolador	es
microcosmo	es
microcurrículo	es
microcéfalo	es
microelectrónica	es
microfilmador	es
microfilmar	es
micrografía	es
microinformática	es
microinformático	es
micronesia	es
micronesio	es
microondas	es
microscopia	es
microscopio	es
microscopista	es
microscopía	es
microscópico	es
microspora	es
microsporidio	es
microsporofila	es
microsurco	es
microtúbulo	es
micrófono	es
micrómetro	es
micénico	es
micólogo	es
midriasis	es
miedica	es
miedo	es
miedoso	es
miel	es
mielga	es
mielgo	es
mielina	es
mielitis	es
mielsa	es
miembro	es
miente	es
mientra	es
mientras	es
miera	es
mierda	es
mieres	es
mierla	es
mierra	es
mies	es
miga	es
migaja	es
migajada	es
migar	es
migración	es
migrante	es
migrar	es
migratoria	es
migratorio	es
migraña	es
miguel	es
miguelete	es
miguero	es
mihrab	es
mihrabs	es
mijas	es
mijero	es
mijo	es
mil	es
milagrear	es
milagrero	es
milagro	es
milagrosamente	es
milagroso	es
milamores	es
milano	es
mildiu	es
milenario	es
milenarismo	es
milenio	es
mileno	es
milenrama	es
milenta	es
milesio	es
mileurista	es
milgrana	es
milgranar	es
milhojas	es
mili	es
miliar	es
miliario	es
milibar	es
milicia	es
miliciano	es
miligramo	es
mililitro	es
milimétrico	es
militancia	es
militante	es
militar	es
militarismo	es
militarista	es
militarización	es
militarizar	es
militarmente	es
milla	es
millaca	es
millar	es
millarada	es
millardo	es
millo	es
millonada	es
millonario	es
millonésimo	es
millón	es
milmillonésimo	es
miloca	es
milocha	es
milonga	es
milonguero	es
milord	es
milores	es
milán	es
milésima	es
milésimo	es
milímetro	es
mimado	es
mimador	es
mimar	es
mimbral	es
mimbrar	es
mimbre	es
mimbrear	es
mimbrera	es
mimbreral	es
mimbrero	es
mimbreño	es
mimbroso	es
mimeografiar	es
mimesis	es
mimetismo	es
mimetizar	es
mimeógrafo	es
mimo	es
mimosa	es
mimosamente	es
mimoso	es
mimosácea	es
mimosáceo	es
mina	es
minado	es
minador	es
minal	es
minar	es
mindango	es
mindanguear	es
mindoniense	es
minera	es
mineraje	es
mineral	es
mineralizar	es
mineralogista	es
mineralogía	es
minero	es
mineromedicinal	es
minerva	es
minga	es
mingitorio	es
mingo	es
miniado	es
miniar	es
miniatura	es
miniaturista	es
miniaturizar	es
minicadena	es
minifalda	es
minifundio	es
minimista	es
minimizar	es
minina	es
minino	es
minio	es
miniserie	es
ministerial	es
ministerialismo	es
ministerialmente	es
ministerio	es
ministración	es
ministrador	es
ministrante	es
ministrar	es
ministro	es
minoico	es
minorar	es
minorativo	es
minoridad	es
minorista	es
minorita	es
minoritario	es
minoría	es
minucia	es
minuciosamente	es
minuciosidad	es
minucioso	es
minuendo	es
minuete	es
minusvalorar	es
minusvalía	es
minusválido	es
minuta	es
minutar	es
minutario	es
minutero	es
minutisa	es
minuto	es
minué	es
minúscula	es
minúsculo	es
mio	es
miocardio	es
miocarditis	es
mioceno	es
miodinia	es
miolema	es
mioma	es
miope	es
miopía	es
miosis	es
miosota	es
miquelete	es
miquelon	es
miquero	es
miquis	es
mir	es
mira	es
mirabel	es
mirabolano	es
mirada	es
miradero	es
mirado	es
mirador	es
miraglo	es
miraguano	es
miramelindos	es
miramiento	es
miranda	es
mirar	es
mirasol	es
mirificar	es
miriñaque	es
miriópodo	es
mirla	es
mirlamiento	es
mirlar	es
mirlo	es
mirobrigense	es
mirobálano	es
mirra	es
mirrado	es
mirrauste	es
mirrino	es
mirtino	es
mirto	es
mirtácea	es
mirtáceo	es
miruella	es
miruello	es
mirza	es
mirística	es
mirón	es
mis	es
misa	es
misacantano	es
misal	es
misar	es
misario	es
miscelánea	es
misceláneo	es
miscible	es
miserable	es
miserablemente	es
miseración	es
miserando	es
miserear	es
miserere	es
miseria	es
misericordia	es
misericordiosamente	es
misericordioso	es
misero	es
misil	es
misio	es
misional	es
misionar	es
misionario	es
misionero	es
misivo	es
misión	es
mislata	es
mismamente	es
mismidad	es
mismo	es
mismísimo	es
misoginia	es
miss	es
misses	es
mistagogo	es
mistar	es
mistela	es
misterio	es
misteriosamente	es
misterioso	es
misticismo	es
mistificación	es
mistificar	es
mistifori	es
mistión	es
mistral	es
misturar	es
misturero	es
misántropo	es
misógino	es
mita	es
mitad	es
mitadenco	es
mitayo	es
mitificar	es
mitigador	es
mitigar	es
mitigativo	es
mitigatorio	es
mitin	es
mito	es
mitocondria	es
mitocondrial	es
mitologista	es
mitología	es
mitológico	es
mitosis	es
mitote	es
mitra	es
mitral	es
mitrar	es
mitridatismo	es
mitridato	es
mitín	es
mitólogo	es
mitón	es
mixedema	es
mixteco	es
mixtificación	es
mixtificar	es
mixtifori	es
mixtilíneo	es
mixtión	es
mixto	es
mixtura	es
mixturar	es
mixturero	es
miz	es
miza	es
mizo	es
miércoles	es
mnemotecnia	es
mnemotécnico	es
moa	es
moabita	es
moaré	es
mobiliaria	es
mobiliario	es
moblaje	es
moblar	es
mocador	es
mocar	es
mocarra	es
mocarro	es
mocasín	es
mocear	es
mocedad	es
moceril	es
mocero	es
mocete	es
mocetón	es
mocha	es
mochales	es
mochar	es
mochazo	es
moche	es
mocheta	es
mochete	es
mochil	es
mochila	es
mochilero	es
mochillero	es
mocho	es
mochuelo	es
mocil	es
mocito	es
moción	es
moco	es
mocoso	es
mocárabe	es
moda	es
modal	es
modalidad	es
modelación	es
modelado	es
modelador	es
modelar	es
modelismo	es
modelista	es
modelización	es
modelizar	es
modelo	es
moderación	es
moderada	es
moderadamente	es
moderado	es
moderador	es
moderante	es
moderantismo	es
moderar	es
moderativo	es
moderatorio	es
modernamente	es
modernidad	es
modernismo	es
modernista	es
modernización	es
modernizador	es
modernizar	es
moderno	es
modesta	es
modestamente	es
modestia	es
modesto	es
modicidad	es
modificable	es
modificación	es
modificador	es
modificante	es
modificar	es
modificativo	es
modificatorio	es
modillón	es
modio	es
modismo	es
modista	es
modistilla	es
modisto	es
modo	es
modorra	es
modorrar	es
modorrillo	es
modosidad	es
modoso	es
modrego	es
modulación	es
modulador	es
modular	es
moduloso	es
modélico	es
moer	es
mofa	es
mofador	es
mofadura	es
mofar	es
mofeta	es
moflear	es
moflete	es
mofletudo	es
moflir	es
mogataz	es
mogate	es
mogato	es
mogol	es
mogollón	es
mogote	es
mogrollo	es
moguda	es
moguer	es
mogán	es
mogólico	es
mohada	es
mohamed	es
moharra	es
moharrache	es
moharracho	es
mohatra	es
mohatrar	es
mohatrero	es
mohecer	es
moheda	es
mohedal	es
moheño	es
mohindad	es
moho	es
mohoso	es
mohína	es
mohíno	es
moisés	es
mojada	es
mojadamente	es
mojado	es
mojador	es
mojadura	es
mojama	es
mojar	es
mojarra	es
mojarrilla	es
moje	es
mojel	es
mojera	es
mojete	es
mojiganga	es
mojigatez	es
mojigato	es
mojina	es
mojinete	es
mojo	es
mojonar	es
mojonera	es
mojonero	es
mojí	es
mojón	es
mol	es
molar	es
moldar	es
moldavia	es
moldavo	es
molde	es
moldeable	es
moldeado	es
moldeador	es
moldeamiento	es
moldear	es
moldeo	es
moldura	es
moldurar	es
mole	es
molecular	es
moledero	es
moledor	es
moledura	es
molendero	es
moler	es
molero	es
molestador	es
molestamente	es
molestar	es
molestia	es
molesto	es
moleta	es
molibdeno	es
molicie	es
molido	es
molienda	es
moliente	es
molificar	es
molificativo	es
molimiento	es
molina	es
molinada	es
molinar	es
molinera	es
molinero	es
molinete	es
molinetear	es
molinismo	es
molinista	es
molino	es
molinos	es
molinosismo	es
molinosista	es
molins	es
molla	es
mollar	es
molle	es
mollear	es
molledo	es
molleja	es
mollejo	es
mollera	es
mollero	es
mollet	es
molleta	es
mollete	es
molletero	es
molletudo	es
mollificar	es
mollina	es
mollinear	es
mollino	es
mollir	es
molliznar	es
molliznear	es
molondra	es
molondro	es
moloso	es
molotov	es
molsa	es
molso	es
molturar	es
molusco	es
molécula	es
molón	es
momear	es
momentito	es
momento	es
momentáneamente	es
momentáneo	es
momero	es
momia	es
momificar	es
momio	es
momo	es
momperada	es
mona	es
monacal	es
monacato	es
monacillo	es
monacordio	es
monada	es
monadelfos	es
monago	es
monamente	es
monaquismo	es
monarca	es
monarquismo	es
monarquía	es
monasterial	es
monasterio	es
moncada	es
monda	es
mondaderas	es
mondadientes	es
mondador	es
mondadura	es
mondaorejas	es
mondapozos	es
mondar	es
mondarajas	es
mondejo	es
mondo	es
mondonga	es
mondongo	es
mondonguero	es
mondragón	es
monear	es
moneda	es
monedado	es
monedaje	es
monedar	es
monedear	es
monedero	es
monegasco	es
monería	es
monesco	es
monetario	es
monetizar	es
monfortino	es
mongo	es
mongol	es
mongolia	es
mongolismo	es
mongoloide	es
mongólico	es
moniato	es
monicaco	es
monición	es
monigote	es
monillo	es
monipodio	es
monismo	es
monista	es
monitor	es
monitoria	es
monitorio	es
monitorización	es
monitorizar	es
monja	es
monje	es
monjil	es
monjita	es
mono	es
monocasco	es
monoceronte	es
monocerote	es
monoclonal	es
monocloroacético	es
monocordio	es
monocotiledóneas	es
monocotiledóneo	es
monocromo	es
monocromático	es
monocular	es
monocultivo	es
monodia	es
monofilo	es
monofisismo	es
monofisita	es
monogamia	es
monogenismo	es
monogenista	es
monografista	es
monografía	es
monograma	es
monográfico	es
monoico	es
monolingüe	es
monolito	es
monologar	es
monolítico	es
monomaniaco	es
monomanía	es
monomaquia	es
monometalismo	es
monometalista	es
monomiario	es
monomio	es
monona	es
monoparental	es
monopastos	es
monopatín	es
monoplano	es
monopolio	es
monopolista	es
monopolizador	es
monopolizar	es
monoptongar	es
monopólico	es
monorquidia	es
monorrimo	es
monosabio	es
monosacárido	es
monosilábico	es
monospastos	es
monospermo	es
monosílabo	es
monote	es
monotelismo	es
monotelita	es
monoteísmo	es
monoteísta	es
monotipia	es
monotipo	es
monotonía	es
monotrema	es
monotípico	es
monovalente	es
monovero	es
monovolumen	es
mons	es
monserga	es
monseñor	es
monstruo	es
monstruosamente	es
monstruosidad	es
monstruoso	es
monta	es
montacargas	es
montada	es
montadero	es
montado	es
montador	es
montadura	es
montanear	es
montanera	es
montanero	es
montanismo	es
montanista	es
montano	es
montante	es
montantear	es
montantero	es
montar	es
montaraz	es
montaraza	es
montazgar	es
montaña	es
montañero	es
montañismo	es
montañoso	es
montañés	es
monte	es
montea	es
monteador	es
montear	es
monteleva	es
montenegrino	es
montenegro	es
montera	es
monterero	es
monterilla	es
montero	es
monterrey	es
montes	es
montesco	es
montesino	es
montevideano	es
montilla	es
montillano	es
montonera	es
montonero	es
montoso	es
montserrat	es
montuno	es
montuosidad	es
montuoso	es
montura	es
montés	es
montículo	es
montón	es
monuelo	es
monumental	es
monumentalizar	es
monumento	es
monárquico	es
monástico	es
monóculo	es
monógamo	es
monólogo	es
monótono	es
monóxido	es
moquear	es
moquero	es
moqueta	es
moquete	es
moquetear	es
moquita	es
moquitear	es
mor	es
morabetino	es
morabito	es
morabuto	es
moracho	es
morada	es
morado	es
morador	es
moradura	es
moradux	es
moraga	es
morago	es
moral	es
moraleja	es
moralidad	es
moralina	es
moralista	es
moralizador	es
moralizante	es
moralizar	es
moralmente	es
moranza	es
morapio	es
morar	es
moratiniano	es
morato	es
moratoria	es
moratón	es
moravo	es
morbidez	es
morbilidad	es
morbo	es
morbosidad	es
morboso	es
morca	es
morcacho	es
morcajo	es
morcar	es
morceguila	es
morcella	es
morceña	es
morciguillo	es
morcilla	es
morcillero	es
morcillo	es
morcuero	es
morcón	es
mordacidad	es
mordante	es
mordaz	es
mordaza	es
mordazmente	es
mordedor	es
mordedura	es
mordente	es
morder	es
mordicante	es
mordicar	es
mordicativo	es
mordida	es
mordido	es
mordiente	es
mordimiento	es
mordiscar	es
mordisco	es
mordisquear	es
moreda	es
moreliano	es
morellano	es
morena	es
morenero	es
morenillo	es
morenito	es
moreno	es
morera	es
moreral	es
moretón	es
morfa	es
morfea	es
morfema	es
morfina	es
morfinismo	es
morfo	es
morfofonológico	es
morfología	es
morfológicamente	es
morfológico	es
morga	es
morgue	es
moribundo	es
moriche	es
moriego	es
morigerado	es
morigerar	es
morilla	es
morillero	es
morillo	es
moringa	es
moriondo	es
morir	es
morisco	es
morisma	es
morisqueta	es
morito	es
morlaco	es
morlés	es
mormonismo	es
mormullar	es
mormón	es
moro	es
morocada	es
morocho	es
morojo	es
moroncho	es
morondanga	es
morondo	es
morosa	es
morosamente	es
morosidad	es
moroso	es
morquera	es
morra	es
morrada	es
morral	es
morralla	es
morrazo	es
morrear	es
morrena	es
morreo	es
morreras	es
morrión	es
morro	es
morrocota	es
morrocotudo	es
morrocoyo	es
morroncho	es
morronga	es
morrongo	es
morrudo	es
morrón	es
morsa	es
morsana	es
morse	es
mortadela	es
mortaja	es
mortajar	es
mortal	es
mortaldad	es
mortalidad	es
mortalmente	es
mortandad	es
mortecino	es
mortera	es
morterada	es
morterete	es
mortero	es
morteruelo	es
mortificación	es
mortificador	es
mortificante	es
mortificar	es
mortiguar	es
mortinato	es
mortuorio	es
mortífero	es
morucho	es
morueco	es
moruno	es
moruro	es
morusa	es
morácea	es
moráceo	es
morón	es
mosaico	es
mosca	es
moscabado	es
moscada	es
moscar	es
moscarda	es
moscardear	es
moscardón	es
moscareta	es
moscatel	es
moscella	es
mosco	es
moscona	es
mosconear	es
moscovita	es
moscón	es
mosolina	es
mosqueado	es
mosqueador	es
mosquear	es
mosquero	es
mosquerola	es
mosqueruela	es
mosqueta	es
mosquete	es
mosqueteril	es
mosquetero	es
mosquil	es
mosquino	es
mosquita	es
mosquitera	es
mosquitero	es
mosquito	es
mostacera	es
mostacero	es
mostacho	es
mostachoso	es
mostachón	es
mostajo	es
mostaza	es
mostazal	es
moste	es
mostear	es
mostela	es
mostelera	es
mostellar	es
mostense	es
mosto	es
mostrable	es
mostrador	es
mostrar	es
mostrativa	es
mostrativo	es
mostrenco	es
mota	es
motacila	es
mote	es
motear	es
motejar	es
motel	es
motero	es
motete	es
motil	es
motilar	es
motilidad	es
motivación	es
motivador	es
motivar	es
motivo	es
moto	es
motocicleta	es
motociclismo	es
motociclista	es
motolita	es
motolito	es
motonave	es
motonería	es
motor	es
motorismo	es
motorista	es
motorización	es
motorizar	es
motosierra	es
motricidad	es
motril	es
motriz	es
motín	es
motón	es
movedizo	es
movedor	es
movedura	es
mover	es
movible	es
movido	es
moviente	es
movilidad	es
movilización	es
movilizar	es
movimiento	es
moxa	es
moxte	es
moyana	es
moyo	es
moyuelo	es
moza	es
mozalbete	es
mozalbillo	es
mozambique	es
mozambiqueño	es
mozcorra	es
mozilla	es
mozo	es
mozuelo	es
mozárabe	es
moña	es
moño	es
moñudo	es
ms	es
mtro	es
mu	es
muaré	es
muceta	es
muchachada	es
muchachear	es
muchachez	es
muchachil	es
muchacho	es
muchamiel	es
muchedumbre	es
muchiguar	es
mucho	es
muchísimo	es
mucilaginoso	es
mucilago	es
mucosa	es
mucosidad	es
mucoso	es
mucronato	es
mucílago	es
muda	es
mudable	es
mudadizo	es
mudanza	es
mudar	es
mudo	es
mudéjar	es
mue	es
mueblar	es
mueble	es
mueblería	es
muebles	es
mueblista	es
mueca	es
muela	es
muelar	es
muelle	es
muellemente	es
muer	es
muera	es
muerdisorbe	es
muergo	es
muermo	es
muermoso	es
muerta	es
muerte	es
muerto	es
muesca	es
muescar	es
mueso	es
muestra	es
muestrario	es
muestreo	es
mufla	es
muflir	es
muga	es
mugar	es
mugido	es
mugidor	es
mugir	es
mugor	es
mugre	es
mugriento	es
mugroso	es
mugrón	es
muguet	es
muguete	es
muharra	es
muir	es
muisca	es
mujada	es
mujalata	es
mujer	es
mujercilla	es
mujeriego	es
mujeril	es
mujerona	es
mujerzuela	es
mula	es
mulada	es
muladar	es
mular	es
mulata	es
mulatero	es
mulatizar	es
mulato	es
mulero	es
muleta	es
muletada	es
muletero	es
muletillero	es
muleto	es
muletón	es
mullicar	es
mullido	es
mullidor	es
mullir	es
mulo	es
mulso	es
multa	es
multar	es
multicaule	es
multicine	es
multicolor	es
multicopiar	es
multicopista	es
multicultural	es
multiculturalidad	es
multiculturalismo	es
multidisciplinar	es
multidisciplinario	es
multiescala	es
multifloro	es
multiforme	es
multilateral	es
multilingüe	es
multimedia	es
multimillonario	es
multinacional	es
multiplataforma	es
multiplicación	es
multiplicador	es
multiplicando	es
multiplicar	es
multiplicativo	es
multiplicidad	es
multipolar	es
multipropiedad	es
multitarea	es
multitud	es
multitudinario	es
multiuso	es
multímetro	es
multípara	es
mundanal	es
mundanalidad	es
mundanear	es
mundano	es
mundial	es
mundialista	es
mundialmente	es
mundicia	es
mundificar	es
mundificativo	es
mundinovi	es
mundo	es
mundonuevo	es
mundos	es
municionamiento	es
municionar	es
municipal	es
municipalidad	es
municipalizar	es
municipio	es
munición	es
munificencia	es
munitoria	es
muon	es
muquir	es
mur	es
muradal	es
murajes	es
mural	es
muralla	es
murallón	es
murar	es
murceguillo	es
murceo	es
murcia	es
murciano	es
murciar	es
murcielaguina	es
murcigallero	es
murciglero	es
murciégalo	es
murciélago	es
murena	es
murga	es
murguista	es
murgular	es
muria	es
muriacita	es
muriato	es
muriático	es
murmujear	es
murmullar	es
murmullo	es
murmuración	es
murmurador	es
murmurar	es
murmurear	es
murmureo	es
murmurio	es
muro	es
murta	es
murtal	es
murtina	es
murueco	es
mus	es
musa	es
musar	es
musca	es
muscaria	es
musco	es
muscular	es
musculatura	es
musculoso	es
muselina	es
museo	es
muserola	es
musgo	es
musgoso	es
musical	es
musicalidad	es
musicalización	es
musicalmente	es
musicastro	es
musicología	es
musicólogo	es
musiquero	es
musir	es
musitar	es
musivo	es
muslamen	es
muslim	es
muslime	es
muslo	es
musquerola	es
mustaco	es
mustela	es
mustiamente	es
mustiar	es
mustio	es
mustélido	es
musulmán	es
musácea	es
musáceo	es
muta	es
mutabilidad	es
mutable	es
mutación	es
mutante	es
mutar	es
mutilación	es
mutilado	es
mutilador	es
mutilar	es
mutis	es
mutismo	es
mutua	es
mutual	es
mutualidad	es
mutualismo	es
mutualista	es
mutuamente	es
mutuante	es
mutuario	es
mutuatario	es
mutuo	es
muy	es
muérdago	es
muérgano	es
muñeca	es
muñeco	es
muñequear	es
muñequero	es
muñidor	es
muñir	es
muñoz	es
muñón	es
muón	es
myanmar	es
mácula	es
mágicamente	es
mágico	es
mágnum	es
málaga	es
mánager	es
máquina	es
mármol	es
márquez	es
márraga	es
mártir	es
más	es
máscara	es
másico	es
mástel	es
máster	es
mástil	es
máuser	es
máx	es
máxima	es
máximamente	es
máxime	es
máximo	es
máximum	es
médicamente	es
médico	es
médium	es
médula	es
ménade	es
méndez	es
ménsula	es
mérida	es
méritamente	es
mérito	es
método	es
métrica	es
métrico	es
méxico	es
mí	es
mía	es
mímesis	es
mímica	es
mímico	es
mín	es
mínimamente	es
mínimo	es
mío	es
míriam	es
míseramente	es
mísero	es
míster	es
mística	es
místicamente	es
místico	es
mítico	es
mítines	es
módem	es
módico	es
módulo	es
mónaco	es
mónica	es
mórbido	es
móstoles	es
móvil	es
múes	es
mújol	es
múleo	es
múltipla	es
múltiple	es
múltiplo	es
múrice	es
músculo	es
música	es
músico	es
naba	es
nabab	es
nababo	es
nababs	es
nabal	es
nabar	es
nabateo	es
nabato	es
nabina	es
nabiza	es
nabla	es
nabo	es
nacarada	es
nacarado	es
nacarino	es
nacedero	es
nacela	es
nacencia	es
nacer	es
nacho	es
nacianceno	es
nacido	es
naciente	es
nacimiento	es
nacional	es
nacionalidad	es
nacionalismo	es
nacionalista	es
nacionalización	es
nacionalizar	es
nacionalmente	es
nacionalsocialismo	es
nacionalsocialista	es
nación	es
nacre	es
nacrita	es
nada	es
nadadera	es
nadadero	es
nadador	es
nadar	es
nadería	es
nadie	es
nadilla	es
nadir	es
nafrar	es
nafta	es
naftaleno	es
naftalina	es
nagua	es
naguatlato	es
nahua	es
naife	es
nailon	es
naipe	es
naipera	es
naipesco	es
naire	es
naja	es
najerano	es
najerino	es
nalga	es
nalgada	es
nalgar	es
nalgatorio	es
nalgudo	es
nalguear	es
namibia	es
namibio	es
namorar	es
nana	es
nanear	es
nanita	es
nanoindentación	es
nanomaterial	es
nanométrico	es
nanotecnología	es
nansa	es
nantar	es
nanómetro	es
nao	es
naonato	es
napa	es
napea	es
napelo	es
napeo	es
napias	es
napoleón	es
napoleónico	es
napolitano	es
naque	es
naranja	es
naranjada	es
naranjado	es
naranjal	es
naranjero	es
naranjilla	es
naranjo	es
narbonense	es
narbonés	es
narcisismo	es
narcisista	es
narciso	es
narcisísticamente	es
narcolepsia	es
narcosis	es
narcotina	es
narcotismo	es
narcotizador	es
narcotizar	es
narcotraficante	es
narcotráfico	es
narcótico	es
nardino	es
nardo	es
nares	es
narguile	es
narigudo	es
nariguera	es
narigueta	es
narigueto	es
nariguilla	es
narigón	es
nariz	es
narizotas	es
narizón	es
narra	es
narración	es
narrador	es
narrar	es
narrativa	es
narrativo	es
narratorio	es
narria	es
narval	es
narvaso	es
narón	es
nasa	es
nasal	es
nasalidad	es
nasalizar	es
nasardo	es
nascer	es
naso	es
nastuerzo	es
nasudo	es
nata	es
natación	es
natal	es
natalia	es
natalicio	es
natalidad	es
natatorio	es
natillas	es
natividad	es
nativo	es
nato	es
natrón	es
natura	es
natural	es
naturaleza	es
naturalidad	es
naturalismo	es
naturalista	es
naturalización	es
naturalizar	es
naturalmente	es
naturismo	es
naturista	es
naturopatía	es
naturópata	es
naufragar	es
naufragio	es
naumaquia	es
nauru	es
nauruano	es
nauseabundo	es
nausear	es
nauseativo	es
nauseoso	es
nauta	es
nautilo	es
navacero	es
navaja	es
navajada	es
navajear	es
navajeo	es
navajero	es
navajo	es
navajón	es
naval	es
navalcarnero	es
navalmente	es
navanco	es
navarca	es
navarra	es
navarrisco	es
navarro	es
navarroaragonés	es
navazo	es
nave	es
navegabilidad	es
navegable	es
navegación	es
navegador	es
navegante	es
navegar	es
naveta	es
navicular	es
naviculario	es
navidad	es
navideño	es
naviero	es
navío	es
nayuribe	es
nazareno	es
nazareo	es
nazarita	es
nazarí	es
nazaríes	es
nazi	es
nazismo	es
ne	es
nea	es
neandertal	es
nearca	es
nebladura	es
neblina	es
neblinosamente	es
neblinoso	es
neblí	es
nebular	es
nebulizar	es
nebulosa	es
nebulosamente	es
nebulosidad	es
nebuloso	es
necear	es
necedad	es
necesaria	es
necesariamente	es
necesario	es
neceser	es
necesidad	es
necesitado	es
necesitar	es
neciamente	es
necio	es
necrofilia	es
necrología	es
necrológico	es
necromancia	es
necropsia	es
necroscopia	es
necrosis	es
necróforo	es
necrópolis	es
nectarina	es
nectarino	es
nectario	es
nectáreo	es
neerlandés	es
nefandario	es
nefando	es
nefariamente	es
nefastamente	es
nefasto	es
nefelismo	es
nefritis	es
nefrítico	es
negable	es
negacionismo	es
negacionista	es
negación	es
negada	es
negadamente	es
negado	es
negador	es
negamiento	es
negar	es
negativa	es
negativamente	es
negativo	es
negligencia	es
negligente	es
negligentemente	es
negociación	es
negociado	es
negociador	es
negociante	es
negociar	es
negocio	es
negocioso	es
negozuelo	es
negra	es
negral	es
negramente	es
negrear	es
negrecer	es
negregar	es
negreguear	es
negregura	es
negrero	es
negrestino	es
negreta	es
negrete	es
negrillera	es
negrillo	es
negrito	es
negrizco	es
negro	es
negroide	es
negror	es
negrota	es
negrura	es
negruzco	es
neguilla	es
negundo	es
negus	es
neis	es
neja	es
nejayote	es
neldo	es
nelumbio	es
nelumbo	es
nema	es
nematelminto	es
nematodo	es
nembrar	es
nemeo	es
nemoroso	es
nemotecnia	es
nen	es
nene	es
nenia	es
nenúfar	es
neo	es
neobarroco	es
neocatolicismo	es
neocatólico	es
neoclasicismo	es
neoclásico	es
neodimio	es
neogranadino	es
neoguineano	es
neogótico	es
neolatino	es
neologismo	es
neolítico	es
neomenia	es
neonatal	es
neonatología	es
neoplasia	es
neoplatonicismo	es
neoplatonismo	es
neoplatónico	es
neoplásico	es
neopositivismo	es
neopreno	es
neorama	es
neoyorquino	es
neozelandés	es
nepal	es
nepalés	es
nepalí	es
nepente	es
neperiano	es
nepote	es
nepotismo	es
neptuniano	es
neptunio	es
neptunismo	es
neptunista	es
neptúnico	es
nequicia	es
nereida	es
nerita	es
nerja	es
neroniano	es
nervadura	es
nervezuelo	es
nerviar	es
nervino	es
nervio	es
nerviosamente	es
nerviosidad	es
nerviosismo	es
nervioso	es
nervosidad	es
nervoso	es
nervudo	es
nervura	es
nerón	es
nesciencia	es
nesgar	es
nestorianismo	es
nestoriano	es
netamente	es
netezuelo	es
neto	es
neuma	es
neumococo	es
neumoconiosis	es
neumonitis	es
neumonía	es
neumático	es
neuquino	es
neural	es
neuralgia	es
neurastenia	es
neurisma	es
neurita	es
neuritis	es
neuroanatomista	es
neuroanatomía	es
neurociencia	es
neurocirugía	es
neurocirujano	es
neuroendocrino	es
neuroepitelio	es
neuroesqueleto	es
neuroglia	es
neurología	es
neurológico	es
neuroma	es
neurona	es
neuronal	es
neurosis	es
neurotransmisor	es
neurovegetativo	es
neurálgico	es
neurólogo	es
neuróptero	es
neurótico	es
neutral	es
neutralidad	es
neutralizador	es
neutralizar	es
neutrino	es
neutro	es
neutrón	es
nevada	es
nevado	es
nevar	es
nevasca	es
nevatilla	es
nevazo	es
nevera	es
nevereta	es
nevero	es
nevis	es
neviscar	es
nevoso	es
newton	es
newtoniana	es
newtons	es
nexo	es
neófito	es
neón	es
ni	es
nial	es
niara	es
niazo	es
nicaragua	es
nicaragüense	es
niceno	es
nicho	es
nicle	es
nicociana	es
nicolás	es
nicomediense	es
nicotina	es
nicotinismo	es
nicotismo	es
nictitante	es
nidada	es
nidal	es
nidificar	es
nidio	es
nido	es
nidrio	es
niebla	es
niego	es
nielar	es
nietastro	es
nieto	es
nietzsche	es
nieve	es
nif	es
nigeria	es
nigeriano	es
nigerino	es
nigola	es
nigromancia	es
nigromante	es
nigua	es
nihilismo	es
nihilista	es
nimbar	es
nimiamente	es
nimiedad	es
nimio	es
nin	es
ninfa	es
ninfea	es
ninfeácea	es
ninfeáceo	es
ninfo	es
ninguna	es
ningunear	es
ninguno	es
ningún	es
ninivita	es
ninja	es
niobio	es
nioto	es
nipa	es
niquelado	es
niquelador	es
niquelar	es
niquelina	es
niquiscocio	es
nirvana	es
nis	es
nispolero	es
nitidez	es
nito	es
nitración	es
nitrado	es
nitrar	es
nitrato	es
nitrito	es
nitro	es
nitrobencina	es
nitrocelulosa	es
nitrogenado	es
nitroglicerina	es
nitrosidad	es
nitroso	es
nitrógeno	es
niue	es
nivel	es
nivelación	es
nivelador	es
nivelar	es
niña	es
niñato	es
niñear	es
niñera	es
niñero	es
niño	es
no	es
nobel	es
nobiliario	es
noble	es
noblecer	es
noblemente	es
nobleza	es
noblote	es
noca	es
noceda	es
nocente	es
noche	es
nochebuena	es
nochevieja	es
nochizo	es
nocible	es
nocional	es
nocir	es
nocividad	es
nocivo	es
noción	es
nocla	es
noctambular	es
noctambulismo	es
noctiluca	es
nocturnal	es
nocturnamente	es
nocturnidad	es
nocturnino	es
nocturno	es
noctámbulamente	es
noctámbulo	es
nodal	es
nodo	es
nodriza	es
nodular	es
nodátil	es
noelia	es
noes	es
nogada	es
nogal	es
nogalina	es
noguera	es
noguerado	es
nogueral	es
nogueruela	es
noma	es
nomadismo	es
nombrada	es
nombradamente	es
nombrado	es
nombradía	es
nombramiento	es
nombrar	es
nombre	es
nomenclador	es
nomenclatura	es
nomenclátor	es
nomeolvides	es
nominación	es
nominador	es
nominal	es
nominalismo	es
nominalista	es
nominalizar	es
nominalmente	es
nominar	es
nominativa	es
nominativo	es
nominilla	es
nomo	es
nomon	es
non	es
nona	es
nonada	es
nonagenario	es
nonagesimoctavo	es
nonagesimocuarto	es
nonagesimonono	es
nonagesimonoveno	es
nonagesimoprimero	es
nonagesimoquinto	es
nonagesimosegundo	es
nonagesimosexto	es
nonagesimoséptimo	es
nonagesimotercero	es
nonagonal	es
nonagésimo	es
nonato	es
nones	es
noningentésimo	es
nonio	es
nonius	es
nono	es
nonágono	es
noosfera	es
nopal	es
noquear	es
noray	es
norcoreano	es
nordeste	es
nordestear	es
noreste	es
norfolk	es
noria	es
norma	es
normal	es
normalidad	es
normalista	es
normalizar	es
normalmente	es
normando	es
normano	es
normativa	es
normativo	es
nornordeste	es
nornoroeste	es
nornorueste	es
noroccidental	es
noroccidente	es
noroeste	es
noroestear	es
nororiental	es
nortada	es
norte	es
norteafricano	es
norteamericano	es
norteamérica	es
nortear	es
norteño	es
noruega	es
noruego	es
norueste	es
noruestear	es
nos	es
nosocomio	es
nosogenia	es
nosología	es
nosotras	es
nosotros	es
nostalgia	es
nosticismo	es
nostras	es
nostálgico	es
nota	es
notabilidad	es
notable	es
notablemente	es
notación	es
notar	es
notariado	es
notarial	es
notariato	es
notario	es
notaría	es
noticia	es
noticiar	es
noticiario	es
noticiero	es
noticioso	es
notificación	es
notificar	es
notificativo	es
noto	es
notocordio	es
notoriamente	es
notoriedad	es
notorio	es
notro	es
noval	es
novar	es
novatada	es
novato	es
novecientas	es
novecientos	es
novedad	es
novedoso	es
novel	es
novela	es
novelar	es
novelda	es
novelero	es
novelescamente	es
novelesco	es
novelista	es
novelizar	es
novena	es
novenario	es
noveno	es
noventa	es
noventavo	es
noviazgo	es
noviciado	es
novicio	es
noviciote	es
noviembre	es
novilla	es
novillada	es
novillero	es
novillo	es
novilunio	es
novio	es
novísimo	es
noxa	es
noúmeno	es
nro	es
ntra	es
nubarrón	es
nube	es
nubiense	es
nubilidad	es
nubiloso	es
nubio	es
nublado	es
nublar	es
nublo	es
nubloso	es
nubosidad	es
nuboso	es
nuca	es
nucir	es
nuclear	es
nuclearmente	es
nucleico	es
nucleido	es
nucleón	es
nucleótido	es
nudismo	es
nudo	es
nudos	es
nudosidad	es
nudoso	es
nudrir	es
nuececilla	es
nuecero	es
nuera	es
nuestro	es
nueva	es
nuevamente	es
nueve	es
nuevo	es
nuez	es
nulamente	es
nulidad	es
nullius	es
nulo	es
numantino	es
numen	es
numerable	es
numeración	es
numerador	es
numeradora	es
numeral	es
numerar	es
numeraria	es
numerario	es
numerosamente	es
numeroso	es
numismática	es
numismático	es
numo	es
numular	es
numularia	es
numulario	es
numulita	es
numulites	es
numéricamente	es
numérico	es
nunca	es
nunciatura	es
nuncio	es
nuncupativo	es
nuncupatorio	es
nupcial	es
nupcias	es
nuria	es
nutra	es
nutria	es
nutricio	es
nutricional	es
nutricionista	es
nutrición	es
nutrido	es
nutriente	es
nutrimento	es
nutrimiento	es
nutrir	es
nutritivo	es
nutriz	es
nuégado	es
nácar	es
náhuatl	es
náufrago	es
náusea	es
náutica	es
náutico	es
náyade	es
nébeda	es
nécora	es
néctar	es
némesis	es
nía	es
nícol	es
níger	es
níjar	es
níquel	es
níspero	es
níspola	es
nítidamente	es
nítido	es
nítrico	es
níveo	es
nódulo	es
nómada	es
nómina	es
nórdico	es
núbil	es
núcleo	es
núm	es
número	es
núñez	es
o	es
oasis	es
ob	es
obcecación	es
obcecar	es
obedecedor	es
obedecer	es
obedecimiento	es
obediencia	es
obediente	es
obedientemente	es
obelisco	es
obencadura	es
obenque	es
obertura	es
obesidad	es
obeso	es
obispal	es
obispar	es
obispo	es
obituario	es
objeción	es
objecto	es
objetante	es
objetar	es
objetivamente	es
objetivar	es
objetividad	es
objetivo	es
objeto	es
objetor	es
oblación	es
oblada	es
oblata	es
oblativo	es
oblato	es
oblea	es
oblicuamente	es
oblicuar	es
oblicuidad	es
oblicuo	es
oblicuángulo	es
obligacionista	es
obligación	es
obligadamente	es
obligado	es
obligar	es
obligatoriamente	es
obligatoriedad	es
obligatorio	es
obliterante	es
obliterar	es
oblongada	es
oblongo	es
obnoxio	es
obnubilar	es
oboe	es
oboísta	es
obra	es
obrada	es
obrador	es
obradura	es
obraje	es
obrajero	es
obrante	es
obrar	es
obrerismo	es
obrerista	es
obrero	es
obrón	es
obscenamente	es
obscenidad	es
obsceno	es
obscuramente	es
obscurantismo	es
obscurantista	es
obscurecer	es
obscurecimiento	es
obscuridad	es
obscuro	es
obsecuencia	es
obsecuente	es
obsequiador	es
obsequiante	es
obsequiar	es
obsequio	es
obsequiosamente	es
obsequiosidad	es
obsequioso	es
observable	es
observacional	es
observación	es
observador	es
observancia	es
observante	es
observar	es
observatorio	es
obsesionante	es
obsesionar	es
obsesivo	es
obsesión	es
obseso	es
obsidiana	es
obsidional	es
obsolescencia	es
obsolescente	es
obsoleto	es
obsta	es
obstaba	es
obstaban	es
obstaculización	es
obstaculizar	es
obstada	es
obstadas	es
obstado	es
obstados	es
obstan	es
obstando	es
obstante	es
obstar	es
obstara	es
obstaran	es
obstare	es
obstaren	es
obstaron	es
obstará	es
obstarán	es
obstaría	es
obstarían	es
obstase	es
obstasen	es
obste	es
obsten	es
obstetra	es
obstetricia	es
obstinación	es
obstinadamente	es
obstinado	es
obstinar	es
obstruccionismo	es
obstruccionista	es
obstrucción	es
obstructor	es
obstruir	es
obstáculo	es
obstétrico	es
obstó	es
obtemperar	es
obtención	es
obtener	es
obturación	es
obturador	es
obturar	es
obtuso	es
obtusángulo	es
obtén	es
obusera	es
obvención	es
obviamente	es
obviar	es
obvio	es
obyecto	es
obús	es
oc	es
oca	es
ocal	es
ocalear	es
ocarina	es
ocasionada	es
ocasionado	es
ocasionador	es
ocasional	es
ocasionalmente	es
ocasionar	es
ocasión	es
ocaso	es
occidental	es
occidente	es
occipital	es
occipucio	es
occiso	es
occitano	es
oceanografía	es
oceanía	es
ocelado	es
ocelo	es
ocelote	es
ocena	es
oceánico	es
ochavar	es
ochavo	es
ochenta	es
ochentavo	es
ocho	es
ochocientas	es
ochocientos	es
ociar	es
ocio	es
ociosamente	es
ociosidad	es
ocioso	es
ocle	es
oclocracia	es
ocluir	es
oclusivo	es
oclusión	es
ocluso	es
ocre	es
ocráceo	es
octacordio	es
octaedro	es
octagonal	es
octano	es
octante	es
octavar	es
octavario	es
octaviano	es
octavilla	es
octavo	es
octeto	es
octingentésimo	es
octocoralario	es
octogenario	es
octogesimoctavo	es
octogesimocuarto	es
octogesimonono	es
octogesimonoveno	es
octogesimoprimero	es
octogesimoquinto	es
octogesimosegundo	es
octogesimosexto	es
octogesimoséptimo	es
octogesimotercero	es
octogonal	es
octogésimo	es
octosílabo	es
octubre	es
octágono	es
octógono	es
octópodo	es
ocular	es
ocularmente	es
oculista	es
ocultación	es
ocultador	es
ocultamente	es
ocultar	es
ocultismo	es
ocultista	es
oculto	es
ocupacional	es
ocupación	es
ocupada	es
ocupador	es
ocupadísimo	es
ocupante	es
ocupar	es
ocurrencia	es
ocurrente	es
ocurrido	es
ocurrir	es
océano	es
oda	es
odalisca	es
odeón	es
odiadme	es
odiadnos	es
odiar	es
odio	es
odiosamente	es
odioso	es
odisea	es
odontalgia	es
odontología	es
odorífero	es
odre	es
odón	es
oes	es
oeste	es
ofendedor	es
ofender	es
ofendido	es
ofensa	es
ofensar	es
ofensiva	es
ofensivamente	es
ofensivo	es
ofensor	es
oferente	es
oferta	es
ofertante	es
ofertar	es
ofertorio	es
oficial	es
oficiala	es
oficialidad	es
oficializar	es
oficialmente	es
oficiante	es
oficiar	es
oficina	es
oficinista	es
oficio	es
oficionario	es
oficiosa	es
oficiosamente	es
oficiosidad	es
oficioso	es
ofidio	es
ofimática	es
ofita	es
ofrecedor	es
ofrecer	es
ofrecimiento	es
ofrenda	es
ofrendar	es
oftalmia	es
oftalmología	es
oftalmológico	es
oftalmoscopia	es
oftalmoscopio	es
oftalmoscopía	es
oftalmía	es
oftalmólogo	es
ofuscación	es
ofuscador	es
ofuscamiento	es
ofuscar	es
ogro	es
oh	es
ohm	es
ohmio	es
oidor	es
ojal	es
ojaladera	es
ojalador	es
ojaladura	es
ojalar	es
ojalá	es
ojanco	es
ojar	es
ojaranzo	es
ojeador	es
ojear	es
ojeo	es
ojera	es
ojeriza	es
ojeroso	es
ojerudo	es
ojete	es
ojeteado	es
ojetear	es
ojialegre	es
ojimoreno	es
ojinegro	es
ojiva	es
ojival	es
ojizaino	es
ojizarco	es
ojo	es
ojoso	es
ojota	es
okupa	es
okupar	es
ola	es
olambre	es
olambrilla	es
ole	es
oleado	es
oleaginosidad	es
oleaginoso	es
oleaje	es
olear	es
oleario	es
oleastro	es
oleaza	es
oledero	es
oledla	es
oledlas	es
oledlo	es
oledlos	es
oledor	es
oleico	es
oleiros	es
oleoducto	es
oleorresina	es
oleos	es
oleosidad	es
oleoso	es
oler	es
olerla	es
olerlas	es
olerle	es
olerles	es
olerlo	es
olerlos	es
olerme	es
olernos	es
oleros	es
olerse	es
olerte	es
olesa	es
oleácea	es
oleáceo	es
olfatear	es
olfativamente	es
olfativo	es
olfato	es
olfatorio	es
olga	es
oliente	es
olifante	es
oligarca	es
oligarquía	es
oligisto	es
oligoceno	es
oligoelemento	es
oligopólico	es
oligárquico	es
olimpiada	es
olimpíada	es
olio	es
oliscar	es
olismear	es
olisquear	es
oliva	es
olivar	es
olivarda	es
olivarero	es
olivastro	es
olivera	es
olivero	es
olivicultor	es
olivicultura	es
olivino	es
olivo	es
olivoso	es
olivífero	es
oliéndola	es
oliéndolas	es
oliéndole	es
oliéndoles	es
oliéndolo	es
oliéndolos	es
oliéndome	es
oliéndomela	es
oliéndomelas	es
oliéndomelo	es
oliéndomelos	es
oliéndonos	es
oliéndonosla	es
oliéndonoslas	es
oliéndonoslo	es
oliéndonoslos	es
oliéndoos	es
oliéndoosla	es
oliéndooslas	es
oliéndooslo	es
oliéndooslos	es
oliéndose	es
oliéndosela	es
oliéndoselas	es
oliéndoselo	es
oliéndoselos	es
oliéndote	es
oliéndotela	es
oliéndotelas	es
oliéndotelo	es
oliéndotelos	es
olla	es
ollado	es
ollao	es
ollar	es
ollera	es
ollero	es
olmeca	es
olmeda	es
olmedo	es
olmo	es
olor	es
olorizar	es
oloroso	es
olot	es
olvidadizo	es
olvidado	es
olvidanza	es
olvidar	es
olvido	es
olámonos	es
olé	es
olérmela	es
olérmelas	es
olérmelo	es
olérmelos	es
olérnosla	es
olérnoslas	es
olérnoslo	es
olérnoslos	es
olérosla	es
oléroslas	es
oléroslo	es
oléroslos	es
olérsela	es
olérselas	es
olérselo	es
olérselos	es
olértela	es
olértelas	es
olértelo	es
olértelos	es
olíbano	es
olímpicamente	es
olímpico	es
ológrafo	es
omagua	es
omanés	es
omaní	es
ombligada	es
ombligo	es
ombliguero	es
ombú	es
omega	es
omento	es
omero	es
omeya	es
ominar	es
ominoso	es
omisión	es
omiso	es
omitir	es
ommiada	es
omnidireccional	es
omnipotencia	es
omnipotente	es
omnipotentemente	es
omnipresencia	es
omnipresente	es
omnisciencia	es
omnisciente	es
omniscio	es
omnímodo	es
omán	es
omóplato	es
onagro	es
onanismo	es
onanista	es
once	es
oncear	es
onceavo	es
oncejo	es
onda	es
onde	es
ondeado	es
ondeante	es
ondear	es
ondina	es
ondisonante	es
ondoso	es
ondrar	es
ondulación	es
ondulado	es
ondulante	es
ondular	es
ondulatorio	es
onecer	es
oneroso	es
ong	es
oniquina	es
oniromancia	es
onomatopeya	es
onomatopéyico	es
onomástica	es
onomástico	es
onoquiles	es
onteniente	es
ontologismo	es
ontología	es
ontológico	es
onu	es
onubense	es
onza	es
onírico	es
op	es
opa	es
opacamente	es
opacidad	es
opaco	es
opalescencia	es
opalescente	es
opalino	es
opalizar	es
opcional	es
opcionalmente	es
opción	es
operable	es
operacional	es
operación	es
operador	es
operante	es
operar	es
operario	es
operativa	es
operativamente	es
operatividad	es
operativo	es
operatorio	es
opereta	es
operista	es
opilación	es
opilar	es
opinable	es
opinante	es
opinar	es
opinión	es
opio	es
opioide	es
opobálsamo	es
oponente	es
oponer	es
oportuna	es
oportunamente	es
oportunidad	es
oportunismo	es
oportunista	es
oportuno	es
oposicionista	es
oposición	es
opositar	es
opositor	es
opoterapia	es
opresar	es
opresivamente	es
opresivo	es
opresión	es
opresor	es
oprimido	es
oprimir	es
oprobiar	es
oprobio	es
oprobioso	es
optar	es
optativo	es
optimar	es
optimate	es
optimismo	es
optimista	es
optimizar	es
opuestamente	es
opuesto	es
opugnar	es
opulencia	es
opulentamente	es
opulento	es
opuncia	es
opus	es
opérculo	es
opíparo	es
opón	es
opúsculo	es
oque	es
oquedad	es
oqueruela	es
ora	es
oracional	es
oración	es
orador	es
oral	es
oralmente	es
orangista	es
orangután	es
orante	es
orar	es
orario	es
orate	es
oratoria	es
oratoriamente	es
oratoriano	es
oratorio	es
orbe	es
orbicular	es
orbital	es
orbitante	es
orbitar	es
orbitario	es
orca	es
orcheliano	es
orco	es
ordalía	es
orden	es
ordenación	es
ordenada	es
ordenadamente	es
ordenado	es
ordenador	es
ordenamiento	es
ordenancista	es
ordenando	es
ordenante	es
ordenanza	es
ordenar	es
ordeñador	es
ordeñar	es
ordeño	es
ordinal	es
ordinar	es
ordinaria	es
ordinariamente	es
ordinariez	es
ordinario	es
ordinativo	es
ordovícico	es
orea	es
orear	es
oreja	es
orejear	es
orejera	es
orejudo	es
orejuela	es
orejón	es
orensano	es
orense	es
oreoselino	es
orfanato	es
orfandad	es
orfebre	es
orfebrería	es
orfeonista	es
orfeón	es
orfo	es
orfre	es
organdí	es
organero	es
organicismo	es
organicista	es
organigrama	es
organillero	es
organillo	es
organismo	es
organista	es
organizacional	es
organización	es
organizadamente	es
organizado	es
organizador	es
organizar	es
organizativo	es
organogenia	es
organza	es
orgasmo	es
orgiástico	es
orgullecer	es
orgullo	es
orgullosamente	es
orgulloso	es
orgánica	es
orgánicamente	es
orgánico	es
orgánulo	es
orgásmicamente	es
orgásmico	es
orgía	es
oribe	es
orientable	es
orientación	es
orientador	es
oriental	es
orientalismo	es
orientalista	es
orientar	es
orientativo	es
oriente	es
orificar	es
orificio	es
oriflama	es
origen	es
origenismo	es
origenista	es
originador	es
original	es
originalidad	es
originalmente	es
originar	es
originariamente	es
originario	es
orihuela	es
orilla	es
orillar	es
orillero	es
orina	es
orinal	es
orinar	es
orinecer	es
orinque	es
oriundez	es
oriundo	es
orive	es
orla	es
orladura	es
orlar	es
orleanista	es
ormino	es
ornamentación	es
ornamental	es
ornamentar	es
ornamento	es
ornar	es
ornato	es
ornear	es
ornitodelfo	es
ornitología	es
ornitorrinco	es
ornitólogo	es
oro	es
orobanca	es
orobias	es
orogenia	es
orografía	es
orográfico	es
orogénesis	es
orondo	es
oropel	es
oropelero	es
oropimente	es
orotava	es
orozuz	es
orquesta	es
orquestal	es
orquestar	es
orquestina	es
orquidácea	es
orquidáceo	es
orquitis	es
orquídea	es
orquídeo	es
ortega	es
ortiga	es
ortigal	es
ortiz	es
orto	es
ortodoncia	es
ortodoxia	es
ortodoxo	es
ortodromia	es
ortofonía	es
ortogonal	es
ortogonio	es
ortografía	es
ortográfico	es
ortopedia	es
ortopedista	es
ortopédico	es
ortosa	es
ortotipografía	es
ortotipográfico	es
ortógrafo	es
ortóptero	es
oruga	es
orujo	es
orvalla	es
orvallaba	es
orvallaban	es
orvallada	es
orvalladas	es
orvallado	es
orvallados	es
orvallan	es
orvallando	es
orvallar	es
orvallara	es
orvallaran	es
orvallare	es
orvallaren	es
orvallaron	es
orvallarse	es
orvallará	es
orvallarán	es
orvallaría	es
orvallarían	es
orvallase	es
orvallasen	es
orvalle	es
orvallen	es
orvalló	es
orzaga	es
orzar	es
orzuelo	es
oráculo	es
orégano	es
orí	es
orífice	es
orín	es
orónimo	es
os	es
osa	es
osadamente	es
osado	es
osadía	es
osambre	es
osamenta	es
osar	es
osario	es
oscar	es
oscense	es
oscilación	es
oscilador	es
oscilante	es
oscilar	es
oscilatorio	es
osciloscopio	es
oscitancia	es
osco	es
osculatriz	es
oscuramente	es
oscurantismo	es
oscurantista	es
oscurecer	es
oscurecimiento	es
oscuridad	es
oscuro	es
osear	es
osera	es
osero	es
osezno	es
osezuelo	es
osificar	es
osmazomo	es
osmio	es
osmótico	es
oso	es
ostaga	es
ostensible	es
ostensiblemente	es
ostensivo	es
ostentación	es
ostentador	es
ostentar	es
ostentativo	es
ostentatoriamente	es
ostentosamente	es
ostentoso	es
osteoma	es
osteomalacia	es
osteomielitis	es
ostia	es
ostiario	es
ostra	es
ostracismo	es
ostras	es
ostricultura	es
ostro	es
ostrogodo	es
ostrón	es
ostugo	es
osudo	es
osuno	es
otar	es
oteador	es
otear	es
otero	es
otilar	es
otitis	es
oto	es
otoba	es
otomana	es
otomano	es
otorgador	es
otorgamiento	es
otorgante	es
otorgar	es
otorrea	es
otoscopia	es
otoscopio	es
otoñal	es
otoñar	es
otoño	es
otro	es
otrora	es
ourense	es
ovacionar	es
ovación	es
oval	es
ovalado	es
ovalar	es
ovante	es
ovar	es
ovario	es
oveja	es
ovejero	es
ovejuno	es
overo	es
ovetense	es
ovidiano	es
oviducto	es
oviedo	es
ovillar	es
ovillejo	es
ovillo	es
ovino	es
oviscapto	es
ovni	es
ovoide	es
ovoideo	es
ovovivíparo	es
ovulación	es
ovular	es
ovárico	es
ovíparo	es
oxalato	es
oxear	es
oxiacanta	es
oxidable	es
oxidación	es
oxidante	es
oxidar	es
oxidrilo	es
oxigenación	es
oxigenado	es
oxigenar	es
oxigonio	es
oxiuro	es
oxizacre	es
oxoniense	es
oxte	es
oxálico	es
oxígeno	es
oxímoron	es
oxímoros	es
oyente	es
ozona	es
ozono	es
oída	es
oídio	es
oídla	es
oídlas	es
oídle	es
oídles	es
oídlo	es
oídlos	es
oídme	es
oídnos	es
oído	es
oíl	es
oír	es
pabellón	es
pabilo	es
pablo	es
paca	es
pacana	es
pacato	es
pacay	es
paccionar	es
pacense	es
pacer	es
pacheco	es
pacho	es
pachorra	es
pachucho	es
pachón	es
paciencia	es
paciente	es
pacientemente	es
pacienzudo	es
pacificación	es
pacificador	es
pacificar	es
pacifismo	es
pacifista	es
pacotilla	es
pacotillero	es
pactar	es
pacto	es
pacáis	es
pacíficamente	es
pacífico	es
padecer	es
padecimiento	es
padilla	es
padrastro	es
padre	es
padrear	es
padrenuestro	es
padrina	es
padrinazgo	es
padrino	es
padrón	es
paella	es
paf	es
pafio	es
paga	es
pagable	es
pagada	es
pagadero	es
pagado	es
pagador	es
paganismo	es
paganizar	es
pagano	es
pagar	es
pagaré	es
pagaya	es
pagel	es
paginar	es
pago	es
pagoda	es
pagro	es
paico	es
paila	es
pailebot	es
pailebote	es
paipay	es
paiporta	es
paipáis	es
pairar	es
paisaje	es
paisajismo	es
paisajista	es
paisajístico	es
paisana	es
paisanaje	es
paisano	es
paisista	es
paja	es
pajar	es
pajarear	es
pajarera	es
pajarero	es
pajarería	es
pajarilla	es
pajarita	es
pajarito	es
pajarota	es
pajarraco	es
pajaza	es
paje	es
pajear	es
pajel	es
pajera	es
pajero	es
pajizo	es
pajo	es
pajolero	es
pajoso	es
pajuela	es
pajuz	es
pajuzo	es
pakistaní	es
pakistaníes	es
pakistán	es
pal	es
pala	es
palabra	es
palabreja	es
palabreo	es
palabrero	es
palabrimujer	es
palabrista	es
palabrita	es
palabrota	es
palacete	es
palaciego	es
palacio	es
palacios	es
palada	es
paladar	es
paladear	es
paladinamente	es
paladino	es
paladio	es
paladión	es
palado	es
paladín	es
palafito	es
palafrenero	es
palafrugell	es
palafrén	es
palahierro	es
palamallo	es
palamenta	es
palanca	es
palancada	es
palancana	es
palangana	es
palanganero	es
palangre	es
palangrero	es
palanquear	es
palanquero	es
palanqueta	es
palanquilla	es
palanquín	es
palaos	es
palasan	es
palastro	es
palatal	es
palatalizar	es
palatinado	es
palatino	es
palau	es
palauano	es
palco	es
paleador	es
paleal	es
palear	es
palencia	es
palenque	es
palentino	es
paleográfico	es
paleolítico	es
paleontología	es
paleontológico	es
paleontólogo	es
paleoterio	es
paleozoico	es
palera	es
palero	es
palestina	es
palestino	es
palestra	es
paleta	es
paletada	es
paletear	es
paletero	es
paleto	es
paletón	es
palhuén	es
palia	es
paliar	es
paliativo	es
paliatorio	es
palidecer	es
palidez	es
paliducho	es
palier	es
palillero	es
palimpsesto	es
palingenesia	es
palinodia	es
palio	es
palique	es
paliquear	es
palisandro	es
palitoque	es
palitroque	es
paliza	es
palizada	es
pallar	es
pallete	es
palma	es
palmada	es
palmar	es
palmariamente	es
palmario	es
palmarés	es
palmas	es
palmatoria	es
palmeado	es
palmear	es
palmejar	es
palmenta	es
palmentero	es
palmera	es
palmeral	es
palmero	es
palmesano	es
palmeta	es
palmetazo	es
palmiche	es
palmitieso	es
palmito	es
palmo	es
palmotear	es
palmácea	es
palmáceo	es
palmípedo	es
palo	es
paloma	es
palomadura	es
palomar	es
palomariega	es
palomear	es
palomera	es
palomero	es
palometa	es
palomina	es
palomino	es
palomita	es
palomo	es
palotada	es
palote	es
palotear	es
palpable	es
palpablemente	es
palpación	es
palpadura	es
palpamiento	es
palpar	es
palpitación	es
palpitante	es
palpitar	es
palpo	es
paludamento	es
paludismo	es
palumbario	es
palurdo	es
palustre	es
palé	es
palúdico	es
pamela	es
pamema	es
pampa	es
pampanada	es
pampanaje	es
pampanilla	es
pampeano	es
pampero	es
pampino	es
pampirolada	es
pamplina	es
pamplona	es
pamporcino	es
pampringada	es
pan	es
pana	es
panacea	es
panada	es
panadear	es
panadero	es
panadería	es
panadizo	es
panado	es
panadés	es
panal	es
panamericanismo	es
panamericanista	es
panamericano	es
panameño	es
panamá	es
panamás	es
panarizo	es
panatela	es
panatier	es
panca	es
pancada	es
pancarpia	es
pancarta	es
pancera	es
panceta	es
pancho	es
pancilla	es
panco	es
pancraciasta	es
pancracio	es
pancreático	es
panda	es
pandar	es
pandear	es
pandemia	es
pandemónium	es
pandeo	es
pandera	es
panderada	es
pandereta	es
panderete	es
panderetear	es
panderetero	es
pandero	es
pandillaje	es
pandillero	es
pando	es
pandorga	es
pandémicamente	es
panecillo	es
panegirista	es
panegirizar	es
panegírico	es
panel	es
panela	es
panera	es
panero	es
panes	es
paneslavismo	es
paneslavista	es
panetela	es
panetero	es
panetería	es
panetone	es
panetón	es
paneuropeo	es
panfilismo	es
panfleto	es
pangermanismo	es
pangermanista	es
panhispánico	es
paniaguado	es
panicular	es
paniego	es
panificable	es
panificar	es
paniguado	es
panique	es
panislamismo	es
panizo	es
pano	es
panocha	es
panocho	es
panoja	es
panoli	es
panonio	es
panoplia	es
panorama	es
panorámica	es
panorámico	es
panoso	es
pansa	es
pansido	es
panspermia	es
pantalla	es
pantallazo	es
pantalonero	es
pantalón	es
pantano	es
pantanoso	es
pantera	es
panteísmo	es
panteísta	es
panteón	es
pantomima	es
pantomimo	es
pantoque	es
pantorra	es
pantorrillera	es
pantufla	es
pantuflo	es
pantómetra	es
panza	es
panzada	es
panzudo	es
panícula	es
panículo	es
panóptico	es
papa	es
papable	es
papada	es
papado	es
papafigo	es
papagaya	es
papagayo	es
papahuevos	es
papal	es
papalina	es
papalino	es
papamoscas	es
papanatas	es
papar	es
paparote	es
paparrabias	es
paparrasolla	es
paparrucha	es
papatoste	es
papaverina	es
papaverácea	es
papaveráceo	es
papaya	es
papayo	es
papear	es
papel	es
papelear	es
papeleo	es
papelero	es
papelería	es
papeleta	es
papeletear	es
papeletizar	es
papelina	es
papelista	es
papelonado	es
papelonear	es
papelorio	es
papelote	es
papelucho	es
papelón	es
papera	es
papero	es
papialbillo	es
papiamento	es
papila	es
papilar	es
papilionácea	es
papilionáceo	es
papillote	es
papiloma	es
papiro	es
papiroflexia	es
papirote	es
papismo	es
papista	es
papo	es
paporrear	es
papuano	es
papujado	es
papá	es
papás	es
papú	es
papúa	es
paquear	es
paquebot	es
paquebote	es
paquete	es
paquetero	es
paquetería	es
paquidermia	es
paquidermo	es
paquidérmico	es
paquistaní	es
paquistaníes	es
par	es
para	es
parabién	es
parabolano	es
parabolizar	es
paraboloide	es
parabrisas	es
parabólico	es
paracaidismo	es
paracaidista	es
paracaídas	es
paracentesis	es
paracetamol	es
parachoques	es
paracleto	es
paracronismo	es
paracuellos	es
parada	es
paradero	es
paradigma	es
paradigmático	es
paradina	es
paradislero	es
paradisíaco	es
parado	es
paradoja	es
paradojo	es
parador	es
paradójicamente	es
paradójico	es
paradón	es
parafernales	es
parafernalia	es
parafina	es
parafraseador	es
parafrasear	es
paragonar	es
paraguas	es
paraguay	es
paraguaya	es
paraguayo	es
paraguáis	es
paragón	es
parahusar	es
parahúso	es
paraje	es
parajismo	es
paralaje	es
paralela	es
paralelamente	es
paralelar	es
paralelepípedo	es
paralelismo	es
paralelo	es
paralelogramo	es
paralimpiada	es
paralimpíada	es
paraliticar	es
paralización	es
paralizador	es
paralizante	es
paralizar	es
paralogizar	es
paraláctico	es
paralímpico	es
paralítico	es
paramagnético	es
paramentar	es
paramento	es
parametrizar	es
paramilitar	es
paramétrico	es
parancero	es
parangona	es
parangonar	es
parangonizar	es
parangón	es
paraninfo	es
paranoia	es
paranoico	es
paranoide	es
paranomasia	es
paranormal	es
paranza	es
paranínfico	es
parapetar	es
parapeto	es
parapoco	es
parapsicología	es
parar	es
pararrayo	es
paraselene	es
parasemo	es
parasimpático	es
parasismo	es
parasitar	es
parasitaria	es
parasitario	es
parasitismo	es
parasol	es
parata	es
parazonio	es
paraíso	es
parca	es
parcamente	es
parce	es
parcela	es
parcelación	es
parcelar	es
parcelario	es
parchar	es
parche	es
parchear	es
parchís	es
parcial	es
parcialidad	es
parcializar	es
parcialmente	es
parcionero	es
parcir	es
parco	es
parda	es
pardal	es
pardear	es
pardiez	es
pardillo	es
pardina	es
pardisco	es
pardo	es
pardomonte	es
pardusco	es
parduzco	es
pareado	es
parear	es
parecencia	es
parecer	es
parecido	es
pared	es
paredón	es
pareja	es
parejo	es
parejura	es
parella	es
paremiológico	es
parenquimatoso	es
parental	es
parentela	es
parentesco	es
parergon	es
pares	es
paresa	es
paresia	es
parestesia	es
pargo	es
parhelia	es
parhelio	es
parhilera	es
paria	es
parias	es
parida	es
paridad	es
paridera	es
pariente	es
parietal	es
parietaria	es
parificar	es
parihuela	es
pario	es
parir	es
parisiense	es
parisino	es
paritario	es
paritorio	es
parla	es
parlador	es
parlaembalde	es
parlamentar	es
parlamentaria	es
parlamentariamente	es
parlamentario	es
parlamentarismo	es
parlamento	es
parlante	es
parlar	es
parlatorio	es
parlero	es
parlotear	es
parloteo	es
parmesano	es
parnasiano	es
parnaso	es
paro	es
parodia	es
parodiador	es
parodiar	es
parodista	es
parola	es
parolina	es
paronimia	es
paronomasia	es
paros	es
paroxismo	es
parpadeante	es
parpadear	es
parpadeo	es
parpar	es
parque	es
parquedad	es
parqué	es
parra	es
parrafada	es
parrafear	es
parral	es
parranda	es
parrandear	es
parrandero	es
parrandista	es
parrar	es
parras	es
parresia	es
parricida	es
parricidio	es
parrocha	es
parroquia	es
parroquial	es
parroquiano	es
parsimonia	es
parsimonioso	es
parta	es
parte	es
partear	es
parteluz	es
partero	es
parterre	es
partesana	es
partible	es
particionar	es
particionero	es
participación	es
participante	es
participar	es
participativo	es
participio	es
partición	es
particular	es
particularidad	es
particularismo	es
particularista	es
particularizar	es
particularmente	es
partida	es
partidario	es
partidismo	es
partidista	es
partido	es
partidor	es
partidura	es
partil	es
partimiento	es
partiquino	es
partir	es
partisanamente	es
partisano	es
partitivo	es
partitura	es
parto	es
parturienta	es
partícipe	es
partícula	es
parva	es
parvada	es
parvedad	es
parvero	es
parvificar	es
parvificencia	es
parvo	es
parvulario	es
parvulez	es
parvífico	es
parábola	es
paráclito	es
paráfrasis	es
parágrafo	es
parálisis	es
parámetro	es
parásito	es
parénquima	es
paréntesis	es
parérgones	es
parón	es
parónimo	es
pasa	es
pasacaballo	es
pasacalle	es
pasada	es
pasadera	es
pasaderamente	es
pasadero	es
pasadillo	es
pasadizo	es
pasado	es
pasador	es
pasadura	es
pasajeramente	es
pasajero	es
pasajuego	es
pasamanar	es
pasamanero	es
pasamanería	es
pasamano	es
pasamontañas	es
pasante	es
pasantía	es
pasaportar	es
pasaporte	es
pasar	es
pasarela	es
pasatiempo	es
pasavante	es
pasavolante	es
pascal	es
pascasio	es
pascua	es
pascual	es
pascuero	es
pascuilla	es
pase	es
paseadero	es
paseador	es
paseante	es
pasear	es
paseata	es
paseo	es
paseriforme	es
pasibilidad	es
pasible	es
pasicorto	es
pasiego	es
pasiflora	es
pasiflorácea	es
pasifloráceo	es
pasillo	es
pasional	es
pasionaria	es
pasionario	es
pasionera	es
pasionero	es
pasionista	es
pasitamente	es
pasito	es
pasitrote	es
pasiva	es
pasivamente	es
pasividad	es
pasivo	es
pasión	es
pasma	es
pasmado	es
pasmar	es
pasmarota	es
pasmarotada	es
pasmarote	es
pasmo	es
pasmosamente	es
pasmoso	es
paso	es
pasodoble	es
pasquinar	es
pasquín	es
pasta	es
pastadero	es
pastaflora	es
pastar	es
pastear	es
pastel	es
pastelear	es
pastelero	es
pastelería	es
pastelista	es
pastelón	es
pasterizar	es
pastero	es
pasteurizar	es
pastillero	es
pastinaca	es
pastizal	es
pasto	es
pastoforio	es
pastor	es
pastoral	es
pastoralmente	es
pastorear	es
pastoril	es
pastorilmente	es
pastosidad	es
pastoso	es
pastraña	es
pastura	es
pasturaje	es
pasturar	es
pastón	es
pat	es
pata	es
pataca	es
patache	es
pataco	es
patacón	es
patada	es
patagua	es
patalear	es
pataleo	es
pataleta	es
patas	es
patata	es
patatal	es
patatar	es
patatero	es
patatús	es
pateadura	es
pateamiento	es
patear	es
patena	es
patentar	es
patente	es
patentemente	es
patentizar	es
patera	es
paterna	es
paternal	es
paternalista	es
paternalmente	es
paternidad	es
paterno	es
paternóster	es
patero	es
pateta	es
patetismo	es
patialbillo	es
patialbo	es
patiblanco	es
patibulario	es
paticojo	es
patidifuso	es
patiestevado	es
patilla	es
patilludo	es
patinadero	es
patinador	es
patinaje	es
patinar	es
patinete	es
patinillo	es
patio	es
patiquebrar	es
patitas	es
patitieso	es
patituerto	es
patizambo	es
pato	es
patochada	es
patogenia	es
patografía	es
patojo	es
patología	es
patológicamente	es
patológico	es
patoso	es
patraña	es
patria	es
patriarca	es
patriarcado	es
patriarcal	es
patriciado	es
patricio	es
patrimonial	es
patrimonialidad	es
patrimonio	es
patrio	es
patriota	es
patrioterismo	es
patriotero	es
patriotismo	es
patriótico	es
patrocinado	es
patrocinador	es
patrocinante	es
patrocinar	es
patrocinio	es
patronal	es
patronato	es
patronazgo	es
patronear	es
patronero	es
patrono	es
patrullar	es
patrullero	es
patrón	es
patuco	es
patudo	es
patulea	es
patullar	es
patán	es
paté	es
patéticamente	es
patético	es
patíbulo	es
patín	es
patógeno	es
paular	es
paulatinamente	es
paulatino	es
pauliana	es
paulilla	es
paulinia	es
paulonia	es
pauperismo	es
paupérrimo	es
pausa	es
pausadamente	es
pausado	es
pausar	es
pauta	es
pautado	es
pautar	es
pava	es
pavada	es
pavana	es
pavero	es
pavesa	es
pavesada	es
pavesina	es
pavezno	es
paviano	es
pavimentación	es
pavimentar	es
pavimento	es
paviota	es
pavipollo	es
pavitonto	es
pavo	es
pavonador	es
pavonar	es
pavonear	es
pavor	es
pavordear	es
pavorida	es
pavorido	es
pavorosamente	es
pavoroso	es
pavura	es
pavés	es
pavía	es
pavón	es
payasada	es
payaso	es
payo	es
paz	es
pazguato	es
pazo	es
pazote	es
país	es
países	es
pañal	es
pañero	es
pañete	es
paño	es
pañol	es
pañuelo	es
paúl	es
pbro	es
pdta	es
pdte	es
pe	es
pea	es
peaje	es
peajero	es
peal	es
peana	es
peatonal	es
peatonalizar	es
peatón	es
pebete	es
pebetero	es
pebrada	es
pebre	es
peca	es
pecable	es
pecado	es
pecador	es
pecaminoso	es
pecante	es
pecar	es
pecblenda	es
pecera	es
pecero	es
pechar	es
pechear	es
pechelingue	es
pechero	es
pechiblanco	es
pechicolorado	es
pechigonga	es
pechina	es
pechirrojo	es
pechisacado	es
pecho	es
pechuga	es
pechuguera	es
pecina	es
pecinoso	es
pecio	es
peciolado	es
peciolo	es
pecorear	es
pecoso	es
pectar	es
pectina	es
pectiniforme	es
pectoral	es
pecuario	es
peculiar	es
peculiaridad	es
peculiarmente	es
peculio	es
pecunia	es
pecuniariamente	es
pecuniario	es
pecíolo	es
pedagogo	es
pedagogía	es
pedagógico	es
pedal	es
pedalear	es
pedaliácea	es
pedaliáceo	es
pedante	es
pedantear	es
pedantería	es
pedantescamente	es
pedantesco	es
pedantismo	es
pedanía	es
pedazo	es
pederasta	es
pederastia	es
pedernal	es
pedernalino	es
pedestal	es
pedestre	es
pedestrismo	es
pediatra	es
pediatría	es
pedicelo	es
pediculado	es
pedicular	es
pediculosis	es
pedicuro	es
pedido	es
pedidor	es
pedidura	es
pedigüeño	es
pediluvio	es
pedimento	es
pedir	es
pediátrico	es
pedo	es
pedofilia	es
pedorrear	es
pedorrero	es
pedorreta	es
pedorro	es
pedrada	es
pedrea	es
pedregal	es
pedregoso	es
pedrejón	es
pedrera	es
pedreral	es
pedrero	es
pedrezuela	es
pedrisca	es
pedriscal	es
pedrisco	es
pedrisquero	es
pedriza	es
pedrizo	es
pedro	es
pedroche	es
pedrojiménez	es
pedrusco	es
pedrés	es
pedunculado	es
pedáneo	es
pedúnculo	es
peer	es
pega	es
pegada	es
pegadillo	es
pegadizo	es
pegado	es
pegador	es
pegadura	es
pegajosidad	es
pegajoso	es
pegamento	es
pegamiento	es
pegar	es
pegaseo	es
pegata	es
pegatina	es
pegmatita	es
pego	es
pegote	es
pegotear	es
peguero	es
pegujal	es
peguntar	es
pehuenche	es
peina	es
peinado	es
peinador	es
peinadura	es
peinar	es
peine	es
peinero	es
peines	es
peineta	es
peinetero	es
peje	es
pejegallo	es
pejemuller	es
pejepalo	es
pejesapo	es
pejiguera	es
pejino	es
pela	es
pelada	es
peladillo	es
pelado	es
pelador	es
peladura	es
pelagatos	es
pelagiana	es
pelagianismo	es
pelagiano	es
pelagoscopio	es
pelagra	es
pelagroso	es
pelaire	es
pelambrar	es
pelambrera	es
pelambrero	es
pelamen	es
pelandusca	es
pelar	es
pelargonio	es
pelasgo	es
pelaza	es
peldaño	es
pelea	es
peleador	es
pelear	es
pelecaniforme	es
pelechar	es
pelecho	es
pelele	es
pelendengue	es
pelete	es
peletero	es
peletería	es
peleón	es
pelgar	es
peliagudo	es
peliblanco	es
peliblando	es
pelicorto	es
pelicular	es
peliculón	es
peliforra	es
peligrar	es
peligro	es
peligrosamente	es
peligrosidad	es
peligroso	es
pelinegro	es
pelirrojo	es
pelirrubio	es
pelis	es
pelitieso	es
pella	es
pellada	es
pelleja	es
pellejero	es
pellejina	es
pellejo	es
pellejudo	es
pelleta	es
pelletero	es
pellica	es
pellico	es
pellijero	es
pelliquero	es
pelliza	es
pellizcador	es
pellizcar	es
pellizco	es
pello	es
pellote	es
pellón	es
pelma	es
pelmazo	es
pelo	es
peloponense	es
peloponesio	es
pelos	es
pelosa	es
pelosilla	es
peloso	es
pelota	es
pelotari	es
pelote	es
pelotear	es
pelotera	es
pelotero	es
pelotilla	es
pelotillero	es
peloto	es
pelotón	es
pelta	es
peltre	es
peltrero	es
peluca	es
peluche	es
pelucona	es
peludo	es
peluquero	es
peluquería	es
pelusa	es
pelvi	es
pelviano	es
pelvis	es
pelásgico	es
pelícano	es
película	es
pelón	es
pena	es
penachera	es
penacho	es
penachudo	es
penadilla	es
penado	es
penador	es
penal	es
penalidad	es
penalista	es
penalización	es
penalizar	es
penalmente	es
penalti	es
penante	es
penar	es
penates	es
penca	es
penco	es
pencudo	es
pendanga	es
pendejo	es
pendencia	es
pendenciar	es
pendenciero	es
pender	es
pendiente	es
pendil	es
pendingue	es
pendolaje	es
pendolario	es
pendolista	es
pendolón	es
pendonear	es
pendoneta	es
pendonista	es
pendrar	es
pendular	es
pendura	es
pendón	es
pene	es
peneca	es
peneque	es
penetrabilidad	es
penetrable	es
penetración	es
penetrador	es
penetrante	es
penetrar	es
penetrativo	es
peniano	es
penibético	es
penicilina	es
peninsular	es
penique	es
penisla	es
penitencia	es
penitencial	es
penitenciar	es
penitenciario	es
penitenciaría	es
penitente	es
penol	es
penosamente	es
penoso	es
pensable	es
pensado	es
pensador	es
pensamiento	es
pensante	es
pensar	es
pensativo	es
penseque	es
pensilvano	es
pensionado	es
pensionar	es
pensionario	es
pensionista	es
pensión	es
pentacordio	es
pentaedro	es
pentagonal	es
pentagrama	es
pentapolitano	es
pentasílabo	es
pentágono	es
pentámero	es
penumbra	es
penumbroso	es
penuria	es
península	es
penúltima	es
penúltimo	es
peonada	es
peonio	es
peonza	es
peonía	es
peor	es
peorar	es
peoría	es
pepa	es
pepe	es
pepinar	es
pepino	es
pepita	es
pepitoria	es
peplo	es
pepona	es
pepsina	es
peptona	es
pequeñez	es
pequeñito	es
pequeño	es
pequeñoburgués	es
pequeñín	es
pequeñísimo	es
pequinés	es
pera	es
peragrar	es
peral	es
peraleda	es
peralejo	es
peraltar	es
perborato	es
perca	es
percal	es
percalina	es
percance	es
percanzar	es
percatar	es
percebe	es
percebimiento	es
percepción	es
perceptibilidad	es
perceptible	es
perceptiblemente	es
perceptivo	es
perceptor	es
percha	es
perchar	es
perchel	es
perchelero	es
perchero	es
percherón	es
perchonar	es
percibir	es
percipiente	es
percloruro	es
percocero	es
percochar	es
percollar	es
percudir	es
percusión	es
percusor	es
percutir	es
percutor	es
perdedor	es
perder	es
perdicera	es
perdición	es
perdida	es
perdidamente	es
perdidizo	es
perdido	es
perdigana	es
perdigar	es
perdigonada	es
perdigonera	es
perdiguero	es
perdigón	es
perdimiento	es
perdiz	es
perdonable	es
perdonador	es
perdonar	es
perdonavidas	es
perdulario	es
perdurable	es
perdurablemente	es
perdurar	es
perdón	es
perecear	es
perecedera	es
perecedero	es
perecer	es
pereciendo	es
perecimiento	es
pereda	es
peregrinación	es
peregrinaje	es
peregrinamente	es
peregrinar	es
peregrinidad	es
peregrino	es
perejil	es
perencejo	es
perendeca	es
perendengue	es
perengano	es
perenne	es
perennemente	es
perennidad	es
perennifolio	es
perennizar	es
perentoriamente	es
perentoriedad	es
perentorio	es
pereta	es
peretero	es
pereza	es
perezosa	es
perezosamente	es
perezoso	es
perfeccionador	es
perfeccionamiento	es
perfeccionar	es
perfección	es
perfecta	es
perfectamente	es
perfectibilidad	es
perfectible	es
perfectivo	es
perfecto	es
perficiente	es
perfidia	es
perfil	es
perfilado	es
perfiladura	es
perfilar	es
perfoliada	es
perfoliata	es
perfolla	es
perforación	es
perforada	es
perforador	es
perforar	es
perfumadero	es
perfumador	es
perfumar	es
perfume	es
perfumear	es
perfumería	es
perfumista	es
pergaminero	es
pergamino	es
pergenio	es
pergeñar	es
pergeño	es
peri	es
periambo	es
periantio	es
perianto	es
pericardio	es
pericarditis	es
pericarpio	es
pericia	es
pericial	es
pericialmente	es
periclitar	es
perico	es
pericote	es
pericón	es
peridoto	es
perieco	es
periferia	es
perifollo	es
perifonear	es
periforme	es
perifrasear	es
periférico	es
perigallo	es
perigeo	es
perigonio	es
perihelio	es
perillo	es
perilustre	es
perimetral	es
perineal	es
perineo	es
perinola	es
perinquina	es
periné	es
periodicidad	es
periodicucho	es
periodismo	es
periodista	es
periodización	es
periodo	es
periodograma	es
periodoncia	es
periodontal	es
periodonto	es
periodístico	es
periostio	es
periostitis	es
peripato	es
peripecia	es
periplo	es
peripuesto	es
periquear	es
periquete	es
periquillo	es
periquito	es
periscopio	es
perisodáctilo	es
perista	es
peristilo	es
peritación	es
peritaje	es
peritar	es
perito	es
peritoneo	es
peritonitis	es
periódicamente	es
periódico	es
perjudicado	es
perjudicador	es
perjudicar	es
perjudicial	es
perjudicialmente	es
perjuicio	es
perjurador	es
perjurar	es
perjurio	es
perla	es
perlar	es
perlero	es
perlesía	es
perlino	es
perlita	es
perlongar	es
permanecer	es
permanencia	es
permanente	es
permanentemente	es
permanganato	es
permeabilidad	es
permeable	es
permear	es
permisible	es
permisivamente	es
permisividad	es
permisivo	es
permisión	es
permiso	es
permisor	es
permitidor	es
permitir	es
permitividad	es
permuta	es
permutabilidad	es
permutable	es
permutar	es
perna	es
pernada	es
pernales	es
pernear	es
pernera	es
pernetas	es
pernezuela	es
perniciosamente	es
pernicioso	es
pernicote	es
pernigón	es
pernil	es
pernio	es
perniquebrar	es
pernituerto	es
perno	es
pernoctar	es
pernotar	es
pero	es
perogrullada	es
perojo	es
perol	es
perola	es
peronismo	es
peronista	es
peroné	es
peroración	es
perorar	es
perorata	es
perpalo	es
perpejana	es
perpendicular	es
perpendicularidad	es
perpendicularmente	es
perpetración	es
perpetrador	es
perpetrar	es
perpetua	es
perpetuación	es
perpetuamente	es
perpetuar	es
perpetuidad	es
perpetuo	es
perplejamente	es
perplejidad	es
perplejo	es
perpunte	es
perquirir	es
perra	es
perrada	es
perrengue	es
perrera	es
perrero	es
perrezno	es
perrillo	es
perrito	es
perro	es
perrona	es
perroquete	es
perruna	es
perrunamente	es
perruno	es
persa	es
persecución	es
persecutorio	es
perseguidor	es
perseguimiento	es
perseguir	es
persevante	es
perseverancia	es
perseverante	es
perseverantemente	es
perseverar	es
persiana	es
persiano	es
persicaria	es
persignar	es
persistencia	es
persistente	es
persistir	es
persona	es
personada	es
personaje	es
personal	es
personalidad	es
personalismo	es
personalización	es
personalizar	es
personalmente	es
personar	es
personera	es
personero	es
personería	es
personificación	es
personificar	es
personudo	es
perspectiva	es
perspectivo	es
perspicacia	es
perspicacidad	es
perspicaz	es
perspicuidad	es
perspicuo	es
persuadidor	es
persuadir	es
persuasible	es
persuasiva	es
persuasivo	es
persuasión	es
persuasor	es
perta	es
pertenecer	es
pertenecido	es
perteneciente	es
pertenencia	es
pertiguero	es
pertinacia	es
pertinaz	es
pertinazmente	es
pertinencia	es
pertinente	es
pertinentemente	es
pertrechar	es
pertrechos	es
perturbable	es
perturbación	es
perturbado	es
perturbador	es
perturbar	es
peruanismo	es
peruano	es
peruviano	es
perversamente	es
perversidad	es
perversión	es
perverso	es
pervertido	es
pervertidor	es
pervertimiento	es
pervertir	es
pervinca	es
pervivencia	es
pervivir	es
pervulgar	es
perífrasis	es
perímetro	es
período	es
peróxido	es
perú	es
pes	es
pesa	es
pesacartas	es
pesada	es
pesadamente	es
pesado	es
pesador	es
pesadumbre	es
pesantez	es
pesar	es
pesario	es
pesaroso	es
pesca	es
pescadero	es
pescadilla	es
pescado	es
pescador	es
pescante	es
pescar	es
pescozada	es
pescozudo	es
pescozón	es
pescudar	es
pescuezo	es
pesebre	es
pesebrejo	es
pesebrera	es
peseta	es
pesetero	es
pesgar	es
pesiar	es
pesillo	es
pesimismo	es
pesimista	es
peso	es
pespuntar	es
pespunte	es
pespuntear	es
pesquera	es
pesquerir	es
pesquero	es
pesquis	es
pesquisa	es
pesquisar	es
pesquisidor	es
pestaña	es
pestañear	es
peste	es
pesticida	es
pestilencia	es
pestilente	es
pestillo	es
pestífero	es
pesuña	es
petaca	es
petalismo	es
petanca	es
petanque	es
petar	es
petardear	es
petardero	es
petardista	es
petardo	es
petate	es
petenera	es
petequia	es
petequial	es
petera	es
peteretes	es
peticano	es
peticionario	es
petición	es
petifoque	es
petigrís	es
petimetre	es
petirrojo	es
petitorio	es
peto	es
petraria	es
petrarquista	es
petrel	es
petrera	es
petrificar	es
petrolear	es
petroleoquímica	es
petroleoquímico	es
petrolero	es
petrolífero	es
petroso	es
petróleo	es
petulancia	es
petulante	es
petulantemente	es
petunia	es
peyorar	es
peyorativo	es
peyote	es
pez	es
pezolada	es
pezonera	es
pezuelo	es
pezuña	es
pezón	es
peña	es
peñascal	es
peñasco	es
peñascoso	es
peñazo	es
peñerar	es
peñón	es
peón	es
pg	es
ph	es
pi	es
piache	es
piador	es
piadosa	es
piadosamente	es
piadoso	es
piafar	es
piais	es
piamadre	es
piamáter	es
pian	es
pianista	es
piano	es
pianoforte	es
pianola	es
piante	es
piar	es
piara	es
piariego	es
piastra	es
pica	es
picacero	es
picacho	es
picada	es
picadero	es
picadillo	es
picado	es
picador	es
picadura	es
picafigo	es
picaflor	es
picagallina	es
picagrega	es
picajoso	es
picamaderos	es
picana	es
picante	es
picantemente	es
picapedrero	es
picapica	es
picapleitos	es
picaporte	es
picaposte	es
picapuerco	es
picar	es
picaraza	es
picardear	es
picardo	es
picaresca	es
picaresco	es
picarizar	es
picaronazo	es
picarote	es
picarrelincho	es
picarro	es
picarón	es
picasent	es
picatoste	es
picazuroba	es
picazón	es
piche	es
pichel	es
pichi	es
pichona	es
pichón	es
pico	es
picola	es
picoleta	es
picolete	es
piconero	es
picor	es
picosa	es
picoso	es
picota	es
picotada	es
picote	es
picotear	es
picotero	es
picrato	es
pictograma	es
pictóricamente	es
pictórico	es
picuda	es
picudo	es
picón	es
pidientero	es
pie	es
piedad	es
piedra	es
pieis	es
piejo	es
piel	es
pielero	es
pielga	es
pienso	es
pierde	es
pierio	es
pierna	es
piernecita	es
pierre	es
pietismo	es
pietista	es
pieza	es
piezgo	es
piezoelectricidad	es
piezoeléctrico	es
pifiar	es
pigargo	es
pigmentación	es
pigmentar	es
pigmentario	es
pigmento	es
pigmeo	es
pignoración	es
pignorar	es
pignoraticio	es
pigricia	es
pihuela	es
pijama	es
pijo	es
pijota	es
pijote	es
pijotero	es
pila	es
pilar	es
pilastra	es
pilastrón	es
pilatero	es
pilates	es
pildorero	es
pileta	es
pillador	es
pillaje	es
pillar	es
pillastre	es
pillear	es
pillo	es
pilonero	es
pilonga	es
pilongo	es
piloso	es
pilotar	es
pilote	es
pilotear	es
piloto	es
pilpil	es
piltra	es
piltraca	es
piltrafa	es
piltro	es
pilón	es
pimentero	es
pimentonero	es
pimentón	es
pimienta	es
pimiento	es
pimpido	es
pimpinela	es
pimplar	es
pimpleo	es
pimpollada	es
pimpollar	es
pimpollear	es
pimpollecer	es
pimpollo	es
pimpolludo	es
pimpones	es
pimpón	es
pin	es
pina	es
pinacoteca	es
pinada	es
pinado	es
pinar	es
pinariego	es
pinastro	es
pinatar	es
pinato	es
pinaza	es
pincarrasca	es
pincarrasco	es
pincel	es
pincelada	es
pincelar	es
pincelero	es
pincerna	es
pinchadiscos	es
pinchadura	es
pinchar	es
pinchazo	es
pinche	es
pincho	es
pinchudo	es
pinciano	es
pindonga	es
pindonguear	es
pineda	es
pingajo	es
pingajoso	es
pinganello	es
pinganillo	es
pinganitos	es
pingar	es
pingorota	es
pingorote	es
pingorotudo	es
pingüe	es
pinito	es
pinjado	es
pinjante	es
pinjar	es
pinna	es
pinnado	es
pinnípedo	es
pino	es
pinocha	es
pinochera	es
pinocho	es
pinole	es
pinrel	es
pinsapar	es
pinsapo	es
pinta	es
pintacilgo	es
pintada	es
pintadera	es
pintadillo	es
pintado	es
pintalabios	es
pintamonas	es
pintar	es
pintarrajar	es
pintarrajear	es
pintarroja	es
pintear	es
pintiparar	es
pinto	es
pintojo	es
pintonear	es
pintor	es
pintoresco	es
pintorrear	es
pintura	es
pinturero	es
pinza	es
pinzar	es
pinzote	es
pinzón	es
pináculo	es
pio	es
piocha	es
piogenia	es
piojento	es
piojera	es
piojo	es
piojoso	es
piojuelo	es
piola	es
piolar	es
pion	es
pionero	es
piopollo	es
piorneda	es
piorno	es
piorrea	es
pipa	es
pipar	es
piperina	es
pipeta	es
pipetear	es
pipiar	es
pipil	es
pipiolo	es
pipirigallo	es
pipirijaina	es
pipiripao	es
pipirrana	es
pipita	es
piporro	es
pipote	es
pipí	es
pique	es
piquera	es
piquero	es
piqueta	es
piquete	es
piquetero	es
piquituerto	es
piragua	es
piragüismo	es
piramidal	es
pirar	es
pirata	es
piratear	es
piratería	es
pirausta	es
piraña	es
pirenaico	es
pirexia	es
piriforme	es
pirineo	es
pirita	es
piritoso	es
pirla	es
pirlitero	es
piro	es
pirobolista	es
piroclasto	es
piroclástico	es
piroelectricidad	es
pirofilacio	es
pirograbado	es
pirogálico	es
pirolusita	es
piromancia	es
piropear	es
piropo	es
pirosfera	es
pirosis	es
pirotecnia	es
pirotécnico	es
piroxena	es
piroxeno	es
piroxilina	es
pirrar	es
pirriquio	es
pirroniano	es
pirronismo	es
pirrónico	es
pirueta	es
piruetear	es
pirulo	es
pirámide	es
pirático	es
pis	es
pisa	es
pisada	es
pisador	es
pisadura	es
pisano	es
pisapapeles	es
pisar	es
pisasfalto	es
pisaverde	es
piscicultor	es
piscicultura	es
piscifactoría	es
pisciforme	es
piscina	es
piscinazo	es
piscis	es
pisco	es
piscolabis	es
piscívoro	es
pisiforme	es
piso	es
pisonear	es
pisotear	es
pisotón	es
pista	es
pistache	es
pistachero	es
pistacho	es
pistadero	es
pistar	es
pistero	es
pistilo	es
pisto	es
pistola	es
pistolera	es
pistolero	es
pistolete	es
pistonudo	es
pistraje	es
pistraque	es
pistura	es
pistón	es
pita	es
pitaco	es
pitada	es
pitagórico	es
pitancero	es
pitanga	es
pitanguero	es
pitanza	es
pitao	es
pitar	es
pitarroso	es
pitcairn	es
pitera	es
pitezna	es
pitido	es
pitillera	es
pitiminí	es
pitio	es
pitiriasis	es
pito	es
pitoche	es
pitoflero	es
pitonisa	es
pitorra	es
pitorrear	es
pitorro	es
pitpit	es
pitpites	es
pitreo	es
pituita	es
pituitario	es
pituitoso	es
pitusa	es
pituso	es
pitágoras	es
pitón	es
piujar	es
piular	es
piulido	es
piune	es
pivotante	es
pivotar	es
pivote	es
pixel	es
piyama	es
pizarra	es
pizarral	es
pizarrero	es
pizarroso	es
pizarrín	es
pizate	es
pizca	es
pizcar	es
pizpereta	es
pizpierno	es
pizpireta	es
pizpita	es
pizpitillo	es
pizza	es
pizzería	es
piélago	es
piélagos	es
piña	es
piñata	es
piñonear	es
piñonero	es
piñuela	es
piñón	es
pión	es
pl	es
placa	es
placabilidad	es
placable	es
placar	es
placarte	es
placativo	es
placear	es
placebo	es
placenta	es
placentario	es
placenteramente	es
placentero	es
placentino	es
placer	es
placero	es
placibilidad	es
placible	es
placidez	es
placiente	es
placimiento	es
plafón	es
plaga	es
plagado	es
plagal	es
plagar	es
plagiar	es
plagiario	es
plaguicida	es
plan	es
plana	es
planada	es
plancha	es
planchador	es
planchar	es
planchazo	es
planchear	es
plancheta	es
planchuela	es
planchón	es
planco	es
plancton	es
planeador	es
planeamiento	es
planear	es
planeta	es
planetaria	es
planetario	es
planetoide	es
planga	es
planicie	es
planificación	es
planificado	es
planificador	es
planificar	es
planilla	es
planisferio	es
plano	es
planta	es
plantación	es
plantado	es
plantador	es
plantaginácea	es
plantagináceo	es
plantaina	es
plantaje	es
plantar	es
plantario	es
planteamiento	es
plantear	es
plantel	es
plantificar	es
plantilla	es
plantillar	es
plantillero	es
plantiniano	es
plantista	es
plantonar	es
plantígrado	es
plantío	es
plantón	es
planudo	es
plaqueta	es
plaquín	es
plasencia	es
plasenciano	es
plasma	es
plasmación	es
plasmador	es
plasmar	es
plasmático	es
plasta	es
plaste	es
plastecer	es
plastia	es
plasticidad	es
plastificar	es
plata	es
plataforma	es
platalea	es
platanal	es
platanar	es
platanero	es
platea	es
plateado	es
plateador	es
plateadura	es
platear	es
platelminto	es
platense	es
plateresco	es
platero	es
platicable	es
platicar	es
platija	es
platina	es
platinar	es
platinista	es
platino	es
platinoide	es
platinotipia	es
platirrinia	es
platirrino	es
plato	es
platonismo	es
platuja	es
plató	es
platón	es
platónico	es
plausibilidad	es
plausible	es
plausiblemente	es
plausivo	es
plauso	es
plaustro	es
plautino	es
playa	es
playero	es
playo	es
plaza	es
plazoleta	es
plañidera	es
plañidero	es
plañido	es
plañir	es
ple	es
pleamar	es
plebe	es
plebeyez	es
plebeyo	es
plebiscitario	es
plebiscito	es
pleca	es
plectognato	es
plectro	es
plegadera	es
plegadizo	es
plegado	es
plegador	es
plegadura	es
plegamiento	es
plegar	es
plegaria	es
pleguete	es
pleistoceno	es
pleita	es
pleiteador	es
pleitear	es
pleitesía	es
pleitista	es
pleito	es
plena	es
plenamar	es
plenamente	es
plenario	es
plenilunio	es
plenipotencia	es
plenipotenciario	es
plenitud	es
pleno	es
pleon	es
pleonasmo	es
plepa	es
plesiosauro	es
pletina	es
pletórico	es
pleura	es
pleural	es
pleuresía	es
pleuritis	es
pleurodinia	es
pleuronecto	es
plexiglás	es
plexo	es
plica	es
pliego	es
pliegue	es
plieguecillo	es
plim	es
plinto	es
plioceno	es
plisar	es
plomada	es
plomar	es
plombagina	es
plomear	es
plomero	es
plomizo	es
plomo	es
plomos	es
plomoso	es
plorar	es
ploteado	es
plotear	es
pluma	es
plumada	es
plumado	es
plumaje	es
plumajear	es
plumajero	es
plumaria	es
plumario	es
plumazo	es
plumbado	es
plumbagina	es
plumear	es
plumero	es
plumier	es
plumista	es
plumoso	es
plumífero	es
plumín	es
plumón	es
plural	es
pluralidad	es
pluralismo	es
pluralista	es
pluralizar	es
pluricelular	es
pluriempleado	es
pluriempleo	es
plus	es
pluscuamperfecto	es
plusmarca	es
plusvalía	es
plutarco	es
plutocracia	es
plutoniano	es
plutonio	es
plutonismo	es
plutonista	es
plutónico	es
pluvial	es
pluviosidad	es
pluvioso	es
pluviómetro	es
plza	es
plácidamente	es
plácido	es
plánctones	es
plántula	es
plástica	es
plástico	es
plátano	es
plática	es
plétora	es
plóter	es
pobeda	es
poblacho	es
poblacional	es
población	es
poblado	es
poblador	es
poblamiento	es
poblano	es
poblar	es
poblazo	es
poblet	es
pobo	es
pobre	es
pobremente	es
pobrero	es
pobrete	es
pobretear	es
pobretería	es
pobreto	es
pobretón	es
pobreza	es
pobrismo	es
pocero	es
pocha	es
pocho	es
pocholo	es
pocilga	es
poción	es
poco	es
poda	es
podadera	es
podador	es
podadura	es
podagra	es
podamos	es
podar	es
poded	es
podemos	es
podenco	es
podenquero	es
poder	es
poderdante	es
poderhabiente	es
poderla	es
poderlas	es
poderle	es
poderles	es
poderlo	es
poderlos	es
poderme	es
podernos	es
poderos	es
poderosamente	es
poderoso	es
poderse	es
poderte	es
poderío	es
podido	es
podio	es
podre	es
podrecer	es
podrecimiento	es
podredumbre	es
podredura	es
podremos	es
podrida	es
podridamente	es
podridas	es
podridero	es
podrido	es
podridos	es
podrigorio	es
podrimiento	es
podrir	es
podrirse	es
podrá	es
podrán	es
podrás	es
podré	es
podréis	es
podría	es
podríais	es
podríamos	es
podrían	es
podrías	es
podáis	es
podía	es
podíais	es
podíamos	es
podían	es
podías	es
podólogo	es
podómetro	es
podón	es
poema	es
poemario	es
poesía	es
poeta	es
poetar	es
poetastro	es
poetisa	es
poetizar	es
poiquilotérmico	es
pol	es
pola	es
polaca	es
polacada	es
polaco	es
polacra	es
polaina	es
polandés	es
polar	es
polaridad	es
polariscopio	es
polarización	es
polarizar	es
polca	es
polcar	es
polea	es
poleame	es
polemarca	es
polemista	es
polemizar	es
polen	es
polenta	es
poleo	es
poliadelfos	es
poliandria	es
poliantea	es
polichinela	es
policial	es
policleto	es
policopia	es
policromar	es
policromía	es
policéntrico	es
policía	es
policíaco	es
polideportivo	es
polidipsia	es
poliedro	es
poliestireno	es
polietileno	es
polifacético	es
polifagia	es
polifarmacia	es
polifonía	es
polifásico	es
polifónico	es
poligamia	es
poligenismo	es
poligenista	es
poliginia	es
poliglota	es
poligonal	es
poligonácea	es
poligonáceo	es
polilla	es
polimatía	es
polimerasa	es
polimerización	es
polimorfismo	es
polimorfo	es
polinesia	es
polinesio	es
polineuritis	es
polinización	es
polinizador	es
polinizar	es
polinomio	es
polinómico	es
polio	es
poliomielitis	es
polipasto	es
polipero	es
polipodio	es
poliptoton	es
polir	es
polis	es
polisacárido	es
polisarcia	es
polisemia	es
polispasto	es
polisémico	es
politeísmo	es
politicastro	es
politiquear	es
politiquería	es
politizar	es
politraumatismo	es
politécnico	es
politólogo	es
poliuretano	es
poliuria	es
polivalente	es
polivalvo	es
polizonte	es
polizón	es
poliédrico	es
poliéster	es
polla	es
pollada	es
pollancona	es
pollancón	es
pollas	es
pollear	es
pollera	es
pollero	es
pollina	es
pollino	es
pollito	es
pollo	es
polluelo	es
polo	es
pololo	es
polonia	es
polonio	es
polonés	es
poltronizar	es
poltrón	es
polución	es
poluta	es
poluto	es
polvareda	es
polvera	es
polvificar	es
polvo	es
polvoraduque	es
polvoreamiento	es
polvorear	es
polvoriento	es
polvorista	es
polvorizar	es
polvoroso	es
polvorín	es
polémica	es
polémico	es
polífago	es
polígala	es
polígamo	es
políglota	es
polígono	es
polígrafo	es
polímero	es
polímetro	es
política	es
políticamente	es
político	es
poma	es
pomada	es
pomar	es
pomarada	es
pomarrosa	es
pomelo	es
pomerano	es
pomo	es
pompa	es
pompear	es
pompeyano	es
pomponear	es
pomposamente	es
pomposidad	es
pomposo	es
pompón	es
pon	es
ponchada	es
ponche	es
ponchera	es
poncho	es
poncidre	es
poncil	es
ponderable	es
ponderación	es
ponderadamente	es
ponderado	es
ponderador	es
ponderal	es
ponderar	es
ponderativo	es
ponderosamente	es
ponderosidad	es
ponderoso	es
ponedero	es
ponedor	es
ponencia	es
ponente	es
ponentino	es
ponentisco	es
poner	es
ponferrada	es
poni	es
ponientada	es
poniente	es
ponimiento	es
ponleví	es
pontana	es
pontazgo	es
pontear	es
pontevedra	es
pontezuela	es
pontezuelo	es
pontificado	es
pontifical	es
pontificalmente	es
pontificar	es
pontificio	es
ponto	es
pontonero	es
pontíficamente	es
pontífice	es
pontín	es
pontón	es
ponzoña	es
ponzoñoso	es
pop	es
popa	es
popamiento	es
popar	es
popel	es
popelina	es
populachero	es
populacho	es
popular	es
popularidad	es
popularizar	es
popularmente	es
populazo	es
populista	es
populoso	es
popurrí	es
poquedad	es
poquito	es
poquísimo	es
por	es
porcal	es
porcel	es
porcelana	es
porcelanita	es
porcentaje	es
porcentual	es
porche	es
porcino	es
porcionero	es
porcionista	es
porcipelo	es
porción	es
porcuno	es
pordiosear	es
pordiosero	es
porexpan	es
porfiadamente	es
porfiado	es
porfiador	es
porfiar	es
porfirizar	es
porfolio	es
porfía	es
porgadero	es
porgar	es
pormenor	es
pormenorizar	es
porno	es
pornografía	es
pornográfico	es
pornógrafo	es
poro	es
porosidad	es
poroso	es
porque	es
porquera	es
porqueriza	es
porquerizo	es
porquero	es
porqueta	es
porquezuela	es
porqué	es
porra	es
porracear	es
porrada	es
porrear	es
porreta	es
porretada	es
porrilla	es
porrillo	es
porrina	es
porrino	es
porro	es
porrudo	es
porrón	es
porta	es
portaalmizcle	es
portaaviones	es
portabandera	es
portabilidad	es
portable	es
portabrocas	es
portacaja	es
portacarabina	es
portacartas	es
portachuelo	es
portada	es
portadera	es
portadilla	es
portado	es
portador	es
portaequipaje	es
portaestandarte	es
portafolio	es
portafusil	es
portaherramientas	es
portal	es
portalada	es
portalero	es
portalibros	es
portalámpara	es
portalón	es
portamantas	es
portamanteo	es
portaminas	es
portamira	es
portamonedas	es
portanario	es
portante	es
portanuevas	es
portaobjeto	es
portapapeles	es
portapaz	es
portapesas	es
portapliegos	es
portaplumas	es
portar	es
portaventanero	es
portaviandas	es
portaviones	es
portavoz	es
portazgar	es
portazgo	es
portazguero	es
portazo	es
portañuela	es
porte	es
porteador	es
portear	es
portegado	es
portento	es
portentosamente	es
portentoso	es
portera	es
porteril	es
portero	es
portería	es
portezuela	es
portezuelo	es
porteño	es
portichuelo	es
portier	es
portilla	es
portillera	es
portillo	es
portuario	es
portuense	es
portugal	es
portugalete	es
portuguesada	es
portuguesismo	es
portugués	es
portulano	es
portátil	es
portón	es
porvenir	es
porvida	es
pos	es
posa	es
posada	es
posaderas	es
posadero	es
posado	es
posante	es
posar	es
posaverga	es
posbélico	es
posca	es
posdata	es
posdiluviano	es
poseedor	es
poseer	es
poseidón	es
posesional	es
posesionar	es
posesionero	es
posesivo	es
posesión	es
poseso	es
posesor	es
posesorio	es
poseída	es
poseído	es
posfecha	es
posfijo	es
posgrado	es
posguerra	es
posibilidad	es
posibilismo	es
posibilitar	es
posible	es
posiblemente	es
posicional	es
posicionamiento	es
posicionar	es
posición	es
positiva	es
positivamente	es
positividad	es
positivismo	es
positivista	es
positivo	es
positura	es
posliminio	es
posma	es
posmeridiano	es
posmodernidad	es
posmoderno	es
poso	es
posoperatorio	es
pospalatal	es
pospelo	es
pospierna	es
posponer	es
pospositivo	es
posprocesamiento	es
posproducción	es
pospuesto	es
pospón	es
posta	es
postal	es
postar	es
postdata	es
postdiluviano	es
postdorsal	es
poste	es
postelero	es
postema	es
postemero	es
postergar	es
posteridad	es
posterior	es
posteriori	es
posterioridad	es
posteriormente	es
posteta	es
postfijo	es
postgrado	es
postigo	es
postilar	es
postilla	es
postilloso	es
postillón	es
postinear	es
postinero	es
postizo	es
postliminio	es
postmeridiano	es
postor	es
postpalatal	es
postproducción	es
postración	es
postrar	es
postraumático	es
postre	es
postremas	es
postremero	es
postremo	es
postrer	es
postreramente	es
postrero	es
postrimer	es
postrimero	es
postulanta	es
postulante	es
postular	es
postura	es
postín	es
postónico	es
posvacacional	es
posó	es
posón	es
potabilidad	es
potabilizar	es
potable	es
potajera	es
potajier	es
potala	es
potar	es
potasa	es
potasio	es
pote	es
potencia	es
potenciación	es
potencial	es
potencialidad	es
potencialmente	es
potenciar	es
potenciómetro	es
potentado	es
potente	es
potentemente	es
potenza	es
potenzado	es
poterna	es
potero	es
potestad	es
potestativo	es
potingue	es
potista	es
potorillo	es
potorro	es
potosí	es
potra	es
potrada	es
potranca	es
potrear	es
potrera	es
potrero	es
potril	es
potrilla	es
potro	es
potásico	es
povisa	es
poya	es
poyar	es
poyata	es
poyo	es
poza	es
pozalero	es
pozanco	es
pozo	es
pozuelo	es
poética	es
poético	es
pp	es
ppal	es
practicable	es
practicaje	es
practicanta	es
practicante	es
practicar	es
pradera	es
praderoso	es
prado	es
pragmatismo	es
pragmatista	es
pragmática	es
pragmáticamente	es
pragmático	es
pral	es
praseodimio	es
prasio	es
prasma	es
prat	es
pratense	es
praticultura	es
pravedad	es
praviana	es
pravo	es
praxis	es
preadamita	es
prear	es
prebenda	es
prebendado	es
prebendar	es
prebostazgo	es
preboste	es
precariamente	es
precariedad	es
precarista	es
precaucionar	es
precaución	es
precautelar	es
precautorio	es
precaver	es
precavidamente	es
precedencia	es
precedente	es
preceder	es
precelente	es
preceptista	es
preceptiva	es
preceptivamente	es
preceptivo	es
precepto	es
preceptor	es
preceptuar	es
precesión	es
preciado	es
preciador	es
preciar	es
precintar	es
precinto	es
precio	es
preciosa	es
preciosamente	es
preciosidad	es
preciosismo	es
preciosista	es
precioso	es
precipicio	es
precipitación	es
precipitadamente	es
precipitadero	es
precipitado	es
precipitante	es
precipitar	es
precipitosamente	es
precipitoso	es
precisa	es
precisamente	es
precisar	es
precisión	es
preciso	es
precocidad	es
preconcebir	es
preconizador	es
preconizar	es
preconocer	es
precoz	es
precozmente	es
precuela	es
precursor	es
precálculo	es
predador	es
predar	es
predecesor	es
predecible	es
predecir	es
predefinir	es
predela	es
predestinar	es
predeterminar	es
predicable	es
predicación	es
predicadera	es
predicaderas	es
predicado	es
predicador	es
predicamento	es
predicante	es
predicar	es
predicativo	es
predicho	es
predictibilidad	es
predictivo	es
predio	es
predisponer	es
predispuesto	es
predispón	es
predominancia	es
predominantemente	es
predominar	es
preelegir	es
preeminencia	es
preeminente	es
preescolar	es
preestablecido	es
preestreno	es
preexcelso	es
preexistencia	es
preexistente	es
preexistir	es
prefabricado	es
prefacio	es
prefación	es
prefecto	es
prefectura	es
preferencia	es
preferentemente	es
preferiblemente	es
preferir	es
prefigurar	es
prefijar	es
prefijo	es
prefinir	es
pregar	es
pregonar	es
pregonero	es
pregunta	es
preguntador	es
preguntar	es
preguntón	es
pregustar	es
pregón	es
preindustrial	es
prejuzgar	es
prelacía	es
prelado	es
prelaticio	es
prelatura	es
preliminar	es
preliminarmente	es
prelucir	es
preludiar	es
premamá	es
premamás	es
prematuramente	es
prematuro	es
premeditadamente	es
premeditar	es
premia	es
premiador	es
premiar	es
premidera	es
premio	es
premiosamente	es
premiosidad	es
premioso	es
premir	es
premiso	es
premitir	es
premiá	es
premonitor	es
premonstratense	es
premoriencia	es
premoriente	es
premorir	es
premostrar	es
premostratense	es
premuerto	es
premura	es
prenatal	es
prenda	es
prendador	es
prendamiento	es
prendar	es
prendario	es
prendedero	es
prendedor	es
prendedura	es
prender	es
prendida	es
prendido	es
prendimiento	es
prenotar	es
prensa	es
prensado	es
prensador	es
prensadura	es
prensar	es
prensil	es
prensista	es
prensión	es
prensor	es
prenunciar	es
preocupación	es
preocupadamente	es
preocupar	es
preoperatorio	es
preordinar	es
preparación	es
preparamiento	es
preparar	es
preparativo	es
preparatoriamente	es
preparatorio	es
preponderancia	es
preponderante	es
preponderar	es
preponer	es
preposicional	es
preposterar	es
preprocesamiento	es
preproducción	es
prepucio	es
prepuesto	es
prepón	es
prerrafaelismo	es
prerrafaelista	es
presa	es
presagiar	es
presagio	es
presagioso	es
presago	es
presar	es
presbicia	es
presbiterado	es
presbiteral	es
presbiterato	es
presbiteriano	es
presbiterio	es
presbítero	es
presciencia	es
presciente	es
prescindible	es
prescindir	es
prescribir	es
prescripción	es
prescriptible	es
prescriptor	es
prescrito	es
presea	es
preseleccionar	es
presencialmente	es
presenciar	es
presentable	es
presentación	es
presentado	es
presentador	es
presentar	es
presente	es
presentero	es
presentir	es
presepio	es
preservación	es
preservador	es
preservar	es
preservativo	es
presidario	es
presidencia	es
presidencial	es
presidencialismo	es
presidencialista	es
presidenta	es
presidente	es
presidiable	es
presidiar	es
presidiario	es
presidio	es
presidir	es
presionar	es
presión	es
preso	es
prest	es
presta	es
prestador	es
prestamente	es
prestamera	es
prestamista	es
prestar	es
prestatario	es
preste	es
presteza	es
prestidigitador	es
prestigiador	es
prestigiar	es
prestigio	es
prestigioso	es
presto	es
presumiblemente	es
presumido	es
presumir	es
presunción	es
presuntamente	es
presuntivamente	es
presuntivo	es
presunto	es
presuntuosamente	es
presuponer	es
presupuestar	es
presupuestario	es
presupuesto	es
presupón	es
presura	es
presurizar	es
presurosamente	es
presuroso	es
pretal	es
pretencioso	es
pretender	es
pretendienta	es
pretendiente	es
pretenso	es
preterid	es
preterida	es
preteridas	es
preterido	es
preteridos	es
preterimos	es
preterir	es
preteriremos	es
preterirse	es
preterirá	es
preterirán	es
preterirás	es
preteriré	es
preteriréis	es
preteriría	es
preteriríais	es
preteriríamos	es
preterirían	es
preterirías	es
preteriste	es
preteristeis	es
pretermitir	es
preternatural	es
preternaturalizar	es
preterí	es
pretería	es
preteríais	es
preteríamos	es
preterían	es
preterías	es
preterís	es
pretextar	es
pretil	es
pretina	es
pretinazo	es
pretinero	es
pretiriendo	es
pretiriera	es
pretirierais	es
pretirieran	es
pretirieras	es
pretiriere	es
pretiriereis	es
pretirieren	es
pretirieres	es
pretirieron	es
pretiriese	es
pretirieseis	es
pretiriesen	es
pretirieses	es
pretiriéramos	es
pretiriéremos	es
pretiriésemos	es
pretirió	es
pretor	es
pretorial	es
pretorianismo	es
pretoriano	es
pretoriense	es
pretorio	es
pretura	es
pretérito	es
prevalecer	es
prevalencia	es
prevaler	es
prevaricación	es
prevaricador	es
prevaricar	es
prevención	es
prevenida	es
prevenido	es
prevenir	es
preventivamente	es
preventivo	es
preventorio	es
prever	es
previamente	es
previlejar	es
previo	es
previsible	es
previsor	es
previsto	es
prevé	es
prevén	es
prez	es
preámbulo	es
preñado	es
preñar	es
preñez	es
priado	es
priapismo	es
priego	es
priesa	es
prietamente	es
prieto	es
prima	es
primacía	es
primada	es
primado	es
primal	es
primar	es
primariamente	es
primario	es
primate	es
primavera	es
primaveral	es
primazgo	es
primear	es
primer	es
primera	es
primeramente	es
primeridad	es
primerizo	es
primero	es
primerísimo	es
primevo	es
primicerio	es
primicia	es
primiclerio	es
primigeniamente	es
primigenio	es
primitiva	es
primitivamente	es
primitivo	es
primo	es
primogenitura	es
primogénito	es
primor	es
primordial	es
primordialmente	es
primordio	es
primorear	es
primorosamente	es
primoroso	es
primulácea	es
primuláceo	es
princesa	es
principado	es
principal	es
principalidad	es
principalmente	es
principalía	es
principar	es
principela	es
principescamente	es
principesco	es
principiador	es
principianta	es
principiante	es
principiar	es
principio	es
principote	es
pringar	es
pringosamente	es
pringoso	es
pringote	es
pringue	es
prion	es
prionodonte	es
prior	es
priora	es
prioradgo	es
priorato	es
priorazgo	es
priori	es
prioridad	es
prioritario	es
priorización	es
priorizar	es
prioste	es
prisa	es
priscilianismo	es
priscilianista	es
prisciliano	es
prisco	es
prisionero	es
prisión	es
prisma	es
prismático	es
priste	es
prisuelo	es
privacidad	es
privación	es
privada	es
privadamente	es
privadero	es
privado	es
privanza	es
privar	es
privativamente	es
privativo	es
privatización	es
privatizar	es
privilegiado	es
privilegiar	es
privilegiativo	es
privilegio	es
prión	es
pro	es
proa	es
probabilidad	es
probabilismo	es
probabilista	es
probabilístico	es
probable	es
probablemente	es
probación	es
probado	es
probador	es
probadura	es
probanza	es
probar	es
probatoria	es
probatorio	es
probatura	es
probeta	es
probidad	es
problema	es
problemática	es
problemáticamente	es
problemático	es
probo	es
proboscidio	es
probática	es
probóscide	es
procacidad	es
procarionte	es
procariota	es
procaz	es
procedencia	es
procedente	es
proceder	es
procedimental	es
procedimiento	es
procerato	es
procesado	es
procesador	es
procesal	es
procesalmente	es
procesar	es
procesional	es
procesionalmente	es
procesionaria	es
procesionario	es
proceso	es
procinto	es
proclama	es
proclamación	es
proclamar	es
proclive	es
proclividad	es
proclítico	es
procordado	es
procrastinar	es
procrear	es
procura	es
procurar	es
procónsul	es
prodigalidad	es
prodigar	es
prodigio	es
prodigiosamente	es
prodigiosidad	es
prodigioso	es
producción	es
producir	es
productiva	es
productividad	es
productivo	es
producto	es
productor	es
productorio	es
proejar	es
proel	es
proemio	es
proeza	es
prof	es
profanación	es
profanador	es
profanamente	es
profanamiento	es
profanar	es
profanidad	es
profano	es
profazar	es
profe	es
profecía	es
proferir	es
profesar	es
profesional	es
profesionalidad	es
profesionalismo	es
profesionalizar	es
profesionalmente	es
profesión	es
profeso	es
profesor	es
profesorado	es
profeta	es
profetar	es
profetisa	es
profetismo	es
profetizador	es
profetizar	es
proficiente	es
profilaxis	es
profiláctico	es
profligar	es
profundamente	es
profundar	es
profundidad	es
profundización	es
profundizar	es
profundísimamente	es
profusamente	es
profuso	es
profético	es
progenie	es
progenitor	es
progenitura	es
progesterona	es
progne	es
prognosis	es
programa	es
programación	es
programador	es
programar	es
progresar	es
progresismo	es
progresista	es
progresivamente	es
progresivo	es
progresión	es
progreso	es
prohibición	es
prohibido	es
prohibir	es
prohibitivo	es
prohibitorio	es
prohijamiento	es
prohijar	es
prole	es
prolepsis	es
proletariado	es
proletario	es
proliferación	es
proliferante	es
proliferar	es
prolijamente	es
prolijear	es
prolijidad	es
prolijo	es
prologar	es
prologuista	es
prolongable	es
prolongación	es
prolongado	es
prolongador	es
prolongamiento	es
prolongar	es
prolífico	es
promanar	es
promediar	es
promedio	es
prometedor	es
prometer	es
prometido	es
prominencia	es
prominente	es
promiscuar	es
promiscuidad	es
promisorio	es
promocional	es
promocionar	es
promontorio	es
promover	es
promulgación	es
promulgador	es
promulgar	es
pronación	es
prono	es
pronominado	es
pronosticador	es
pronosticar	es
prontamente	es
pronteza	es
prontitud	es
pronto	es
prontuario	es
prontísimo	es
pronunciable	es
pronunciación	es
pronunciador	es
pronunciamiento	es
pronunciar	es
pronóstico	es
propagación	es
propaganda	es
propagandista	es
propagandístico	es
propagar	es
propagativo	es
propalador	es
propalar	es
propasar	es
propender	es
propenso	es
propia	es
propiamente	es
propiciación	es
propiciador	es
propiciamente	es
propiciar	es
propiciatorio	es
propicio	es
propiedad	es
propienda	es
propietariamente	es
propietario	es
propinación	es
propinar	es
propincuidad	es
propincuo	es
propio	es
proponente	es
proponer	es
proporcionada	es
proporcionadamente	es
proporcionado	es
proporcional	es
proporcionalidad	es
proporcionalmente	es
proporcionar	es
proporción	es
proposicional	es
propositivo	es
propriedad	es
proprio	es
propuesto	es
propugnar	es
propulsa	es
propulsar	es
propulsión	es
propulsor	es
propóleos	es
propón	es
propósito	es
prora	es
prorrata	es
prorratear	es
prorrateo	es
prorrogable	es
prorrogar	es
prorrumpir	es
prosa	es
prosador	es
prosaicamente	es
prosaico	es
prosapia	es
prosaísmo	es
proscenio	es
proscribir	es
proscripción	es
proscriptor	es
proscrito	es
prosecución	es
proseguir	es
proselitismo	es
proselitista	es
prosificador	es
prosificar	es
prosimio	es
prosista	es
prosodia	es
prosopografía	es
prosopopeya	es
prospección	es
prospectar	es
prospectiva	es
prospectivo	es
prosperar	es
prosperidad	es
prostatitis	es
prosternación	es
prosternar	es
prostibulario	es
prostitución	es
prostituir	es
prostituto	es
prostrar	es
prostíbulo	es
prosuponer	es
prosélito	es
protagonismo	es
protagonista	es
protagonizar	es
protagónico	es
proteccionismo	es
proteccionista	es
protección	es
protector	es
protectorado	es
protectorio	es
protectriz	es
proteger	es
protegido	es
proteico	es
proteo	es
protervia	es
protervidad	es
protervo	es
protestante	es
protestantismo	es
protestar	es
protestativo	es
protestón	es
proteína	es
proteínico	es
protio	es
protista	es
protistas	es
protocloruro	es
protocolar	es
protocolario	es
protocolizar	es
protocolo	es
protohistoria	es
protomedicato	es
protomo	es
protomédico	es
protonotario	es
protoplasma	es
protosulfuro	es
prototipo	es
protozoario	es
protozoo	es
protráctil	es
protuberancia	es
protuberante	es
protutor	es
protético	es
protón	es
protórax	es
prov	es
provagar	es
provechar	es
provecho	es
provechosamente	es
provechoso	es
provecto	es
proveedor	es
proveer	es
proveimiento	es
proveniencia	es
proveniente	es
provenir	es
provento	es
provenzal	es
provenzalismo	es
provenzalista	es
proverbiador	es
proverbial	es
proverbialmente	es
proverbio	es
proverbista	es
provicero	es
providencia	es
providencial	es
providencialismo	es
providencialista	es
providencialmente	es
providenciar	es
provincia	es
provincial	es
provincialismo	es
provincianismo	es
provinciano	es
provisional	es
provisionalmente	es
proviso	es
provisora	es
provisoriamente	es
provisto	es
provocador	es
provocar	es
provocativo	es
provén	es
proxeneta	es
proxenetismo	es
proximal	es
proximidad	es
proyección	es
proyectante	es
proyectar	es
proyectil	es
proyectista	es
proyectivo	es
proyecto	es
proyector	es
proyectura	es
prudencia	es
prudencial	es
prudencialmente	es
prudente	es
prudentemente	es
prueba	es
pruna	es
prunela	es
pruno	es
pruriginoso	es
prurigo	es
prurito	es
prusiano	es
prusiato	es
práctica	es
prácticamente	es
práctico	es
prédica	es
présago	es
préstamo	es
prímula	es
prínceps	es
príncipe	es
prístino	es
prócer	es
pródigamente	es
pródigo	es
prófugo	es
prójimo	es
pról	es
prólogo	es
prórroga	es
prósperamente	es
próspero	es
próstata	es
prótesis	es
prótomo	es
próvido	es
próximamente	es
próximo	es
prúsico	es
pseudónimo	es
psi	es
psicoanalista	es
psicoanalizar	es
psicoanalítico	es
psicoanálisis	es
psicodelia	es
psicofisiología	es
psicofisiológico	es
psicología	es
psicológicamente	es
psicológico	es
psicopatología	es
psicopatía	es
psicopedagogía	es
psicopedagógico	es
psicosis	es
psicotecnia	es
psicoterapia	es
psicólogo	es
psicópata	es
psicótico	es
psique	es
psiquiatra	es
psiquiatría	es
psiquis	es
psiquismo	es
psiquiátrico	es
psitacismo	es
psitacosis	es
psíes	es
psíquico	es
pta	es
pteridofita	es
pteridofito	es
pteridófito	es
ptolemaico	es
pts	es
pu	es
puar	es
pubertad	es
pubes	es
pubescencia	es
pubescente	es
pubescer	es
pubiano	es
pubis	es
publicación	es
publicador	es
publicano	es
publicar	es
publicidad	es
publicista	es
publicitar	es
publicitario	es
puchada	es
puchera	es
puchero	es
puches	es
pucia	es
pude	es
pudelar	es
pudendo	es
pudibundez	es
pudibundo	es
pudicia	es
pudicicia	es
pudiendo	es
pudiente	es
pudiera	es
pudierais	es
pudieran	es
pudieras	es
pudiere	es
pudiereis	es
pudieren	es
pudieres	es
pudieron	es
pudiese	es
pudieseis	es
pudiesen	es
pudieses	es
pudimos	es
pudin	es
pudinga	es
pudio	es
pudir	es
pudiste	es
pudisteis	es
pudiéndola	es
pudiéndolas	es
pudiéndole	es
pudiéndoles	es
pudiéndolo	es
pudiéndolos	es
pudiéndome	es
pudiéndonos	es
pudiéndoos	es
pudiéndose	es
pudiéndote	es
pudiéramos	es
pudiéremos	es
pudiésemos	es
pudo	es
pudor	es
pudoroso	es
pudrición	es
pudridero	es
pudridor	es
pudrigorio	es
pudrimiento	es
pudrir	es
puebla	es
pueblerino	es
pueblo	es
pueda	es
puedan	es
puedas	es
puede	es
pueden	es
puedes	es
puedo	es
puelche	es
puente	es
puentear	es
puenteareas	es
puentecilla	es
puerca	es
puercamente	es
puerco	es
puericia	es
puericultor	es
puericultura	es
pueril	es
puerilidad	es
puerilmente	es
puerperal	es
puerperio	es
puerro	es
puerta	es
puertaventana	es
puerto	es
puertollano	es
puertorriqueñidad	es
puertorriqueñismo	es
puertorriqueño	es
pues	es
puesta	es
puestero	es
puesto	es
puf	es
pufo	es
puga	es
pugilar	es
pugilato	es
pugilismo	es
pugilista	es
pugna	es
pugnacidad	es
pugnante	es
pugnar	es
pugnaz	es
puja	es
pujador	es
pujame	es
pujamen	es
pujamiento	es
pujante	es
pujantemente	es
pujanza	es
pujar	es
pujavante	es
pulchinela	es
pulcritud	es
pulcro	es
pulga	es
pulgada	es
pulgar	es
pulgarada	es
pulgoso	es
pulguera	es
pulguero	es
pulguillas	es
pulgón	es
pulidamente	es
pulidero	es
pulidez	es
pulido	es
pulidor	es
pulimentar	es
pulimento	es
pulir	es
pulla	es
pullista	es
pullés	es
pulmonado	es
pulmonar	es
pulmonaria	es
pulmonía	es
pulmón	es
pulpa	es
pulpejo	es
pulpero	es
pulpería	es
pulpeta	es
pulpo	es
pulposo	es
pulsación	es
pulsador	es
pulsante	es
pulsar	es
pulsatila	es
pulsativo	es
pulsear	es
pulsera	es
pulso	es
pulular	es
pulverizador	es
pulverizar	es
pulverulento	es
pum	es
puma	es
pumita	es
puna	es
punar	es
punchar	es
puncionar	es
punción	es
pundonor	es
pundonorosamente	es
pundonoroso	es
pungimiento	es
pungir	es
pungitivo	es
punibilidad	es
punible	es
punir	es
punitivo	es
punk	es
punki	es
punta	es
puntada	es
puntal	es
puntano	es
puntapié	es
puntar	es
puntear	es
puntera	es
puntero	es
punterola	es
puntiagudo	es
puntido	es
puntillado	es
puntillero	es
puntillista	es
puntillo	es
puntilloso	es
puntisecar	es
puntito	es
punto	es
puntoso	es
puntuación	es
puntual	es
puntualidad	es
puntualizar	es
puntualmente	es
puntuar	es
puntuoso	es
puntura	es
punzada	es
punzador	es
punzadura	es
punzante	es
punzantemente	es
punzar	es
punzonado	es
punzó	es
punzón	es
pupa	es
pupar	es
pupila	es
pupilaje	es
pupilar	es
pupilero	es
pupilo	es
pupitre	es
puposo	es
pura	es
puramente	es
purana	es
purear	es
pureza	es
purga	es
purgador	es
purgamiento	es
purgante	es
purgar	es
purgativo	es
purgatorio	es
puridad	es
purificación	es
purificadero	es
purificador	es
purificar	es
purificatorio	es
purismo	es
purista	es
puritanismo	es
puritano	es
puro	es
purpurar	es
purpurear	es
purpurina	es
purpurino	es
purpúrea	es
purpúreo	es
purrela	es
purriela	es
purrir	es
purulencia	es
purulento	es
puré	es
pus	es
pusilanimidad	es
pusilánime	es
pusinesco	es
pustuloso	es
puta	es
putada	es
putativo	es
putañear	es
putear	es
putero	es
puterío	es
puto	es
putrefacción	es
putrefactivo	es
putrefacto	es
putrescible	es
putridez	es
putón	es
puya	es
puyazo	es
puzol	es
puzolana	es
puñada	es
puñado	es
puñal	es
puñalada	es
puñales	es
puñar	es
puñete	es
puñetero	es
puñir	es
puño	es
pza	es
pábilo	es
pábulo	es
pág	es
página	es
pájara	es
pájaro	es
pálido	es
pámpana	es
pámpano	es
páncreas	es
pánfilo	es
pánico	es
páparo	es
pár	es
páramo	es
párpado	es
párrafo	es
párroco	es
párvulo	es
pátera	es
pátina	es
péndola	es
péndulo	es
péptido	es
pérdida	es
pérez	es
pérfidamente	es
pérfido	es
pérmico	es
pérsico	es
pértica	es
pértiga	es
pértigo	es
pésame	es
pésimamente	es
pésimo	es
pétalo	es
pétreo	es
pícaro	es
pícea	es
píceo	es
pícrico	es
pífano	es
píldora	es
píloro	es
pínula	es
pío	es
pívot	es
píxel	es
pócima	es
pódium	es
pólenes	es
pólipo	es
póliza	es
pólvora	es
pómez	es
pómulo	es
póney	es
póntico	es
póquer	es
pórtico	es
pósito	es
póster	es
póstumamente	es
póstumo	es
púa	es
púbico	es
pública	es
públicamente	es
público	es
púdica	es
púdico	es
púdines	es
púgil	es
púlpito	es
púnico	es
púrpura	es
pústula	es
pútrida	es
pútrido	es
qu	es
que	es
quebracho	es
quebradero	es
quebradillo	es
quebradizo	es
quebrado	es
quebrador	es
quebradura	es
quebrajar	es
quebrajoso	es
quebramiento	es
quebrantable	es
quebrantado	es
quebrantador	es
quebrantadura	es
quebrantahuesos	es
quebrantamiento	es
quebrantaolas	es
quebrantapiedras	es
quebrantar	es
quebranto	es
quebrar	es
quebraza	es
quebrazar	es
queche	es
quechua	es
queda	es
quedamente	es
quedar	es
quedito	es
quedo	es
quehacer	es
queja	es
quejar	es
quejica	es
quejicoso	es
quejido	es
quejigal	es
quejigo	es
quejigueta	es
quejilloso	es
quejosamente	es
quejoso	es
quejumbrar	es
quejumbroso	es
quejura	es
quelonio	es
queltehue	es
quema	es
quemada	es
quemadero	es
quemado	es
quemador	es
quemadura	es
quemajoso	es
quemamiento	es
quemante	es
quemar	es
quemarropa	es
quemazón	es
quena	es
quenopodiácea	es
quenopodiáceo	es
quepa	es
quepamos	es
quepan	es
quepas	es
quepis	es
quepo	es
quepáis	es
quera	es
queratina	es
queratitis	es
querella	es
querellador	es
querellante	es
querellar	es
querelloso	es
querencia	es
querencioso	es
querer	es
queresa	es
querido	es
quermes	es
quermés	es
querochar	es
queroseno	es
quersoneso	es
querub	es
querube	es
querubín	es
querusco	es
querúbico	es
quesada	es
quesear	es
quesera	es
quesero	es
quesito	es
queso	es
quetzal	es
quevedesco	es
quevedos	es
qui	es
quia	es
quiaca	es
quianti	es
quibey	es
quichua	es
quiché	es
quicial	es
quicio	es
quid	es
quiebra	es
quiebrahacha	es
quiebre	es
quiebro	es
quien	es
quienquiera	es
quier	es
quiescente	es
quieta	es
quietamente	es
quietar	es
quietismo	es
quietista	es
quieto	es
quietud	es
quijada	es
quijal	es
quijar	es
quijero	es
quijones	es
quijotada	es
quijote	es
quijotería	es
quijotescamente	es
quijotesco	es
quijotil	es
quijotismo	es
quilatar	es
quilate	es
quilatera	es
quilificar	es
quilla	es
quillotrar	es
quilo	es
quiloso	es
quilífero	es
quima	es
quimera	es
quimerear	es
quimerino	es
quimerista	es
quimerizar	es
quimificar	es
quimio	es
quimioterapia	es
quimo	es
quimono	es
quimosina	es
quimérico	es
quina	es
quinado	es
quinao	es
quinaquina	es
quinario	es
quinasa	es
quincalla	es
quincallero	es
quince	es
quincena	es
quincenal	es
quincenario	es
quinceno	es
quinchoncho	es
quincineta	es
quincuagena	es
quincuagenario	es
quincuagesimoctavo	es
quincuagesimocuarto	es
quincuagesimonono	es
quincuagesimonoveno	es
quincuagesimoprimero	es
quincuagesimoquinto	es
quincuagesimosegundo	es
quincuagesimosexto	es
quincuagesimoséptimo	es
quincuagesimotercero	es
quincuagésimo	es
quindenio	es
quinete	es
quingombó	es
quiniela	es
quinientas	es
quinientista	es
quinientos	es
quinina	es
quinismo	es
quino	es
quinolear	es
quinolillas	es
quinquefolio	es
quinquenal	es
quinquenervia	es
quinquenio	es
quinqui	es
quinquillero	es
quinquina	es
quinta	es
quintaesenciar	es
quintal	es
quintana	es
quintante	es
quintar	es
quintero	es
quinteto	es
quintillo	es
quinto	es
quintuplicar	es
quintín	es
quiosco	es
quiragra	es
quirate	es
quirguiz	es
quirie	es
quirigalla	es
quirinal	es
quiritario	es
quirite	es
quirografario	es
quiromancia	es
quiromasajista	es
quiropráctico	es
quiroteca	es
quirófano	es
quirógrafo	es
quiróptero	es
quirúrgicamente	es
quirúrgico	es
quisicosa	es
quisquilla	es
quisquillosidad	es
quisquilloso	es
quistar	es
quiste	es
quita	es
quitador	es
quitaguas	es
quitamanchas	es
quitameriendas	es
quitamiento	es
quitamotas	es
quitanieves	es
quitanza	es
quitapelillos	es
quitapesares	es
quitar	es
quitasol	es
quitina	es
quitinoso	es
quito	es
quitrín	es
quitón	es
quizá	es
quizás	es
quién	es
quiénes	es
qué	es
química	es
químicamente	es
químico	es
quíntuple	es
quío	es
ra	es
raba	es
rabada	es
rabadán	es
rabal	es
rabalero	es
rabanal	es
rabanedo	es
rabanero	es
rabanillo	es
rabaniza	es
rabasaire	es
rabear	es
rabel	es
rabera	es
rabia	es
rabiacana	es
rabiar	es
rabiatar	es
rabiazorras	es
rabicano	es
rabicorto	es
rabieta	es
rabihorcado	es
rabilar	es
rabilargo	es
rabinismo	es
rabinista	es
rabino	es
rabiosamente	es
rabioso	es
rabisalsera	es
rabiza	es
rabión	es
rabo	es
rabos	es
raboseadura	es
rabosear	es
raboso	es
rabotada	es
rabotazo	es
rabotear	es
rabudo	es
rabí	es
rabínico	es
rabón	es
racamenta	es
racamento	es
racanear	es
racha	es
rachar	es
rachear	es
racial	es
racimal	es
racimar	es
racimo	es
racimoso	es
racimudo	es
raciocinar	es
raciocinio	es
racionabilidad	es
racional	es
racionalidad	es
racionalismo	es
racionalista	es
racionalización	es
racionalizar	es
racionalmente	es
racionamiento	es
racionar	es
racionero	es
racionista	es
racismo	es
racista	es
ración	es
racor	es
racord	es
rada	es
radar	es
radiación	es
radiactividad	es
radiactivo	es
radiado	es
radiador	es
radial	es
radiante	es
radiantemente	es
radiar	es
radiata	es
radical	es
radicalismo	es
radicalizar	es
radicalmente	es
radicar	es
radicular	es
radiestesia	es
radio	es
radioactividad	es
radioactivo	es
radioastronomía	es
radioastronómico	es
radiocasete	es
radiocomunicación	es
radiodifundir	es
radiodifusión	es
radiodifusor	es
radioelectricidad	es
radioeléctrico	es
radioescucha	es
radiofonista	es
radiofrecuencia	es
radiofónico	es
radiografiar	es
radiograma	es
radiográfico	es
radioisótopo	es
radiolario	es
radiología	es
radiológico	es
radionovela	es
radiorreceptor	es
radioscopia	es
radioscópico	es
radioso	es
radiotecnia	es
radiotelefonista	es
radiotelefonía	es
radiotelefónico	es
radiotelegrafiar	es
radiotelegrafista	es
radiotelegrafía	es
radiotelegrama	es
radiotelescopio	es
radioterapia	es
radiotoxicidad	es
radiotransmisor	es
radioyente	es
radiumterapia	es
radián	es
radón	es
rae	es
raedura	es
raer	es
rafa	es
rafael	es
rafal	es
rafalla	es
rafania	es
rafe	es
rafear	es
rafezar	es
rafia	es
ragua	es
rahez	es
rahezar	es
raicilla	es
raicita	es
raid	es
raigambre	es
raigar	es
raijo	es
raimiento	es
rain	es
raja	es
rajabroqueles	es
rajadillo	es
rajadizo	es
rajador	es
rajadura	es
rajar	es
rajatabla	es
rajeta	es
rajuela	es
ralbar	es
ralear	es
ralentizar	es
raleza	es
rallado	es
rallador	es
ralladura	es
rallar	es
rallo	es
ralo	es
rama	es
ramal	es
ramalear	es
rambla	es
ramblar	es
ramblazo	es
ramblizo	es
rameado	es
ramera	es
ramero	es
ramificación	es
ramificar	es
ramillete	es
ramilletero	es
ramina	es
ramio	es
ramito	es
ramiza	es
ramo	es
ramojo	es
ramonear	es
ramoso	es
rampa	es
rampante	es
rampar	es
rampete	es
ramuja	es
ramujo	es
ramulla	es
ramírez	es
ramón	es
rana	es
ranacuajo	es
ranas	es
rancar	es
ranchear	es
ranchera	es
ranchero	es
rancho	es
ranciar	es
rancidez	es
ranciedad	es
rancio	es
rancor	es
randa	es
rango	es
ranina	es
rano	es
ranquel	es
ranunculácea	es
ranunculáceo	es
ranura	es
ranurado	es
ranurar	es
ranúnculo	es
rap	es
rapa	es
rapabarbas	es
rapacejo	es
rapacidad	es
rapada	es
rapado	es
rapador	es
rapadura	es
rapamiento	es
rapante	es
rapapolvo	es
rapar	es
rapavelas	es
rapaz	es
rapaza	es
rapazada	es
rape	es
rapero	es
rapidez	es
rapidísimo	es
rapiega	es
rapista	es
rapiña	es
rapiñar	es
raposa	es
raposear	es
raposera	es
raposero	es
raposino	es
raposo	es
raposuno	es
rapsoda	es
rapsodia	es
raptar	es
rapto	es
raptor	es
rapuzar	es
rapé	es
rapónchigo	es
raque	es
raquear	es
raquel	es
raquero	es
raqueta	es
raquetero	es
raquialgia	es
raquianestesia	es
raquis	es
raquitis	es
raquitismo	es
raquídeo	es
raquítico	es
raramente	es
rarear	es
rarefacción	es
rarefacer	es
rareza	es
raridad	es
rarificar	es
raro	es
ras	es
rasa	es
rasadura	es
rasante	es
rasar	es
rascacielos	es
rascacio	es
rascador	es
rascadura	es
rascalino	es
rascamiento	es
rascar	es
rascatripas	es
rascle	es
rascuñar	es
rascón	es
rasel	es
rasera	es
rasero	es
rases	es
rasete	es
rasgado	es
rasgador	es
rasgadura	es
rasgar	es
rasgo	es
rasguear	es
rasgueo	es
rasguñar	es
rasguño	es
rasgón	es
raso	es
rasoliso	es
raspa	es
raspado	es
raspador	es
raspadura	es
raspahilando	es
raspahilar	es
raspajo	es
raspamiento	es
raspante	es
raspar	es
raspear	es
raspeig	es
raspinegro	es
rasponazo	es
rasposo	es
raspudo	es
raspón	es
rasqueta	es
rastillador	es
rastillar	es
rastra	es
rastrallar	es
rastrar	es
rastreable	es
rastreador	es
rastrear	es
rastreo	es
rastrera	es
rastreramente	es
rastrero	es
rastrillada	es
rastrillado	es
rastrillador	es
rastrillar	es
rastrillo	es
rastro	es
rastrojar	es
rastrojear	es
rastrojera	es
rastrojo	es
rasurador	es
rasurar	es
rata	es
ratania	es
ratas	es
ratear	es
ratero	es
raticida	es
ratificación	es
ratificar	es
ratificatorio	es
ratigar	es
ratinar	es
ratio	es
ratito	es
rato	es
ratonar	es
ratonera	es
ratonero	es
ratonesco	es
ratonil	es
ratón	es
rauda	es
raudal	es
raudamente	es
raudo	es
rauta	es
ravenala	es
raya	es
rayada	es
rayadillo	es
rayado	es
rayano	es
rayar	es
rayo	es
rayoso	es
rayuela	es
rayuelo	es
rayón	es
raza	es
razar	es
razonable	es
razonablemente	es
razonadamente	es
razonado	es
razonador	es
razonamiento	es
razonar	es
razón	es
raído	es
raíl	es
raíz	es
raña	es
raño	es
raúl	es
rdo	es
re	es
rea	es
reabastecer	es
reabierto	es
reabrir	es
reabsorber	es
reaccionar	es
reaccionariamente	es
reaciamente	es
reacio	es
reacuñar	es
readmitir	es
reafirmar	es
reagravar	es
reagrupar	es
reajustar	es
real	es
realegrar	es
realejo	es
realejos	es
realengo	es
realete	es
realeza	es
realidad	es
realimentación	es
realimentar	es
realismo	es
realista	es
realito	es
realizable	es
realización	es
realizador	es
realizar	es
realmente	es
realquilar	es
realzar	es
reamar	es
reanudación	es
reanudar	es
reaparecer	es
reapretar	es
rearar	es
reargüir	es
rearmar	es
reaseguro	es
reasignar	es
reasumir	es
reata	es
reatar	es
reaventar	es
reavivar	es
rebaba	es
rebajador	es
rebajamiento	es
rebajar	es
rebalsar	es
rebanada	es
rebanar	es
rebanco	es
rebanear	es
rebarbado	es
rebasadero	es
rebasar	es
rebatar	es
rebatible	es
rebatir	es
rebatiña	es
rebato	es
rebautizar	es
rebañar	es
rebeca	es
rebeco	es
rebelar	es
rebelde	es
rebeldía	es
rebelión	es
rebenque	es
rebinar	es
rebitar	es
reblandecer	es
reblandecimiento	es
reblar	es
rebobinar	es
rebociño	es
rebojo	es
rebollar	es
rebolledo	es
rebollidura	es
rebolludo	es
rebombar	es
rebordeador	es
rebordear	es
rebosadero	es
rebosadura	es
rebosamiento	es
rebosante	es
rebosar	es
rebotadera	es
rebotar	es
rebotiga	es
rebozar	es
rebozo	es
rebramar	es
rebrincar	es
rebrotar	es
rebudiar	es
rebufar	es
rebujar	es
rebujina	es
rebullir	es
rebumbar	es
rebumbio	es
reburujar	es
rebuscado	es
rebuscamiento	es
rebuscar	es
rebusco	es
rebutir	es
rebuznador	es
rebuznar	es
rebuzno	es
recabar	es
recabdar	es
recabita	es
recadar	es
recadero	es
recado	es
recaer	es
recalar	es
recalcadura	es
recalcar	es
recalcitrante	es
recalcitrantemente	es
recalcitrar	es
recalentar	es
recalificar	es
recalmón	es
recalvastro	es
recalzar	es
recamar	es
recambiar	es
recambio	es
recancamusa	es
recancanilla	es
recapacitar	es
recapitulación	es
recapitular	es
recapturar	es
recargador	es
recargar	es
recatadamente	es
recatar	es
recatear	es
recatonear	es
recatón	es
recauchar	es
recauchutar	es
recaudación	es
recaudador	es
recaudamiento	es
recaudar	es
recaudatorio	es
recavar	es
recaída	es
recebar	es
recechar	es
recejar	es
recela	es
recelador	es
recelamiento	es
recelar	es
recelo	es
recentadura	es
recental	es
recentar	es
recentísimo	es
recepcionista	es
recepción	es
recepta	es
receptar	es
receptividad	es
receptivo	es
receptor	es
receptáculo	es
recercar	es
recesivo	es
recesión	es
receso	es
receta	es
recetador	es
recetar	es
receñir	es
rechazador	es
rechazamiento	es
rechazar	es
rechazo	es
rechiflar	es
rechinador	es
rechinamiento	es
rechinar	es
rechinido	es
rechistar	es
rechizar	es
rechoncho	es
reciamente	es
reciario	es
recibidero	es
recibido	es
recibidor	es
recibimiento	es
recibir	es
recibo	es
recibí	es
reciclaje	es
reciclamiento	es
reciclar	es
recidivar	es
reciedumbre	es
reciente	es
recientemente	es
recinchar	es
recinto	es
recio	es
recipiendario	es
recipiente	es
reciprocar	es
reciprocidad	es
recitado	es
recital	es
recitar	es
recitativo	es
reciura	es
recién	es
reclamación	es
reclamante	es
reclamar	es
reclame	es
reclamo	es
reclinar	es
reclinatorio	es
recluir	es
reclusión	es
recluso	es
reclusorio	es
recluta	es
reclutador	es
reclutamiento	es
reclutar	es
recobrar	es
recocer	es
recochinear	es
recocho	es
recocina	es
recodadero	es
recodar	es
recodir	es
recogeabuelos	es
recogedero	es
recogemigas	es
recoger	es
recogida	es
recogidamente	es
recogido	es
recogimiento	es
recolar	es
recolectar	es
recolector	es
recolegir	es
recoleto	es
recombinación	es
recombinar	es
recomendablemente	es
recomendación	es
recomendado	es
recomendante	es
recomendar	es
recomenzar	es
recomer	es
recompensa	es
recompensar	es
recomponer	es
recompuesto	es
recompón	es
reconcentramiento	es
reconciliar	es
reconcomer	es
reconcomio	es
recondenar	es
reconditez	es
reconducible	es
reconducir	es
reconfortar	es
reconocer	es
reconocible	es
reconociblemente	es
reconquistar	es
reconsiderar	es
reconstituir	es
reconstruir	es
recontamiento	es
recontar	es
recontento	es
reconvalecer	es
reconvenir	es
reconvertir	es
reconvén	es
recopilación	es
recopilado	es
recopilador	es
recopilar	es
recopilatorio	es
recordable	es
recordación	es
recordador	es
recordar	es
recordativo	es
recordatorio	es
recorrer	es
recorrido	es
recortado	es
recortar	es
recorvar	es
recoser	es
recostadero	es
recostar	es
recovar	es
recoveco	es
recovero	es
recre	es
recrear	es
recrecer	es
recremento	es
recreo	es
recriador	es
recriar	es
recriminación	es
recriminador	es
recriminar	es
recrucetada	es
recrudecer	es
recrudecimiento	es
recrudescencia	es
recrujir	es
recruzar	es
recta	es
rectal	es
rectamente	es
rectangular	es
rectar	es
rectificación	es
rectificador	es
rectificar	es
rectificativo	es
rectilíneo	es
rectitud	es
recto	es
rector	es
rectorado	es
rectoral	es
rectorar	es
rectángulo	es
recua	es
recuadrar	es
recuadro	es
recuaje	es
recuarta	es
recubierto	es
recubrir	es
recudidero	es
recudimento	es
recudimiento	es
recudir	es
recuento	es
recuentro	es
recuerdo	es
recuestar	es
recular	es
recuperable	es
recuperación	es
recuperador	es
recuperar	es
recuperativo	es
recurar	es
recurrencia	es
recurrente	es
recurrir	es
recursividad	es
recursivo	es
recusable	es
recusante	es
recusar	es
recuñar	es
recíprocamente	es
recíproco	es
recóndito	es
red	es
redacción	es
redactar	es
redactor	es
redada	es
redar	es
redargüir	es
redaya	es
redecir	es
rededor	es
redefinir	es
redención	es
redendija	es
redentor	es
redentorista	es
redera	es
redero	es
redescontar	es
redescubierto	es
redescubrir	es
redhibir	es
redicho	es
rediezmar	es
redil	es
redilar	es
redilear	es
redimible	es
redimir	es
redirigir	es
redistribuir	es
redistributivo	es
redituar	es
redoblante	es
redoblar	es
redoble	es
redoblegar	es
redol	es
redolada	es
redolar	es
redolente	es
redomado	es
redomazo	es
redonda	es
redondeado	es
redondear	es
redondel	es
redondela	es
redondeo	es
redondillo	es
redondo	es
redopelo	es
redor	es
redorar	es
redova	es
redrar	es
redro	es
redrojar	es
redrojo	es
redropelo	es
redroviento	es
redruejo	es
reducción	es
reducible	es
reducido	es
reducimiento	es
reducir	es
reductible	es
reducto	es
reductor	es
redundancia	es
redundante	es
redundar	es
reduplicar	es
reduvio	es
reedificar	es
reeditar	es
reeducar	es
reelección	es
reelecto	es
reelegir	es
reembarcar	es
reembolsar	es
reemplazable	es
reemplazante	es
reemplazar	es
reemplazo	es
reencarnación	es
reencarnar	es
reencontrar	es
reencuadernar	es
reencuentro	es
reenganchamiento	es
reenganchar	es
reengendrar	es
reensayar	es
reenviar	es
reenvidar	es
reenvite	es
reescribir	es
reescrito	es
reestrenar	es
reestructurar	es
reexaminar	es
reexpedir	es
reexportar	es
refacer	es
refajo	es
refeccionar	es
refección	es
refectorio	es
referencia	es
referencial	es
referenciar	es
referendario	es
referendo	es
referente	es
referir	es
refertar	es
referéndum	es
refez	es
refigurar	es
refinación	es
refinadera	es
refinado	es
refinador	es
refinadura	es
refinar	es
refinería	es
refirmar	es
refitolear	es
refitolero	es
reflectante	es
reflectar	es
reflector	es
refleja	es
reflejar	es
reflejo	es
reflexionar	es
reflexiva	es
reflexivamente	es
reflexivo	es
reflexión	es
reflorecer	es
reflotar	es
refluir	es
refocilar	es
reforestar	es
reformable	es
reformado	es
reformar	es
reformatorio	es
reformismo	es
reformista	es
reformular	es
reforzador	es
reforzar	es
refractante	es
refractar	es
refractario	es
refractivo	es
refracto	es
refractor	es
refranero	es
refranesco	es
refrangibilidad	es
refrangible	es
refranista	es
refregar	es
refregón	es
refrenable	es
refrenamiento	es
refrenar	es
refrendar	es
refrendario	es
refrendata	es
refrentar	es
refrescador	es
refrescadura	es
refrescamiento	es
refrescante	es
refrescar	es
refresco	es
refreír	es
refriar	es
refrigeración	es
refrigerador	es
refrigerante	es
refrigerar	es
refrigerativo	es
refrigerio	es
refringencia	es
refringente	es
refringir	es
refrito	es
refrán	es
refuerzo	es
refugiado	es
refugiar	es
refugio	es
refulgencia	es
refulgir	es
refundar	es
refundición	es
refundidor	es
refundir	es
refunfuñar	es
refutable	es
refutación	es
refutar	es
refutatorio	es
reg	es
regabinar	es
regacear	es
regadera	es
regadero	es
regadizo	es
regador	es
regadura	es
regadío	es
regaifa	es
regajal	es
regala	es
regalada	es
regaladamente	es
regalado	es
regalador	es
regalamiento	es
regalar	es
regalero	es
regalicia	es
regalismo	es
regalista	es
regaliz	es
regalo	es
regalía	es
regalón	es
regante	es
regar	es
regate	es
regatear	es
regateo	es
regato	es
regatonear	es
regatón	es
regazar	es
regazo	es
regañada	es
regañadientes	es
regañado	es
regañar	es
regañina	es
regañir	es
regaño	es
regañón	es
regencia	es
regenerar	es
regenta	es
regentar	es
regente	es
regentear	es
regiamente	es
regicida	es
regicidio	es
regido	es
regidor	es
regimentar	es
regimiento	es
regio	es
regional	es
regionalismo	es
regionalista	es
regionalización	es
regionario	es
regir	es
registrada	es
registrador	es
registrar	es
registro	es
regitivo	es
región	es
regla	es
reglado	es
reglaje	es
reglamentación	es
reglamentar	es
reglamentaria	es
reglamentariamente	es
reglamentario	es
reglamento	es
reglar	es
regleta	es
regletear	es
reglón	es
regocijadamente	es
regocijado	es
regocijador	es
regocijar	es
regocijo	es
regodear	es
regodeo	es
regolaje	es
regoldano	es
regoldar	es
regoldo	es
regolfar	es
regomello	es
regomeyo	es
regona	es
regordete	es
regorjarse	es
regostar	es
regraciar	es
regradecer	es
regresar	es
regresivo	es
regresión	es
regreso	es
regruñir	es
reguardar	es
reguera	es
reguero	es
reguetón	es
reguilar	es
reguilete	es
regulación	es
regulado	es
regulador	es
regular	es
regularidad	es
regularización	es
regularizador	es
regularizar	es
regularmente	es
regulativo	es
regurgitar	es
regusto	es
regímenes	es
regüeldo	es
rehacer	es
rehala	es
rehalero	es
rehartar	es
rehaz	es
rehecho	es
rehelear	es
rehenchid	es
rehenchida	es
rehenchidas	es
rehenchido	es
rehenchidos	es
rehenchimos	es
rehenchir	es
rehenchiremos	es
rehenchirse	es
rehenchirá	es
rehenchirán	es
rehenchirás	es
rehenchiré	es
rehenchiréis	es
rehenchiría	es
rehenchiríamos	es
rehenchirían	es
rehenchirías	es
rehenchiste	es
rehenchisteis	es
rehenchí	es
rehenchía	es
rehenchíais	es
rehenchíamos	es
rehenchían	es
rehenchías	es
rehenchís	es
reherir	es
reherrar	es
rehervir	es
rehilamiento	es
rehilandera	es
rehilar	es
rehilete	es
rehinchamos	es
rehinchiendo	es
rehinchiera	es
rehinchierais	es
rehinchieran	es
rehinchieras	es
rehinchiere	es
rehinchiereis	es
rehinchieren	es
rehinchieres	es
rehinchieron	es
rehinchiese	es
rehinchieseis	es
rehinchiesen	es
rehinchieses	es
rehinchimiento	es
rehinchir	es
rehinchiéramos	es
rehinchiéremos	es
rehinchiésemos	es
rehinchió	es
rehincháis	es
rehogar	es
rehollar	es
rehoyar	es
rehuir	es
rehumedecer	es
rehundido	es
rehundir	es
rehurtar	es
rehusar	es
rehén	es
rehíncha	es
rehínchan	es
rehínchas	es
rehínche	es
rehínchen	es
rehínches	es
rehíncho	es
reidero	es
reidor	es
reilar	es
reimplantar	es
reimportar	es
reimpreso	es
reimprimir	es
reina	es
reinado	es
reinador	es
reinante	es
reinar	es
reincidir	es
reincorporar	es
reineta	es
reingresar	es
reiniciar	es
reino	es
reinsertado	es
reinstalar	es
reintegrar	es
reintegro	es
reinvención	es
reinventar	es
reiteración	es
reiteradamente	es
reiterado	es
reiterar	es
reitre	es
reivindicable	es
reivindicación	es
reivindicar	es
reivindicativo	es
reivindicatorio	es
reixach	es
reja	es
rejacar	es
rejada	es
rejado	es
rejalgar	es
rejero	es
rejitar	es
rejo	es
rejoncillo	es
rejoneador	es
rejonear	es
rejuela	es
rejuntar	es
rejuvenecer	es
rejuvenecimiento	es
rejón	es
rel	es
relabrar	es
relacional	es
relacionar	es
relacionero	es
relación	es
relajación	es
relajada	es
relajadamente	es
relajador	es
relajamiento	es
relajante	es
relajar	es
relamer	es
relampagueante	es
relampaguear	es
relanzar	es
relatador	es
relatar	es
relativa	es
relativamente	es
relatividad	es
relativismo	es
relativista	es
relativizar	es
relativo	es
relato	es
relator	es
relavar	es
relax	es
relazar	es
relectura	es
releer	es
relegar	es
relej	es
relejar	es
releje	es
relente	es
relentecer	es
relevancia	es
relevante	es
relevar	es
relevo	es
relicario	es
relicto	es
relieve	es
religar	es
religionario	es
religiosa	es
religiosamente	es
religiosidad	es
religioso	es
religión	es
relimar	es
relimpiar	es
relinchador	es
relinchar	es
relinchido	es
relincho	es
relinga	es
relingar	es
reliquia	es
reliquiario	es
rellanar	es
rellano	es
rellenito	es
relleno	es
reloj	es
relojera	es
relojero	es
relso	es
reluchar	es
relucir	es
reluctancia	es
reluctante	es
relumbrar	es
relvar	es
relámpago	es
relé	es
remachador	es
remachar	es
remache	es
remador	es
remadura	es
remallar	es
remamiento	es
remanar	es
remandar	es
remanecer	es
remanente	es
remangado	es
remangar	es
remanir	es
remanoso	es
remansar	es
remar	es
remarcar	es
rematadamente	es
rematado	es
rematamiento	es
rematante	es
remate	es
rembolsar	es
remecer	es
remedador	es
remedar	es
remediable	es
remediación	es
remediar	es
remediavagos	es
remedición	es
remedio	es
remedir	es
remedo	es
remejer	es
remellado	es
remellar	es
remembranza	es
remembrar	es
rememoranza	es
rememorar	es
remendar	es
remendón	es
remeneo	es
remense	es
remero	es
remesar	es
remeter	es
remiche	es
remiendo	es
remilgado	es
remilgar	es
remilgo	es
reminiscencia	es
remirar	es
remisible	es
remisivamente	es
remiso	es
remisoria	es
remisorio	es
remite	es
remitente	es
remitido	es
remitir	es
remo	es
remocho	es
remodelación	es
remodelar	es
remojadero	es
remojar	es
remojón	es
remolacha	es
remolcador	es
remolcar	es
remoldar	es
remoler	es
remolinar	es
remolinear	es
remolino	es
remolonear	es
remolque	es
remolón	es
remondar	es
remontado	es
remontamiento	es
remontar	es
remonte	es
remontista	es
remoque	es
remorar	es
remorder	es
remosquear	es
remostar	es
remostecer	es
remotamente	es
remoto	es
remover	es
remozamiento	es
remozar	es
remplazar	es
rempujar	es
rempujo	es
remudamiento	es
remudar	es
remudiar	es
remugar	es
remullir	es
remuneración	es
remunerador	es
remunerar	es
remunerativo	es
remuneratorio	es
remusgar	es
renacentista	es
renacer	es
renacuajo	es
renal	es
rencilla	es
rencilloso	es
rencionar	es
renco	es
rencontrar	es
rencor	es
rencorosamente	es
rencoroso	es
rencurarse	es
rendaje	es
rendajo	es
rendar	es
render	es
rendición	es
rendidamente	es
rendido	es
rendija	es
rendimiento	es
rendir	es
rene	es
renegado	es
renegar	es
renegrear	es
renegrido	es
rengadero	es
rengar	es
rengle	es
renglera	es
renglonadura	es
renglón	es
renguear	es
renil	es
renitencia	es
renitente	es
reno	es
renovación	es
renovador	es
renovar	es
renqueante	es
renquear	es
renta	es
rentabilidad	es
rentar	es
rentero	es
rentería	es
renting	es
rentista	es
rentosa	es
rentoso	es
rentoy	es
rentóis	es
renuencia	es
renuente	es
renuevo	es
renuncia	es
renunciable	es
renunciamiento	es
renunciante	es
renunciar	es
renunciatario	es
renvalsar	es
renvalso	es
reo	es
reobrar	es
reoca	es
reoctavar	es
reojo	es
reorganizador	es
reorganizar	es
reorientar	es
reostato	es
rep	es
repacer	es
repagar	es
repanchigar	es
repantigar	es
repapilar	es
repapo	es
reparable	es
reparación	es
reparamiento	es
reparar	es
reparativo	es
reparo	es
repartidor	es
repartir	es
reparón	es
repasata	es
repastar	es
repatear	es
repatriar	es
repechar	es
repeinar	es
repelada	es
repelar	es
repelente	es
repeler	es
repellar	es
repelo	es
repeluco	es
repeluzno	es
repelús	es
repensar	es
repente	es
repentinamente	es
repentino	es
repentirse	es
repentista	es
repentizar	es
repercudir	es
repercusivo	es
repercutir	es
repertorio	es
repesar	es
repescar	es
repetibilidad	es
repetidamente	es
repetidor	es
repetir	es
repetitividad	es
repetitivo	es
repicar	es
repicotear	es
repinaldo	es
repinar	es
repintar	es
repipi	es
repiquetear	es
repisar	es
repitiente	es
repizcar	es
replantación	es
replantar	es
replantear	es
replegar	es
repletar	es
repleto	es
replicación	es
replicador	es
replicar	es
replicato	es
replicón	es
repoblar	es
repodar	es
repodrida	es
repodridas	es
repodrido	es
repodridos	es
repodrir	es
repodrirse	es
repollar	es
repolludo	es
reponer	es
reportaje	es
reportamiento	es
reportar	es
reporterismo	es
reportista	es
reposadamente	es
reposadero	es
reposar	es
repositorio	es
repostar	es
repostero	es
repostería	es
repoyar	es
repreguntar	es
reprehender	es
reprehensible	es
reprendedor	es
reprender	es
reprensible	es
represalia	es
represar	es
representable	es
representacional	es
representanta	es
representante	es
representar	es
representatividad	es
representativo	es
represivo	es
represor	es
reprimenda	es
reprimir	es
reprobar	es
reprochable	es
reprochador	es
reprochar	es
reproche	es
reproducibilidad	es
reproducible	es
reproducir	es
reproductivamente	es
repropiar	es
reptar	es
reptil	es
republicanismo	es
republicano	es
repuchar	es
repudiar	es
repudio	es
repudrir	es
repuesto	es
repugnancia	es
repugnar	es
repujar	es
repulgar	es
repulir	es
repullo	es
repulsa	es
repulsar	es
repulsivo	es
repulsión	es
repuntar	es
repurgar	es
reputación	es
reputado	es
reputar	es
repón	es
requebrajo	es
requebrar	es
requemado	es
requena	es
requeridor	es
requerimiento	es
requerir	es
requetebién	es
requintador	es
requintar	es
requirente	es
requisar	es
requisición	es
requisito	es
requisitorio	es
requive	es
res	es
resaber	es
resabiado	es
resabiar	es
resabio	es
resal	es
resalir	es
resallar	es
resaltar	es
resalte	es
resaludar	es
resalvo	es
resanar	es
resarcimiento	es
resarcir	es
resbaladero	es
resbaladizo	es
resbalador	es
resbaladura	es
resbalamiento	es
resbalar	es
resbalera	es
resbaloso	es
resbalón	es
rescaldar	es
rescatador	es
rescatar	es
rescate	es
rescatista	es
rescaza	es
rescaño	es
rescindir	es
rescisión	es
rescisorio	es
rescoldar	es
rescoldera	es
rescoldo	es
rescontrar	es
rescribir	es
rescripto	es
rescriptorio	es
rescrito	es
resecar	es
resección	es
reseco	es
resegar	es
reseguir	es
resellar	es
resemblar	es
resembrar	es
resentir	es
resequido	es
reserva	es
reservación	es
reservadamente	es
reservado	es
reservar	es
reservativo	es
reservista	es
reservorio	es
reseñar	es
resfriado	es
resfriador	es
resfriadura	es
resfriamiento	es
resfriante	es
resfriar	es
resguardar	es
resguardo	es
residencia	es
residencial	es
residenciar	es
residente	es
residir	es
residual	es
residuo	es
resigna	es
resignación	es
resignadamente	es
resignar	es
resignatario	es
resiliencia	es
resiliente	es
resina	es
resinar	es
resinero	es
resinificar	es
resinoso	es
resinífero	es
resisar	es
resistencia	es
resistente	es
resistero	es
resistible	es
resistidero	es
resistidor	es
resistir	es
resistividad	es
resistivo	es
resistor	es
resobar	es
resobrar	es
resolano	es
resolgar	es
resoli	es
resollar	es
resoluble	es
resolución	es
resoluta	es
resolutamente	es
resolutivamente	es
resoluto	es
resolutoriamente	es
resolutorio	es
resolvente	es
resolver	es
resolí	es
resonadamente	es
resonancia	es
resonar	es
resoplar	es
resorber	es
resorte	es
respahilando	es
respahilar	es
respaldar	es
respaldo	es
respectar	es
respectivamente	es
respectivo	es
respecto	es
respeluzar	es
respetabilidad	es
respetable	es
respetador	es
respetar	es
respeto	es
respetuosa	es
respetuosamente	es
respetuoso	es
respetusamente	es
respigador	es
respigar	es
respingar	es
respingón	es
respirable	es
respiración	es
respiradero	es
respirador	es
respirar	es
respiratorio	es
resplandecer	es
resplandeciente	es
resplandecimiento	es
resplandor	es
resplendor	es
responder	es
respondonamente	es
respondón	es
responsabilidad	es
responsabilizar	es
responsable	es
responsar	es
responsear	es
responsivo	es
responsorio	es
respuesta	es
resquebradura	es
resquebrajadizo	es
resquebrajadura	es
resquebrajamiento	es
resquebrajar	es
resquebrajoso	es
resquebrar	es
resquemar	es
resquemo	es
resquemor	es
resquicio	es
resquilar	es
resquitar	es
resta	es
restablecer	es
restablecimiento	es
restallar	es
restallido	es
restante	es
restar	es
restauración	es
restaurador	es
restaurante	es
restaurar	es
restaurativo	es
restañar	es
restaño	es
restinga	es
restingar	es
restitución	es
restituidor	es
restituir	es
restitutorio	es
resto	es
restregadura	es
restregamiento	es
restregar	es
restribar	es
restricción	es
restrictivamente	es
restrictivo	es
restricto	es
restringa	es
restringente	es
restringido	es
restringir	es
restriñir	es
restrojo	es
resucitado	es
resucitador	es
resucitar	es
resudar	es
resuello	es
resueltamente	es
resuelto	es
resuelve	es
resulta	es
resultado	es
resultancia	es
resultando	es
resultante	es
resultar	es
resumen	es
resumidamente	es
resumir	es
resurgir	es
resurrección	es
resurtir	es
resurtivo	es
retablo	es
retacar	es
retacear	es
retador	es
retaguardia	es
retahíla	es
retajar	es
retal	es
retallar	es
retallecer	es
retama	es
retamal	es
retamar	es
retamero	es
retar	es
retardador	es
retardar	es
retardativo	es
retardatorio	es
retardo	es
retartalillas	es
retasar	es
retazar	es
retejador	es
retejar	es
retejer	es
retel	es
retemblar	es
retención	es
retenedor	es
retener	es
retenidamente	es
retenimiento	es
retentar	es
retentivo	es
retesamiento	es
retesar	es
retestinar	es
reteñir	es
reticencia	es
reticente	es
reticular	es
retinar	es
retinglar	es
retiniano	es
retintín	es
retiración	es
retiradamente	es
retirado	es
retirar	es
retiñir	es
reto	es
retocador	es
retocar	es
retomar	es
retor	es
retorcer	es
retorcido	es
retorcijar	es
retorcijo	es
retoricar	es
retornar	es
retornelo	es
retorromano	es
retorrománico	es
retorsivo	es
retorta	es
retortijar	es
retortijón	es
retostar	es
retozador	es
retozadura	es
retozar	es
retoñar	es
retoñecer	es
retoño	es
retractable	es
retractación	es
retractar	es
retractilado	es
retractilar	es
retractilidad	es
retraducir	es
retraer	es
retraimiento	es
retranca	es
retrancar	es
retranquear	es
retransmitir	es
retrasado	es
retrasar	es
retraso	es
retratador	es
retratar	es
retratista	es
retrato	es
retrayente	es
retrechar	es
retrechero	es
retrepar	es
retrete	es
retribución	es
retribuir	es
retributivo	es
retrillar	es
retroacción	es
retroactividad	es
retroactivo	es
retroalimentación	es
retroalimentar	es
retrocar	es
retrocarga	es
retroceder	es
retroceso	es
retrogradar	es
retroguardia	es
retronar	es
retrospectivo	es
retrotraer	es
retrovender	es
retroventa	es
retrovisor	es
retrucar	es
retráctil	es
retrógrado	es
retuelle	es
retumbante	es
retumbar	es
retundir	es
retén	es
retícula	es
retículo	es
retórica	es
retóricamente	es
retórico	es
reucliniano	es
reuma	es
reumatismo	es
reumatoide	es
reumática	es
reumático	es
reunificación	es
reunir	es
reuntar	es
reus	es
reusense	es
reutilizar	es
rev	es
revalidar	es
revalorizar	es
revaluar	es
revancha	es
revanchismo	es
revanchista	es
revejecer	es
revejido	es
revejudo	es
revelación	es
revelador	es
revelamiento	es
revelandero	es
revelar	es
reveler	es
revenar	es
revencer	es
revendedera	es
revender	es
revenimiento	es
revenir	es
reventa	es
reventadero	es
reventador	es
reventar	es
rever	es
reverberación	es
reverberar	es
reverbero	es
reverdecer	es
reverencia	es
reverenciador	es
reverencial	es
reverenciar	es
reverendo	es
reverente	es
reverentemente	es
reversa	es
reversar	es
reversibilidad	es
reversible	es
reverter	es
revertir	es
revesar	es
revesino	es
revestimiento	es
revestir	es
revezar	es
revezo	es
revidar	es
reviejo	es
revinar	es
revindicar	es
revirar	es
revisar	es
revisionismo	es
revisionista	es
revisor	es
revista	es
revistar	es
revistero	es
revisto	es
revitalizar	es
revividero	es
revivificar	es
revivir	es
revocabilidad	es
revocable	es
revocablemente	es
revocador	es
revocadura	es
revocar	es
revocatorio	es
revolar	es
revolcadero	es
revolcar	es
revolcón	es
revolear	es
revolotear	es
revoltijo	es
revoltillo	es
revoltoso	es
revoltón	es
revolucionar	es
revolucionario	es
revolución	es
revolvedero	es
revolvedor	es
revolver	es
revolvimiento	es
revoque	es
revotar	es
revueltamente	es
revuelto	es
revuelvepiedras	es
revulsivo	es
revulsión	es
revulsorio	es
revé	es
revén	es
revés	es
revólver	es
rey	es
reyerta	es
reyes	es
reyezuelo	es
rezado	es
rezador	es
rezagar	es
rezago	es
rezandero	es
rezar	es
rezno	es
rezo	es
rezongador	es
rezongar	es
rezonglar	es
rezongo	es
rezonguero	es
rezumadero	es
rezumar	es
rezura	es
rezurcir	es
rezón	es
reír	es
reñidero	es
reñido	es
reñir	es
reóstato	es
ria	es
riacho	es
riachuelo	es
riada	es
riais	es
riatillo	es
ribacera	es
ribadense	es
ribagorzano	es
ribaldo	es
ribarroja	es
ribas	es
ribazo	es
ribera	es
riberano	es
ribereño	es
riberiego	es
ribero	es
ribete	es
ribeteado	es
ribeteador	es
ribetear	es
ribonucleico	es
ribonucleótido	es
ribosa	es
ribosoma	es
rica	es
ricacho	es
ricahembra	es
ricahombría	es
ricamente	es
ricardo	es
ricia	es
ricial	es
ricino	es
ricio	es
rico	es
ricohombre	es
rictus	es
ricura	es
ridiculez	es
ridiculizar	es
ridículamente	es
ridículo	es
riego	es
riel	es
rielar	es
rielera	es
rienda	es
riera	es
riesgo	es
riestra	es
rifa	es
rifador	es
rifadura	es
rifar	es
rifarrafa	es
rifirrafe	es
rifle	es
rigente	es
rigidez	es
rigodón	es
rigor	es
rigorismo	es
rigorista	es
rigoroso	es
riguridad	es
rigurosamente	es
rigurosidad	es
riguroso	es
rijador	es
rijoso	es
rilar	es
rima	es
rimador	es
rimar	es
rimbombancia	es
rimbombante	es
rimbombantemente	es
rimbombar	es
rimero	es
rinconada	es
rinconera	es
rincón	es
ringar	es
ringla	es
ringle	es
ringlera	es
ringlero	es
ringorrango	es
rinitis	es
rinoceronte	es
rinoplastia	es
rinoscopia	es
rio	es
rioja	es
riojano	es
riolada	es
rionegrino	es
rioplatense	es
riosellano	es
riostrar	es
ripiao	es
ripiar	es
ripio	es
ripioso	es
ripollet	es
riqueza	es
riquísimo	es
risa	es
risada	es
riscal	es
riscar	es
riscoso	es
risibilidad	es
risible	es
riso	es
risotada	es
risotear	es
rispo	es
ristolero	es
ristra	es
ristre	es
ristrel	es
risueño	es
rita	es
rite	es
ritmar	es
ritmo	es
rito	es
ritual	es
ritualidad	es
ritualismo	es
ritualista	es
rival	es
rivalidad	es
rivalizar	es
rivas	es
riveira	es
rivera	es
riza	es
rizado	es
rizador	es
rizar	es
rizo	es
rizoide	es
rizoma	es
rizoso	es
rizón	es
rizópodo	es
riña	es
riñonada	es
riñonera	es
riñón	es
ro	es
roano	es
rob	es
robada	es
robadera	es
robadizo	es
robado	es
robador	es
robaliza	es
robar	es
robeco	es
roberto	es
robezo	es
robinia	es
robladero	es
robladura	es
roblar	es
roble	es
robleda	es
robledal	es
robledo	es
roblizo	es
roblonar	es
robo	es
roborante	es
roborar	es
roborativo	es
robot	es
robra	es
robrar	es
robre	es
robredal	es
robredo	es
robustamente	es
robustecer	es
robustecimiento	es
robustez	es
robusto	es
robótica	es
roca	es
rocada	es
rocadero	es
rocalla	es
rocalloso	es
rocambola	es
rocambolescamente	es
roce	es
rocero	es
rochar	es
rociada	es
rociadera	es
rociador	es
rociadura	es
rociamiento	es
rociar	es
rociero	es
rocinal	es
rocinante	es
rocino	es
rock	es
rococó	es
rocoso	es
rocín	es
rocío	es
rocódromo	es
roda	es
rodaballo	es
rodada	es
rodadero	es
rodadizo	es
rodado	es
rodador	es
rodadura	es
rodaja	es
rodaje	es
rodal	es
rodamiento	es
rodancha	es
rodancho	es
rodante	es
rodapelo	es
rodaplancha	es
rodar	es
rodea	es
rodeabrazo	es
rodeador	es
rodear	es
rodela	es
rodelero	es
rodenal	es
rodeno	es
rodeo	es
rodera	es
rodericense	es
rodero	es
rodete	es
rodezno	es
rodillero	es
rodillo	es
rodilludo	es
rodio	es
rododendro	es
rodomiel	es
rodreja	es
rodrejo	es
rodrigar	es
rodríguez	es
roedor	es
roedura	es
roela	es
roer	es
roete	es
rogado	es
rogador	es
rogar	es
rogativa	es
rogativo	es
rogatorio	es
rojal	es
rojales	es
rojear	es
rojete	es
rojeto	es
rojez	es
rojizo	es
rojo	es
rojura	es
rol	es
rolar	es
roldana	es
roldar	es
rolde	es
roleo	es
rolla	es
rollar	es
rolletal	es
rollizo	es
rollo	es
rollona	es
romadizar	es
romadizo	es
romaico	es
romana	es
romanador	es
romanar	es
romanato	es
romance	es
romanceador	es
romancear	es
romancerista	es
romancero	es
romancesco	es
romanche	es
romancista	es
romanear	es
romanero	es
romanesco	es
romanina	es
romanismo	es
romanista	es
romanización	es
romanizar	es
romano	es
romanticismo	es
romanzador	es
romanzar	es
romaní	es
romaza	es
rombal	es
rombo	es
romboedro	es
romboidal	es
romboide	es
romeo	es
romeral	es
romeriego	es
romero	es
romería	es
romo	es
rompecabezas	es
rompecoches	es
rompedera	es
rompedero	es
rompedor	es
rompedura	es
rompegalas	es
rompehielos	es
rompenecios	es
rompeolas	es
rompepoyos	es
romper	es
rompesacos	es
rompesquinas	es
rompible	es
rompido	es
rompiente	es
rompimiento	es
román	es
románico	es
romántico	es
romí	es
romín	es
ron	es
ronca	es
roncador	es
roncal	es
roncamente	es
roncar	es
ronce	es
roncear	es
roncero	es
roncha	es
ronchar	es
ronco	es
roncón	es
ronda	es
rondador	es
rondalla	es
rondana	es
rondar	es
rondiz	es
rondís	es
rondón	es
ronquear	es
ronquedad	es
ronquera	es
ronquez	es
ronquido	es
ronronear	es
ronza	es
ronzal	es
ronzar	es
ronzuella	es
ropa	es
ropaje	es
ropavejero	es
ropero	es
ropeta	es
ropón	es
roque	es
roqueda	es
roquedal	es
roquedo	es
roquefort	es
roquero	es
roqueta	es
roquetas	es
roquete	es
roqués	es
rorante	es
rorar	es
rorcual	es
rorro	es
ros	es
rosa	es
rosadelfa	es
rosadillo	es
rosado	es
rosal	es
rosalba	es
rosaleda	es
rosalera	es
rosar	es
rosariero	es
rosarino	es
rosario	es
rosbif	es
rosca	es
roscadero	es
roscar	es
roscón	es
rosear	es
roses	es
roseta	es
rosetón	es
rosicler	es
rosigar	es
rosjo	es
rosmarino	es
rosmaro	es
roso	es
rosoli	es
rosquete	es
rosquillero	es
rostir	es
rostrado	es
rostral	es
rostrata	es
rostritorcido	es
rostrituerto	es
rostrizo	es
rostro	es
rosácea	es
rosáceo	es
rota	es
rotacismo	es
rotación	es
rotal	es
rotar	es
rotativo	es
rotatorio	es
roto	es
rotonda	es
rotor	es
rotulador	es
rotular	es
rotulata	es
rotuliano	es
rotunda	es
rotundamente	es
rotundidad	es
rotundo	es
rotura	es
roturador	es
roturar	es
rouge	es
roya	es
royega	es
royo	es
roza	es
rozadera	es
rozadero	es
rozador	es
rozadura	es
rozagante	es
rozamiento	es
rozar	es
rozas	es
roznar	es
roznido	es
roído	es
roña	es
roñar	es
rte	es
ruan	es
ruanda	es
ruandés	es
ruano	es
ruante	es
ruar	es
rubefacción	es
rubescente	es
rubeta	es
rubia	es
rubial	es
rubicela	es
rubicundez	es
rubicundo	es
rubidio	es
rubiel	es
rubificar	es
rubilla	es
rubio	es
rubiácea	es
rubiáceo	es
rubión	es
rublo	es
rubo	es
rubor	es
ruborizar	es
ruborosamente	es
ruboroso	es
rubricante	es
rubricar	es
rubricista	es
rubriquista	es
rubro	es
rubén	es
rubí	es
rubín	es
rucar	es
ruchar	es
ruciadera	es
rucio	es
ruda	es
rudamente	es
rudeza	es
rudimental	es
rudimentariamente	es
rudimentario	es
rudimento	es
rudo	es
rueca	es
rueda	es
ruedero	es
ruedo	es
ruego	es
ruejo	es
ruello	es
ruezno	es
rufeta	es
rufezno	es
rufianear	es
rufianería	es
rufianesca	es
rufianesco	es
rufián	es
rufo	es
rugar	es
rugby	es
rugido	es
rugidor	es
ruginoso	es
rugir	es
rugosidad	es
rugoso	es
ruibarbo	es
ruido	es
ruidosamente	es
ruidoso	es
ruin	es
ruina	es
ruinar	es
ruindad	es
ruinera	es
ruinmente	es
ruinoso	es
ruiponce	es
ruiseñor	es
ruiz	es
rujiar	es
rular	es
ruleta	es
rulo	es
rumano	es
rumanía	es
rumbar	es
rumbo	es
rumbosamente	es
rumboso	es
rumia	es
rumiaco	es
rumiador	es
rumiadura	es
rumiante	es
rumiar	es
rumo	es
rumor	es
rumorear	es
rumoroso	es
runa	es
rundel	es
runflante	es
runflar	es
rungo	es
runo	es
runrunear	es
runrún	es
rupestre	es
rupia	es
rupicabra	es
rupicapra	es
ruptura	es
ruqueta	es
rural	es
ruralmente	es
rus	es
rusco	es
rusentar	es
rusia	es
rusiente	es
rusificar	es
ruso	es
rusticano	es
rusticar	es
rusticidad	es
rustiquez	es
rustir	es
rustrir	es
ruta	es
rutar	es
rutel	es
rutenio	es
ruteno	es
rutilante	es
rutilar	es
rutilo	es
rutina	es
rutinariamente	es
rutinario	es
rutinero	es
rutácea	es
rutáceo	es
ruñar	es
rvd	es
rvdo	es
rábano	es
rábida	es
rábido	es
rábula	es
rácord	es
ráfaga	es
ránula	es
rápidamente	es
rápido	es
récord	es
récords	es
rédito	es
réflex	es
régimen	es
régulo	es
rémora	es
réplica	es
réprobo	es
réquiem	es
rético	es
ría	es
rígidamente	es
rígido	es
río	es
rítmicamente	es
rítmico	es
róbalo	es
róseo	es
rótula	es
rótulo	es
rúa	es
rúbrica	es
rúnico	es
rústicamente	es
rústico	es
s	es
sabadell	es
sabadellense	es
sabadeño	es
sabadiego	es
sabalar	es
sabalera	es
sabalero	es
sabana	es
sabandija	es
sabandijuela	es
sabanero	es
sabatario	es
sabatina	es
sabatino	es
sabatismo	es
sabatizar	es
sabaya	es
sabañón	es
sabedor	es
sabela	es
sabelianismo	es
sabeliano	es
sabelotodo	es
sabeo	es
saber	es
sabiamente	es
sabida	es
sabidillo	es
sabido	es
sabiduría	es
sabiendas	es
sabihondez	es
sabihondo	es
sabinar	es
sabino	es
sabio	es
sabiondamente	es
sabiondez	es
sabiondo	es
sable	es
sableador	es
sablear	es
sablista	es
saboga	es
sabogal	es
sabonera	es
saboneta	es
sabor	es
saborea	es
saboreador	es
saboreamiento	es
saborear	es
saborgar	es
saborizante	es
sabotaje	es
saboteador	es
sabotear	es
saboyano	es
sabre	es
sabrosamente	es
sabroso	es
sabucal	es
sabuco	es
sabueso	es
sabugal	es
sabugo	es
sabuloso	es
saburra	es
saburrar	es
sabático	es
saca	es
sacabala	es
sacabocado	es
sacabotas	es
sacabrocas	es
sacabuche	es
sacacorchos	es
sacacuartos	es
sacada	es
sacadera	es
sacadineros	es
sacador	es
sacadura	es
sacaleches	es
sacamanchas	es
sacamantas	es
sacamantecas	es
sacamiento	es
sacamuelas	es
sacamuertos	es
sacanabo	es
sacanete	es
sacapelotas	es
sacapotras	es
sacapuntas	es
sacar	es
sacarificar	es
sacarina	es
sacarino	es
sacaroideo	es
sacarosa	es
sacasillas	es
sacatrapos	es
sacerdocio	es
sacerdotal	es
sacerdote	es
sacerdotisa	es
sachadura	es
sachar	es
saciable	es
saciar	es
saciedad	es
sacio	es
saco	es
sacomano	es
sacra	es
sacralizar	es
sacramentado	es
sacramental	es
sacramentalmente	es
sacramentar	es
sacramentario	es
sacramentino	es
sacramento	es
sacre	es
sacrificadero	es
sacrificador	es
sacrificar	es
sacrificio	es
sacrilegio	es
sacrismoche	es
sacrista	es
sacristana	es
sacristanesco	es
sacristán	es
sacristía	es
sacro	es
sacrosanto	es
sacrílego	es
sacudida	es
sacudidor	es
sacudidura	es
sacudimiento	es
sacudir	es
sadismo	es
saduceo	es
saeta	es
saetar	es
saetazo	es
saetear	es
saetero	es
saetía	es
safari	es
safena	es
safismo	es
saga	es
sagacidad	es
sagallino	es
sagapeno	es
sagaz	es
sagazmente	es
sagita	es
sagital	es
sagitaria	es
sagitario	es
sagradamente	es
sagrado	es
sagrario	es
saguntino	es
sagunto	es
sahariano	es
sahinar	es
sahornar	es
sahumador	es
sahumadura	es
sahumar	es
sahumerio	es
sahína	es
sainar	es
sainete	es
sainetear	es
sainetero	es
sainetesco	es
sainetista	es
saint	es
sajada	es
sajador	es
sajadura	es
sajar	es
sajelar	es
sajón	es
sal	es
sala	es
salabardear	es
salabardo	es
salacenco	es
salacidad	es
salacot	es
salada	es
saladamente	es
saladar	es
saladero	es
saladillo	es
salado	es
salador	es
saladura	es
salamanca	es
salamandra	es
salamandria	es
salamandrino	es
salamanquero	es
salamanquino	es
salami	es
salamunda	es
salangana	es
salar	es
salarial	es
salariar	es
salario	es
salaz	es
salazonero	es
salazón	es
salbanda	es
salce	es
salceda	es
salcedo	es
salchicha	es
salchichero	es
salchichón	es
salchucho	es
salcinar	es
salcochar	es
saldar	es
salderita	es
saldista	es
saldo	es
saldorija	es
saldubense	es
salear	es
saledizo	es
salegar	es
salema	es
salentino	es
salep	es
salera	es
salernitano	es
salero	es
saleroso	es
salesa	es
salesiano	es
saleta	es
salga	es
salgada	es
salgadera	es
salgar	es
salgareño	es
salguera	es
salguero	es
salicaria	es
salicilato	es
salicina	es
salicor	es
salicílico	es
salida	es
salidero	es
salidizo	es
salido	es
saliente	es
salientemente	es
salificar	es
salimiento	es
salina	es
salinero	es
salinidad	es
salino	es
salio	es
salipirina	es
salir	es
salisipan	es
salisípanes	es
salitrado	es
salitral	es
salitre	es
salitrera	es
salitrero	es
salitroso	es
saliva	es
salivación	es
salivadera	es
salivajo	es
salival	es
salivar	es
salivazo	es
salivera	es
salivoso	es
sallador	es
salladura	es
sallar	es
sallete	es
salma	es
salmanticense	es
salmantino	es
salmar	es
salmear	es
salmer	es
salmera	es
salmerón	es
salmista	es
salmo	es
salmodiar	es
salmonada	es
salmonado	es
salmonera	es
salmonete	es
salmorejo	es
salmuera	es
salmuerar	es
salmón	es
salobral	es
salobre	es
salobreño	es
salobridad	es
salol	es
salomar	es
salomonense	es
salomón	es
salomónico	es
saloncillo	es
salou	es
salpa	es
salpicadero	es
salpicadura	es
salpicar	es
salpimentar	es
salpique	es
salpresamiento	es
salpresar	es
salpuga	es
salpullir	es
salsa	es
salsamentar	es
salsamento	es
salsear	es
salsedumbre	es
salsera	es
salsereta	es
salsero	es
salseruela	es
salso	es
salsoláceo	es
salt	es
saltabanco	es
saltabardales	es
saltabarrancos	es
saltacaballo	es
saltacharquillos	es
saltadero	es
saltadizo	es
saltado	es
saltador	es
saltadura	es
saltaembanco	es
saltaembarca	es
saltambarca	es
saltamontes	es
saltaojos	es
saltapajas	es
saltaparedes	es
saltaprados	es
saltar	es
saltarel	es
saltarelo	es
saltarilla	es
saltarregla	es
saltarrostro	es
saltatriz	es
saltatumbas	es
salteador	es
salteadora	es
salteamiento	es
saltear	es
salterio	es
salteño	es
saltigallo	es
saltimbanco	es
saltimbanqui	es
salto	es
salubre	es
salubridad	es
salud	es
saludablemente	es
saludador	es
saludar	es
saludo	es
salumbre	es
salutación	es
salute	es
salva	es
salvabarros	es
salvable	es
salvachia	es
salvación	es
salvadamente	es
salvadera	es
salvado	es
salvador	es
salvadoreño	es
salvaguardar	es
salvaguardia	es
salvajada	es
salvajemente	es
salvajez	es
salvajino	es
salvajismo	es
salvamano	es
salvamanteles	es
salvamento	es
salvamiento	es
salvante	es
salvar	es
salvaterrano	es
salvatiqueza	es
salvavidas	es
salve	es
salvia	es
salvo	es
salvoconducto	es
salvohonor	es
salvático	es
salzmimbre	es
salón	es
sama	es
samanta	es
samarilla	es
samario	es
samarita	es
samaritano	es
samarugo	es
samaruguera	es
sambenitar	es
sambenito	es
samblaje	es
sambuca	es
samio	es
samnite	es
samoa	es
samoano	es
samosateno	es
samosatense	es
samotracio	es
samovar	es
samoyedo	es
sampaguita	es
sampedrano	es
sampsuco	es
samuga	es
samugo	es
samuray	es
samurrar	es
samurái	es
san	es
sana	es
sanable	es
sanación	es
sanador	es
sanalotodo	es
sanamente	es
sanamunda	es
sananica	es
sanantona	es
sanapudio	es
sanar	es
sanativo	es
sanatorio	es
sanchecia	es
sanchete	es
sanchina	es
sancho	es
sanchopancesco	es
sancionador	es
sancionar	es
sancionatorio	es
sancirole	es
sanción	es
sancochar	es
sancristobaleño	es
sancta	es
sanctasanctórum	es
sanctus	es
sandalia	es
sandalino	es
sandez	es
sandial	es
sandiar	es
sandio	es
sandra	es
sanducero	es
sandunga	es
sandunguero	es
sandwichera	es
sandáraca	es
sandía	es
saneamiento	es
sanear	es
sanedrín	es
sanfrancia	es
sangley	es
sangonera	es
sangradera	es
sangrador	es
sangradura	es
sangrante	es
sangrantemente	es
sangrar	es
sangraza	es
sangre	es
sangredo	es
sangrentar	es
sangricio	es
sangrientamente	es
sangriento	es
sangriza	es
sangría	es
sanguaza	es
sanguificar	es
sanguijolero	es
sanguijuela	es
sanguijuelero	es
sanguina	es
sanguinaria	es
sanguinario	es
sanguino	es
sanguinolencia	es
sanguinolento	es
sanguinoso	es
sanguis	es
sanguisorba	es
sanguisuela	es
sanguja	es
sanguíneo	es
sanidad	es
sanidina	es
sanie	es
sanioso	es
sanitario	es
sanjacado	es
sanjacato	es
sanjaco	es
sanjar	es
sanjuanada	es
sanjuanero	es
sanjuanino	es
sanjuanista	es
sanluisero	es
sanluiseño	es
sanlúcar	es
sanmarinense	es
sanmartiniano	es
sanmiguelada	es
sano	es
sansa	es
sanscritista	es
sansimoniano	es
sansimonismo	es
sanso	es
sansón	es
santa	es
santacruceño	es
santafecino	es
santafesino	es
santaluciano	es
santamente	es
santana	es
santander	es
santanderino	es
santateresa	es
santera	es
santero	es
santiago	es
santiaguero	es
santiagueño	es
santiaguino	es
santiaguista	es
santiamén	es
santidad	es
santificación	es
santificadamente	es
santificador	es
santificante	es
santificar	es
santificativo	es
santiguadera	es
santiguador	es
santiguamiento	es
santiguar	es
santimonia	es
santiscario	es
santo	es
santonina	es
santoral	es
santotomense	es
santuario	es
santucho	es
santurce	es
santurrón	es
santísimamente	es
santísimo	es
santón	es
santónico	es
sanvicentino	es
sanz	es
sao	es
sapa	es
sapenco	es
sapiencia	es
sapiencial	es
sapillo	es
sapina	es
sapindácea	es
sapindáceo	es
sapino	es
sapo	es
saponaria	es
saponificación	es
saponificar	es
sapote	es
sapotácea	es
sapotáceo	es
saprofito	es
saque	es
saqueador	es
saqueamiento	es
saquear	es
saqueo	es
saquero	es
saquete	es
saquilada	es
sara	es
sarama	es
sarampión	es
sarao	es
sarapia	es
sarapico	es
sarasa	es
sarazo	es
sarcasmo	es
sarcia	es
sarcocola	es
sarcolema	es
sarcoma	es
sarcásticamente	es
sarcástico	es
sarcófago	es
sardana	es
sardañola	es
sarde	es
sardesco	es
sardiano	es
sardicense	es
sardina	es
sardinal	es
sardinel	es
sardinero	es
sardineta	es
sardio	es
sardo	es
sardonal	es
sardonia	es
sardonio	es
sardón	es
sardónicamente	es
sardónice	es
sardónico	es
sarga	es
sargada	es
sargadilla	es
sargado	es
sargal	es
sargantana	es
sargantesa	es
sargatillo	es
sargenta	es
sargente	es
sargentear	es
sargento	es
sargentona	es
sargo	es
sarguero	es
sarilla	es
sarillo	es
sarmentador	es
sarmentar	es
sarmentazo	es
sarmentera	es
sarmenticio	es
sarmentoso	es
sarmiento	es
sarna	es
sarnazo	es
sarnosamente	es
sarnoso	es
sarpullido	es
sarpullir	es
sarracear	es
sarraceno	es
sarrapia	es
sarria	es
sarrieta	es
sarrio	es
sarro	es
sarroso	es
sarta	es
sartal	es
sartenada	es
sartenazo	es
sarteneja	es
sartenero	es
sartorio	es
sartén	es
sarza	es
sarzo	es
sastre	es
sastrería	es
satandera	es
satanismo	es
satanás	es
satinado	es
satinador	es
satinar	es
satiriasis	es
satirio	es
satirizante	es
satirizar	es
satirión	es
satis	es
satisfacción	es
satisfacer	es
satisfactoria	es
satisfactoriamente	es
satisfactorio	es
satisfaz	es
satisfecha	es
satisfechamente	es
satisfecho	es
sato	es
saturado	es
saturar	es
saturnal	es
saturnino	es
saturnio	es
saturnismo	es
saturno	es
satánico	es
satélite	es
satén	es
satírico	es
sauce	es
sauceda	es
saucegatillo	es
saucera	es
saudade	es
saudita	es
saudí	es
saudíes	es
sauna	es
sauquillo	es
saurio	es
sausería	es
sausier	es
sauz	es
sauzgatillo	es
savia	es
saxafrax	es
saxifragia	es
saxifragácea	es
saxifragáceo	es
saxo	es
saxofonista	es
saxofón	es
saxífraga	es
saxófono	es
saya	es
sayal	es
sayalero	es
sayalesco	es
sayalete	es
sayo	es
sayuela	es
sayuelo	es
sayugo	es
sayuguina	es
sayón	es
saz	es
sazonada	es
sazonado	es
sazonador	es
sazonar	es
sazón	es
saín	es
saíno	es
saña	es
sañudamente	es
sañudo	es
saúco	es
scooter	es
scooters	es
sdad	es
se	es
sea	es
seamos	es
sean	es
seas	es
sebado	es
sebastiano	es
sebastián	es
sebe	es
sebestén	es
sebo	es
seborrea	es
seboso	es
seca	es
secadal	es
secadero	es
secado	es
secador	es
secamente	es
secamiento	es
secano	es
secansa	es
secante	es
secar	es
secaral	es
secarral	es
secatura	es
seccionador	es
seccionar	es
sección	es
secesionista	es
secesión	es
seceso	es
seco	es
secoya	es
secreción	es
secrestar	es
secreta	es
secretamente	es
secretar	es
secretaria	es
secretariado	es
secretario	es
secretaría	es
secretear	es
secreter	es
secretismo	es
secretista	es
secreto	es
secretor	es
secretorio	es
secta	es
sectador	es
sectaria	es
sectario	es
sectarismo	es
sector	es
sectorial	es
secuaz	es
secuela	es
secuencia	es
secuenciación	es
secuencial	es
secuenciar	es
secuestrador	es
secuestrar	es
secuestrario	es
secuestro	es
secular	es
secularización	es
secularizados	es
secularizar	es
secundar	es
secundariamente	es
secundario	es
secundinas	es
secuoya	es
secura	es
secutar	es
sed	es
sedadera	es
sedal	es
sedante	es
sedar	es
sedativo	es
sede	es
sedear	es
sedentario	es
sedentarismo	es
sedente	es
sedera	es
sedero	es
sedicioso	es
sedición	es
sediento	es
sedimentación	es
sedimentar	es
sedimentario	es
sedimento	es
sedoso	es
seducción	es
seducir	es
seductivo	es
seductor	es
sedán	es
seer	es
sefardita	es
sefardí	es
sefardíes	es
sega	es
segada	es
segadera	es
segadero	es
segador	es
segallo	es
segar	es
seglar	es
seglarmente	es
segmentación	es
segmentado	es
segmentar	es
segmento	es
segobricense	es
segobrigense	es
segorbino	es
segote	es
segovia	es
segoviano	es
segoviense	es
segregacionista	es
segregación	es
segregar	es
segregativo	es
segudar	es
segueta	es
seguetear	es
seguida	es
seguidamente	es
seguidero	es
seguido	es
seguidor	es
seguimiento	es
seguir	es
segunda	es
segundar	es
segundero	es
segundillo	es
segundo	es
segundogenitura	es
segundogénito	es
segundón	es
seguntino	es
segur	es
segura	es
seguramente	es
segurar	es
seguridad	es
seguro	es
según	es
seico	es
seis	es
seisavar	es
seiscientas	es
seiscientos	es
seise	es
seiseno	es
sel	es
selacio	es
seleccionador	es
seleccionar	es
selección	es
selectas	es
selectivamente	es
selectividad	es
selectivo	es
selecto	es
selector	es
selenio	es
selenita	es
selenitoso	es
seleniuro	es
selenografía	es
selenosis	es
selenógrafo	es
sellado	es
sellador	es
selladura	es
sellar	es
sello	es
selva	es
selvicultura	es
selvoso	es
selvático	es
semana	es
semanal	es
semanalmente	es
semanario	es
semanero	es
semblante	es
semblanza	es
semblar	es
sembrada	es
sembradera	es
sembrado	es
sembrador	es
sembradura	es
sembradío	es
sembrar	es
semeja	es
semejante	es
semejantemente	es
semejanza	es
semejar	es
semen	es
semencera	es
semental	es
sementar	es
sementera	es
sementero	es
sementino	es
semestral	es
semestralmente	es
semestre	es
semiabierto	es
semianalfabeto	es
semiautomático	es
semibreve	es
semicabrón	es
semicadencia	es
semicapro	es
semiconsciente	es
semiconsonante	es
semicopado	es
semicursivo	es
semideo	es
semideponente	es
semidiós	es
semidoble	es
semidormido	es
semielaborado	es
semifinal	es
semifinalista	es
semiforme	es
semiinconsciente	es
semilla	es
semillero	es
semilunio	es
seminal	es
seminario	es
seminarista	es
semiología	es
semiotecnia	es
semipenumbra	es
semiplena	es
semirrecto	es
semirrefinado	es
semis	es
semita	es
semitismo	es
semitista	es
semitono	es
semitransparente	es
semiótica	es
semiótico	es
semoviente	es
sempiterna	es
sempiterno	es
semáforo	es
semántica	es
semántico	es
semítico	es
sen	es
sena	es
senada	es
senado	es
senador	es
senaduría	es
senatorial	es
senatorio	es
sencillamente	es
sencillez	es
sencillo	es
senda	es
senderar	es
senderear	es
senderismo	es
sendero	es
senderuela	es
sendos	es
sene	es
senectud	es
senegal	es
senegalés	es
senequismo	es
senequista	es
senescal	es
senescalía	es
senescencia	es
senescente	es
senil	es
senilidad	es
senior	es
seno	es
senoidal	es
senoide	es
sensacional	es
sensacionalismo	es
sensacionalista	es
sensacionalistamente	es
sensacionalísticamente	es
sensación	es
sensata	es
sensatamente	es
sensatez	es
sensato	es
senserina	es
sensibilidad	es
sensibilización	es
sensibilizado	es
sensibilizar	es
sensible	es
sensiblemente	es
sensiblero	es
sensiblería	es
sensitiva	es
sensitivo	es
sensor	es
sensorial	es
sensorialmente	es
sensorio	es
sensual	es
sensualidad	es
sensualismo	es
sensualista	es
sensualmente	es
sentada	es
sentadero	es
sentadillas	es
sentado	es
sentamiento	es
sentar	es
sentencia	es
sentenciador	es
sentenciar	es
sentenciosamente	es
sentencioso	es
senticar	es
sentida	es
sentidamente	es
sentido	es
sentimental	es
sentimentalidad	es
sentimentalismo	es
sentimentalmente	es
sentimiento	es
sentina	es
sentir	es
seo	es
seor	es
separable	es
separación	es
separadamente	es
separado	es
separador	es
separar	es
separata	es
separatismo	es
separatista	es
separatistamente	es
separativo	es
sepelio	es
sepelir	es
sepia	es
septena	es
septenario	es
septenio	es
septeno	es
septentrional	es
septentrión	es
septeto	es
septicemia	es
septiembre	es
septingentésimo	es
septuagenario	es
septuagesimoctavo	es
septuagesimocuarto	es
septuagesimonono	es
septuagesimonoveno	es
septuagesimoprimero	es
septuagesimoquinto	es
septuagesimosegundo	es
septuagesimosexto	es
septuagesimoséptimo	es
septuagesimotercero	es
septuagésimo	es
septuplicar	es
sepulcral	es
sepulcralmente	es
sepulcro	es
sepultador	es
sepultar	es
sepulto	es
sepultura	es
sepulturero	es
sequedad	es
sequeral	es
sequero	es
sequillo	es
sequizo	es
sequía	es
ser	es
sera	es
serado	es
serafina	es
serafín	es
seraje	es
seranear	es
serano	es
serapino	es
serba	es
serbal	es
serbia	es
serbio	es
serbocroata	es
seremos	es
serena	es
serenamente	es
serenar	es
serenata	es
serendipia	es
serenero	es
serenidad	es
sereno	es
seres	es
serete	es
sergio	es
serial	es
seriamente	es
seriar	es
sericicultor	es
sericicultura	es
sericultor	es
sericultura	es
serie	es
seriedad	es
serifio	es
serijo	es
serio	es
serla	es
serlas	es
serle	es
serles	es
serlo	es
serlos	es
serme	es
sermonar	es
sermonario	es
sermoneador	es
sermonear	es
sermón	es
serna	es
sernos	es
serondo	es
seronero	es
seros	es
serosa	es
serosidad	es
seroso	es
seroterapia	es
serpa	es
serpear	es
serpentaria	es
serpentear	es
serpentina	es
serpentinamente	es
serpentino	es
serpentín	es
serpiente	es
serpiginoso	es
serpigo	es
serpol	es
serpollar	es
serradiza	es
serradizo	es
serrado	es
serrador	es
serraduras	es
serragatino	es
serrallo	es
serraniego	es
serranilla	es
serrano	es
serranía	es
serrar	es
serrato	es
serrería	es
serreta	es
serretazo	es
serrezuela	es
serrino	es
serruchar	es
serrucho	es
serrátil	es
serrín	es
serte	es
seruendo	es
servador	es
servar	es
servato	es
serventesio	es
servible	es
servicial	es
servicialmente	es
serviciar	es
servicio	es
servidero	es
servidor	es
servidumbre	es
servil	es
servilismo	es
servilla	es
servilleta	es
servilletero	es
servilmente	es
servio	es
serviola	es
servir	es
servo	es
servofreno	es
servomecanismo	es
servomotor	es
será	es
seráfico	es
serán	es
serás	es
seré	es
seréis	es
sería	es
seríais	es
seríamos	es
serían	es
serías	es
serón	es
ses	es
sesada	es
sesamoideo	es
sesear	es
sesena	es
sesenta	es
sesentavo	es
seseo	es
sesera	es
sesgadamente	es
sesgado	es
sesgadura	es
sesgar	es
sesgo	es
sesionar	es
sesión	es
sesma	es
sesmo	es
seso	es
sesquicentenario	es
sesquiplano	es
sestao	es
sestar	es
sesteadero	es
sestear	es
sestercio	es
sestero	es
sesudamente	es
sesudez	es
sesudo	es
sesén	es
set	es
seta	es
setabitano	es
setecientas	es
setecientos	es
setenar	es
setenario	es
setenta	es
setentavo	es
setero	es
setiembre	es
seto	es
seudocientífico	es
seudónimo	es
severamente	es
severidad	es
severo	es
severísimamente	es
sevilla	es
sevillano	es
sexado	es
sexagenario	es
sexagesimal	es
sexagésimo	es
sexar	es
sexcentésimo	es
sexenio	es
sexis	es
sexismo	es
sexista	es
sexmero	es
sexmo	es
sexo	es
sexta	es
sextaferia	es
sextantario	es
sextante	es
sextario	es
sextavar	es
sexteto	es
sextil	es
sextillo	es
sextina	es
sexto	es
sextuplicar	es
sexuada	es
sexuado	es
sexuagesimoctavo	es
sexuagesimocuarto	es
sexuagesimonono	es
sexuagesimonoveno	es
sexuagesimoprimero	es
sexuagesimoquinto	es
sexuagesimosegundo	es
sexuagesimosexto	es
sexuagesimoséptimo	es
sexuagesimotercero	es
sexuagésimo	es
sexual	es
sexualidad	es
sexualización	es
sexualizado	es
sexualizar	es
sexualmente	es
sexy	es
sexys	es
seychellense	es
seychelles	es
seáis	es
seísmo	es
seña	es
señal	es
señalada	es
señaladamente	es
señalado	es
señalamiento	es
señalar	es
señalización	es
señalizar	es
señolear	es
señor	es
señorear	es
señorial	es
señorito	es
señoría	es
señorío	es
señuelo	es
seó	es
sheriff	es
show	es
si	es
sialismo	es
siamés	es
sibarita	es
sibaritismo	es
sibaríticamente	es
siberiano	es
sibil	es
sibila	es
sibilante	es
sibilino	es
sic	es
sicalipsis	es
sicalíptico	es
sicario	es
siciliano	es
sicionio	es
siclo	es
sicoanalista	es
sicoanalítico	es
sicoanálisis	es
sicofante	es
sicofisiología	es
sicofisiológico	es
sicología	es
sicológico	es
sicomoro	es
sicopatología	es
sicopatía	es
sicopedagogía	es
sicopedagógico	es
sicosis	es
sicotecnia	es
sicoterapia	es
sicólogo	es
sicótico	es
sida	es
sidecar	es
sideral	es
siderita	es
siderosa	es
siderosis	es
siderurgia	es
siderúrgico	es
sido	es
sidra	es
sidéreo	es
siega	es
siembra	es
siempre	es
siempreviva	es
sien	es
siena	es
siendo	es
sienita	es
sienés	es
siero	es
sierpe	es
sierra	es
sierraleonés	es
siervo	es
sieso	es
siesta	es
siete	es
sietecolores	es
sieteenrama	es
sietelevar	es
sietemesino	es
sifilítica	es
sifilítico	es
sifosis	es
sifón	es
sig	es
sigilar	es
sigilo	es
sigilosamente	es
sigiloso	es
sigla	es
siglo	es
sigma	es
sigmoideo	es
signar	es
signario	es
signatario	es
signatura	es
significación	es
significado	es
significador	es
significante	es
significar	es
significativamente	es
significativo	es
signo	es
siguiente	es
sijismo	es
sil	es
silabar	es
silabario	es
silabear	es
silabizar	es
silba	es
silbador	es
silbante	es
silbar	es
silbato	es
silbido	es
silbo	es
silboso	es
silenciador	es
silenciar	es
silenciario	es
silenciero	es
silencio	es
silenciosamente	es
silencioso	es
silente	es
silepsis	es
silesiano	es
silesio	es
silfo	es
silgar	es
silguero	es
silicato	es
silicio	es
silicona	es
silicosis	es
silicua	es
silingo	es
silla	es
sillada	es
sillar	es
sillarejo	es
sillera	es
sillero	es
silleta	es
sillete	es
silletero	es
sillico	es
sillín	es
sillón	es
silo	es
silogismo	es
silogizar	es
silogístico	es
silueta	es
siluetar	es
siluetear	es
siluriano	es
siluro	es
silva	es
silvano	es
silvestre	es
silvia	es
silvicultor	es
silvicultura	es
silvoso	es
silábico	es
silíceo	es
silícico	es
silúrico	es
sima	es
simado	es
simbionte	es
simbiosis	es
simbiótico	es
simbolismo	es
simbolista	es
simbolizar	es
simbología	es
simbólicamente	es
simbólico	es
simetría	es
simia	es
simiente	es
simienza	es
simiesco	es
similar	es
similaridad	es
similarmente	es
similitud	es
similitudinario	es
similor	es
simio	es
simonía	es
simpatizador	es
simpatizante	es
simpatizar	es
simpatético	es
simpatía	es
simple	es
simplemente	es
simpleza	es
simplicidad	es
simplicista	es
simplificación	es
simplificador	es
simplificar	es
simplismo	es
simplista	es
simplón	es
simposio	es
simpático	es
simulación	es
simulacro	es
simulador	es
simular	es
simultanear	es
simultaneidad	es
simultáneamente	es
simultáneo	es
simétrica	es
simétricamente	es
simétrico	es
simón	es
sin	es
sinabafa	es
sinagoga	es
sinalefa	es
sinalefar	es
sinamay	es
sinamáis	es
sinapismo	es
sinapsis	es
sinario	es
sinartrosis	es
sincera	es
sincerador	es
sinceramente	es
sincerar	es
sinceridad	es
sincero	es
sinclinal	es
sincopado	es
sincopal	es
sincopar	es
sincopizar	es
sincretismo	es
sincro	es
sincronismo	es
sincronización	es
sincronizar	es
sincronía	es
sincrónico	es
sindicación	es
sindicador	es
sindical	es
sindicalismo	es
sindicalista	es
sindicar	es
sindicato	es
sindicatura	es
sinecura	es
sinedrio	es
sinergia	es
sinestesia	es
sinfonista	es
sinfonía	es
sinfín	es
sinfónico	es
singalés	es
singapur	es
singapurense	es
singar	es
singladura	es
singlar	es
singular	es
singularidad	es
singularizar	es
singularmente	es
sinhueso	es
siniestra	es
siniestrado	es
siniestralidad	es
siniestramente	es
siniestro	es
sinnúmero	es
sino	es
sinoble	es
sinocal	es
sinodal	es
sinonimia	es
sinopense	es
sinople	es
sinopsis	es
sinovia	es
sinovial	es
sinovitis	es
sinrazón	es
sinsabor	es
sinsentido	es
sinsubstancia	es
sinsustancia	es
sintagma	es
sintagmático	es
sintaxis	es
sinterización	es
sinterizar	es
sintetizador	es
sintetizar	es
sintomatología	es
sintomático	es
sintonismo	es
sintonizador	es
sintonizar	es
sintonía	es
sintáctico	es
sintéticamente	es
sintético	es
sintónico	es
sinuosamente	es
sinuosidad	es
sinuoso	es
sinusitis	es
sinusoidal	es
sinusoide	es
sinvergüenza	es
sináptico	es
sinécdoque	es
sinéresis	es
sinérgicamente	es
sinódico	es
sinónimo	es
sinópico	es
sion	es
sionismo	es
sionista	es
siquiatra	es
siquiatría	es
siquiera	es
siquiátrico	es
siracusano	es
sirena	es
sirenio	es
sirgar	es
sirguero	es
siria	es
siriaco	es
sirimiri	es
siringe	es
sirio	es
sirle	es
sirmiense	es
siro	es
siroco	es
sirope	es
sirria	es
sirte	es
sirvienta	es
sirviente	es
siríaco	es
sis	es
sisa	es
sisador	es
sisallo	es
sisar	es
sisca	es
sisear	es
sisella	es
sisero	es
sismicidad	es
sismo	es
sistema	es
sistematización	es
sistematizar	es
sistemática	es
sistemáticamente	es
sistemático	es
sistémico	es
sisón	es
sitacismo	es
sitacosis	es
sitges	es
sitiado	es
sitiador	es
sitial	es
sitiar	es
sitibundo	es
sitio	es
sito	es
situación	es
situado	es
situar	es
siéndola	es
siéndolas	es
siéndole	es
siéndoles	es
siéndolo	es
siéndolos	es
siéndome	es
siéndonos	es
siéndoos	es
siéndote	es
sms	es
so	es
soalzar	es
soasar	es
soba	es
sobacal	es
sobaco	es
sobadero	es
sobado	es
sobadura	es
sobajadura	es
sobajamiento	es
sobajanero	es
sobajar	es
sobajear	es
sobanda	es
sobaquera	es
sobaquillo	es
sobaquina	es
sobar	es
sobarba	es
sobarcar	es
sobejano	es
sobejo	es
sobeo	es
soberanamente	es
soberanear	es
soberano	es
soberanía	es
soberbia	es
soberbiamente	es
soberbiar	es
soberbio	es
sobordo	es
sobornable	es
sobornado	es
sobornador	es
sobornal	es
sobornar	es
soborno	es
sobra	es
sobradamente	es
sobradar	es
sobradero	es
sobrado	es
sobrancero	es
sobrante	es
sobrar	es
sobrasar	es
sobrazar	es
sobre	es
sobreabundar	es
sobreaguar	es
sobrealimentar	es
sobrealzar	es
sobrearar	es
sobreasar	es
sobreañadir	es
sobrebarrer	es
sobrebeber	es
sobrecargar	es
sobrecejo	es
sobrecenar	es
sobrecerco	es
sobrecoger	es
sobrecogimiento	es
sobrecopa	es
sobrecrecer	es
sobrecruz	es
sobrecurar	es
sobredorar	es
sobreedificar	es
sobreempeine	es
sobreentender	es
sobreesdrújulo	es
sobreexceder	es
sobreexcitar	es
sobreexplotación	es
sobrefrenada	es
sobreganar	es
sobregirar	es
sobreguarda	es
sobrehilado	es
sobrehilar	es
sobrehora	es
sobreimpreso	es
sobreimprimir	es
sobrejuanete	es
sobrellavar	es
sobrellenar	es
sobrellevar	es
sobremanera	es
sobremano	es
sobremesa	es
sobremodo	es
sobrenadar	es
sobrenaturalmente	es
sobrentendido	es
sobrepasar	es
sobrepeine	es
sobrepelliz	es
sobrepintar	es
sobreponer	es
sobreprimado	es
sobrepuesto	es
sobrepujar	es
sobrepón	es
sobrero	es
sobrerronda	es
sobrerropa	es
sobresabido	es
sobresal	es
sobresaliente	es
sobresalientemente	es
sobresalir	es
sobresaltar	es
sobresanar	es
sobrescribir	es
sobrescrito	es
sobresdrújulo	es
sobreseer	es
sobreseimiento	es
sobresembrar	es
sobresolar	es
sobrestante	es
sobrestimar	es
sobretercero	es
sobreutilización	es
sobrevenir	es
sobreverter	es
sobreveste	es
sobrevestir	es
sobrevidriera	es
sobrevienta	es
sobreviniente	es
sobrevivir	es
sobrevolar	es
sobrevén	es
sobrexceder	es
sobrexcitar	es
sobrexplotación	es
sobriamente	es
sobriedad	es
sobrinazgo	es
sobrino	es
sobrio	es
soc	es
soca	es
socaire	es
socairero	es
socaliñar	es
socalzar	es
socarrar	es
socarrena	es
socarrina	es
socarronamente	es
socarronería	es
socarrén	es
socarrón	es
socavar	es
socavón	es
socaz	es
sochantre	es
sociabilidad	es
sociable	es
social	es
socialdemocracia	es
socialdemócrata	es
socialismo	es
socialista	es
socialización	es
socializador	es
socializar	es
socialmente	es
sociata	es
sociativo	es
sociedad	es
societario	es
socinianismo	es
sociniano	es
socio	es
sociocultural	es
socioeconómico	es
sociología	es
sociológico	es
sociólogo	es
socollada	es
socollar	es
socolor	es
soconusco	es
socorredor	es
socorrer	es
socorrista	es
socorro	es
socrocio	es
soda	es
sodio	es
sodomita	es
sodomizar	es
sodomía	es
soez	es
soeza	es
sofaldar	es
sofismo	es
sofista	es
sofisticación	es
sofisticar	es
sofistiquez	es
sofión	es
soflamar	es
soflamero	es
sofocación	es
sofocador	es
sofocamiento	es
sofocante	es
sofocar	es
sofoco	es
sofoquina	es
sofrenada	es
sofrenar	es
sofreír	es
sofrito	es
software	es
sofá	es
sofás	es
sofística	es
sofístico	es
soga	es
soguear	es
soguero	es
soguillo	es
sogún	es
sois	es
soja	es
sojuzgador	es
sojuzgar	es
sol	es
solacear	es
solador	es
soladura	es
solamente	es
solamos	es
solana	es
solanar	es
solanera	es
solanina	es
solano	es
solanácea	es
solanáceo	es
solapa	es
solapadamente	es
solapado	es
solapamiento	es
solapar	es
solar	es
solariego	es
solaz	es
solazar	es
solazoso	es
soldadesca	es
soldadesco	es
soldado	es
soldador	es
soldadote	es
soldadura	es
soldar	es
soleamiento	es
solear	es
solecismo	es
soledad	es
soledoso	es
soledumbre	es
solejar	es
solemne	es
solemnemente	es
solemnidad	es
solemnizador	es
solemnizar	es
solemos	es
solenoide	es
soler	es
solera	es
solercia	es
solero	es
solerte	es
soleta	es
soletar	es
soletear	es
soletero	es
solevamiento	es
solevantamiento	es
solevantar	es
solevar	es
solfa	es
solfatara	es
solfeador	es
solfear	es
solfeo	es
solfista	es
solicitación	es
solicitada	es
solicitador	es
solicitante	es
solicitar	es
solicitud	es
solidar	es
solidariamente	es
solidaridad	es
solidario	es
solidarizar	es
solideo	es
solidez	es
solidificación	es
solidificar	es
soliendo	es
soliera	es
solierais	es
solieran	es
solieras	es
soliese	es
solieseis	es
soliesen	es
solieses	es
soliloquiar	es
soliloquio	es
solimitano	es
solimán	es
solio	es
solipsismo	es
solista	es
solitaria	es
solitariamente	es
solitario	es
soliviadura	es
soliviantar	es
soliviar	es
solivo	es
soliéramos	es
soliésemos	es
solla	es
sollado	es
sollamar	es
sollar	es
sollastre	es
sollispar	es
sollozante	es
sollozar	es
sollozo	es
solmenar	es
solo	es
solomo	es
solomon	es
solsonense	es
solsticio	es
soltadizo	es
soltador	es
soltar	es
soltero	es
soltería	es
soltura	es
solubilidad	es
soluble	es
solucionar	es
solucionario	es
solución	es
solutiva	es
solutivo	es
soluto	es
solvencia	es
solventar	es
solvente	es
solventes	es
solver	es
soláis	es
solárium	es
solía	es
solíais	es
solíamos	es
solían	es
solías	es
solícitamente	es
solícito	es
solípedo	es
soma	es
somalia	es
somalí	es
somanta	es
somarrar	es
somatenista	es
somatizar	es
somatén	es
sombra	es
sombraje	es
sombrajo	es
sombrar	es
sombreador	es
sombrear	es
sombrerera	es
sombrerero	es
sombrerete	es
sombrero	es
sombrillazo	es
sombrosa	es
sombroso	es
sombría	es
sombríamente	es
sombrío	es
somera	es
someramente	es
somero	es
someter	es
sometimiento	es
somier	es
somnambulismo	es
somnolencia	es
somnoliento	es
somnífero	es
somo	es
somontano	es
somonte	es
somorgujador	es
somorgujar	es
somorgujo	es
somormujar	es
somos	es
sompesar	es
somático	es
son	es
sonada	es
sonadera	es
sonadero	es
sonado	es
sonador	es
sonaja	es
sonajear	es
sonajero	es
sonambulismo	es
sonante	es
sonar	es
sonata	es
sonatina	es
sonda	es
sondable	es
sondaleza	es
sondar	es
sondear	es
sondeo	es
sonecillo	es
sonetear	es
sonetico	es
sonetista	es
sonetizar	es
soneto	es
sonia	es
soniche	es
sonido	es
sonique	es
soniquete	es
sonlocado	es
sonochar	es
sonora	es
sonoramente	es
sonoridad	es
sonorizar	es
sonoro	es
sonreír	es
sonriente	es
sonrisa	es
sonriso	es
sonrodar	es
sonrojar	es
sonrojear	es
sonrojo	es
sonrosar	es
sonrosear	es
sonrugirse	es
sonsaca	es
sonsacador	es
sonsacamiento	es
sonsacar	es
sonsañar	es
sonso	es
sonsonete	es
sonámbulo	es
sonántica	es
sonántico	es
sopa	es
sopalancar	es
sopanda	es
sopapear	es
sopapina	es
sopapo	es
sopar	es
sopear	es
sopero	es
sopesar	es
sopetear	es
sopetón	es
sopicaldo	es
sopista	es
sopitipando	es
sopladero	es
soplador	es
sopladura	es
soplamocos	es
soplapollas	es
soplar	es
soplavivo	es
soplete	es
soplido	es
soplo	es
soplonear	es
soplón	es
soponcio	es
sopor	es
soporoso	es
soportable	es
soportador	es
soportal	es
soportar	es
soporte	es
soporífero	es
soprano	es
sopuntar	es
sor	es
sorbedor	es
sorber	es
sorbete	es
sorbo	es
sorce	es
sorche	es
sorda	es
sordamente	es
sordera	es
sordidez	es
sordilla	es
sordina	es
sordino	es
sordo	es
sordomudez	es
sordomudo	es
sorgo	es
soria	es
sorianense	es
soriano	es
sorna	es
sornar	es
soro	es
soroche	es
sorprendente	es
sorprendentemente	es
sorprender	es
sorpresa	es
sorpresivamente	es
sorra	es
sorrabar	es
sorrapar	es
sorrapear	es
sorregar	es
sorteador	es
sorteamiento	es
sortear	es
sorteo	es
sortero	es
sortiaria	es
sortija	es
sortijero	es
sortilegio	es
sortílego	es
sos	es
sosa	es
sosacar	es
sosamente	es
sosar	es
sosañar	es
sosegadamente	es
sosegado	es
sosegador	es
sosegar	es
sosera	es
sosero	es
sosia	es
sosias	es
sosiega	es
sosiego	es
soslayar	es
soslayo	es
soso	es
sospecha	es
sospechable	es
sospechar	es
sospechosamente	es
sospechoso	es
sospesar	es
sostenedor	es
sostener	es
sostenibilidad	es
sostenido	es
sostenimiento	es
sostituir	es
sostén	es
sota	es
sotabanco	es
sotabarba	es
sotacoro	es
sotaministro	es
sotamontero	es
sotana	es
sotanear	es
sotar	es
sotaventar	es
sotaventear	es
sotavento	es
sotechado	es
sotera	es
soterramiento	es
soterrano	es
soterrar	es
soterraño	es
sotilmente	es
soto	es
sotobosque	es
sotoministro	es
sotuer	es
soviet	es
sovietizar	es
soviética	es
soviético	es
sovoz	es
soy	es
soñador	es
soñar	es
soñolencia	es
soñoliento	es
spinoza	es
sport	es
sr	es
sri	es
srilanqués	es
srta	es
ss	es
stand	es
stands	es
sto	es
su	es
suadir	es
suajili	es
suarda	es
suarismo	es
suarista	es
suave	es
suavemente	es
suavidad	es
suavizador	es
suavizante	es
suavizar	es
suavísimamente	es
suazi	es
suazilandia	es
subalternar	es
subalterno	es
subarrendar	es
subarrendatario	es
subasta	es
subastador	es
subastar	es
subcinericio	es
subclavio	es
subcolector	es
subcontinente	es
subcultura	es
subdelegar	es
subdesarrollado	es
subdistinguir	es
subdividir	es
subducción	es
subejecutor	es
suberificar	es
suberoso	es
subestimar	es
subfamilia	es
subfiador	es
subidero	es
subiente	es
subimiento	es
subintendente	es
subintrante	es
subintrar	es
subir	es
subjectar	es
subjefe	es
subjetivamente	es
subjetividad	es
subjetivismo	es
subjetivo	es
subjuntivo	es
subjuzgar	es
sublevación	es
sublevamiento	es
sublevar	es
sublimación	es
sublimar	es
sublimatorio	es
sublime	es
sublimemente	es
sublimidad	es
subliminal	es
submarinamente	es
submarinista	es
submarino	es
subministrar	es
submundo	es
suborden	es
subordinación	es
subordinadamente	es
subordinado	es
subordinante	es
subordinar	es
subranquial	es
subrayado	es
subrayar	es
subrepción	es
subrepticiamente	es
subrepticio	es
subrigadier	es
subrogar	es
subrutina	es
subsahariano	es
subsanar	es
subscapular	es
subscribir	es
subscriptor	es
subscrito	es
subsecretaría	es
subsecuente	es
subsecuentemente	es
subseguir	es
subsidiar	es
subsidiariamente	es
subsidiario	es
subsidio	es
subsistencia	es
subsistente	es
subsistir	es
subsolar	es
substancia	es
substancial	es
substancialidad	es
substancialmente	es
substanciar	es
substancioso	es
substantivar	es
substantividad	es
substitución	es
substituir	es
substitutivo	es
substituto	es
substraendo	es
substraer	es
substrato	es
subsumir	es
subtender	es
subtensa	es
subterfugio	es
subterráneo	es
subtilizar	es
subtitular	es
suburbicario	es
suburbio	es
suburense	es
subvencionar	es
subvención	es
subvenir	es
subversivo	es
subversor	es
subvertir	es
subvén	es
subyacer	es
subyugador	es
subyugante	es
subyugar	es
subíndice	es
succenturiado	es
succino	es
succionar	es
succión	es
suceder	es
sucedido	es
sucedáneo	es
sucesible	es
sucesivamente	es
sucesivo	es
sucesión	es
suceso	es
sucesor	es
sucesorio	es
suciamente	es
suciedad	es
sucinda	es
sucintamente	es
sucintar	es
sucinto	es
sucio	es
sucoso	es
sucotrino	es
sucucho	es
suculentamente	es
suculento	es
sucumbir	es
sucursal	es
sudadera	es
sudadero	es
sudafricano	es
sudamericano	es
sudamérica	es
sudante	es
sudanés	es
sudar	es
sudario	es
sudatorio	es
sudeste	es
sudista	es
sudoeste	es
sudoku	es
sudor	es
sudoración	es
sudoriento	es
sudorosamente	es
sudoroso	es
sudorífico	es
sudoso	es
sudsudanés	es
sudsudeste	es
sudsudoeste	es
sudáfrica	es
sudán	es
sueca	es
suecia	es
sueco	es
suegra	es
suegro	es
suela	es
suelan	es
suelas	es
suelda	es
sueldacostilla	es
sueldo	es
suele	es
suelen	es
sueles	es
suelo	es
suelta	es
suelto	es
sueno	es
suero	es
sueroso	es
sueroterapia	es
suerte	es
sueste	es
suevo	es
sueño	es
suficiencia	es
suficiente	es
suficientemente	es
sufijo	es
sufismo	es
sufista	es
suflar	es
sufocar	es
sufra	es
sufragar	es
sufragio	es
sufragismo	es
sufragista	es
sufrible	es
sufridamente	es
sufridera	es
sufridero	es
sufrido	es
sufridor	es
sufrimiento	es
sufrir	es
sufusión	es
sufí	es
sugerencia	es
sugerente	es
sugeridor	es
sugerir	es
sugestionador	es
sugestionar	es
sugestivo	es
sugestión	es
sugesto	es
suicidar	es
suicidio	es
suite	es
suiza	es
suizo	es
sujeción	es
sujetador	es
sujetapapeles	es
sujetar	es
sujeto	es
sula	es
sulcar	es
sulfamida	es
sulfatador	es
sulfatar	es
sulfato	es
sulfhídrico	es
sulfito	es
sulfonal	es
sulfonamida	es
sulfurado	es
sulfurar	es
sulfuro	es
sulfuroso	es
sulfúreo	es
sulfúrico	es
sulpiciano	es
sultana	es
sultán	es
suma	es
sumaca	es
sumador	es
sumamente	es
sumar	es
sumarial	es
sumariamente	es
sumario	es
sumarísimo	es
sumatoria	es
sumatorio	es
sumergible	es
sumergido	es
sumergimiento	es
sumergir	es
sumerio	es
sumersión	es
sumidero	es
sumiller	es
suministración	es
suministrador	es
suministrar	es
suministro	es
sumir	es
sumisa	es
sumisamente	es
sumisión	es
sumiso	es
sumista	es
sumo	es
sumonte	es
sumulista	es
sunami	es
suntuario	es
suntuosa	es
suntuosamente	es
suntuosidad	es
suntuoso	es
supeditación	es
supeditar	es
superable	es
superabundantemente	es
superabundar	es
superación	es
superador	es
superante	es
superar	es
superchería	es
supererogación	es
supererogatorio	es
superestructura	es
superficial	es
superficialidad	es
superficialmente	es
superficiario	es
superficie	es
superfluamente	es
superfluidad	es
superfluo	es
superintendente	es
superior	es
superiora	es
superiorato	es
superioridad	es
superiormente	es
superlativamente	es
superlativo	es
supermasivo	es
supermercado	es
superno	es
supernumerario	es
superponer	es
superpuesto	es
superpón	es
superrealista	es
supersimetría	es
supersimétrico	es
supersticiosamente	es
supersticioso	es
superstición	es
supersubstancial	es
supertierra	es
supervalorar	es
superveniencia	es
supervenir	es
superventas	es
supervisar	es
supervisor	es
supervén	es
superyó	es
superávit	es
supinación	es
supino	es
suplantación	es
suplantador	es
suplantar	es
suplefaltas	es
suplementariamente	es
suplementario	es
suplemento	es
suplencia	es
suplente	es
supletorio	es
suplicacionero	es
suplicación	es
suplicante	es
suplicar	es
suplicatorio	es
suplicio	es
suplidor	es
suplir	es
suponedor	es
suponer	es
suportar	es
suposición	es
supositorio	es
supraclavicular	es
supranacional	es
suprarrealismo	es
suprarrenal	es
suprasensible	es
suprema	es
supremacía	es
supremamente	es
supremo	es
supresión	es
supresor	es
suprimir	es
suprior	es
supriora	es
supriorato	es
supuestamente	es
supuesto	es
supuración	es
supurante	es
supurantemente	es
supurar	es
supurativo	es
supuratorio	es
suputar	es
supón	es
sur	es
suramericano	es
surcador	es
surcar	es
surcir	es
surco	es
surcoreano	es
surculado	es
surculoso	es
surdir	es
sureste	es
sureño	es
surfactante	es
surfista	es
surgidero	es
surgidor	es
surgimiento	es
surgir	es
surinam	es
surinamés	es
suroeste	es
surrealismo	es
surrealista	es
sursudanés	es
sursudoeste	es
sursuncorda	es
surtidero	es
surtido	es
surtidor	es
surtimiento	es
surtir	es
surto	es
sus	es
susano	es
susceptibilidad	es
susceptible	es
susceptivo	es
suscitar	es
suscribir	es
suscripción	es
suscriptor	es
suscrito	es
suso	es
susodicho	es
suspendedor	es
suspender	es
suspense	es
suspensivo	es
suspensión	es
suspenso	es
suspensorio	es
suspicacia	es
suspicaz	es
suspicazmente	es
suspirar	es
suspiro	es
suspiroso	es
sustancia	es
sustanciación	es
sustancial	es
sustancialidad	es
sustancialmente	es
sustanciar	es
sustancioso	es
sustantivar	es
sustantividad	es
sustantivo	es
sustenido	es
sustentación	es
sustentador	es
sustentamiento	es
sustentante	es
sustentar	es
sustento	es
sustentáculo	es
sustitución	es
sustituible	es
sustituidor	es
sustituir	es
sustitutivo	es
sustituto	es
sustituyente	es
susto	es
sustracción	es
sustractivo	es
sustraendo	es
sustraer	es
sustrato	es
susurrador	es
susurrante	es
susurrantemente	es
susurrar	es
susurrido	es
susurro	es
sutil	es
sutileza	es
sutilidad	es
sutilizador	es
sutilizar	es
sutilmente	es
sutorio	es
sutura	es
suturar	es
suyo	es
suárez	es
suéter	es
svalbard	es
swing	es
sábado	es
sábalo	es
sábana	es
sádico	es
sáez	es
sálico	es
sánchez	es
sándalo	es
sándwich	es
sánscrito	es
sármata	es
sátira	es
sátiro	es
sátrapa	es
sémola	es
séneca	es
sépalo	es
séptica	es
séptico	es
séptimo	es
séquito	es
sésamo	es
sésil	es
sí	es
sífilis	es
sílaba	es
sílex	es
sílice	es
símbolo	es
símil	es
síncope	es
síndico	es
síndrome	es
sínfisis	es
sínoca	es
sínodo	es
síntesis	es
síntoma	es
síquico	es
sírvanse	es
sírvase	es
sís	es
sísmico	es
sístole	es
sócrates	es
sódica	es
sódico	es
sófocles	es
sólidamente	es
sólido	es
sólita	es
sólito	es
sólo	es
sórdido	es
sótano	es
sóviet	es
súbdito	es
súbitamente	es
súbito	es
súmulas	es
súper	es
súpero	es
súplica	es
súrculo	es
ta	es
taba	es
tabacal	es
tabacalero	es
tabaco	es
tabacoso	es
tabalear	es
tabanazo	es
tabanco	es
tabanera	es
tabanque	es
tabaola	es
tabaque	es
tabaquera	es
tabaquero	es
tabaquismo	es
tabaquista	es
tabardete	es
tabardo	es
tabarra	es
tabarrera	es
tabarro	es
tabasco	es
tabea	es
tabellar	es
taberna	es
tabernario	es
tabernera	es
tabernero	es
tabernizado	es
tabernáculo	es
tabes	es
tabicada	es
tabicar	es
tabilla	es
tabina	es
tabique	es
tabiquero	es
tabla	es
tablachero	es
tablachina	es
tablacho	es
tablado	es
tablajero	es
tablar	es
tablazo	es
tablazón	es
tablear	es
tablera	es
tablero	es
tableta	es
tabletear	es
tablizo	es
tabloncillo	es
tabloza	es
tablón	es
tabor	es
tabuco	es
tabulador	es
tabular	es
taburete	es
tabú	es
tac	es
taca	es
tacada	es
tacar	es
tacañear	es
tacaño	es
taceta	es
tacha	es
tachable	es
tachador	es
tachadura	es
tachar	es
tacho	es
tachonar	es
tachoso	es
tachuela	es
tachón	es
tacita	es
taciturnidad	es
taciturno	es
taco	es
taconear	es
taconeo	es
tacoronte	es
tacto	es
tacón	es
taekwondo	es
tafanario	es
tafetán	es
tafia	es
tafilete	es
tafiletear	es
tafo	es
tafurea	es
tagalo	es
tagarino	es
tagarotear	es
tagasaste	es
taha	es
tahalí	es
taharal	es
tahona	es
tahonero	es
tahuresco	es
tahúr	es
taifa	es
taiga	es
tailandia	es
tailandés	es
taimado	es
taina	es
taiwan	es
taiwanés	es
taja	es
tajada	es
tajadera	es
tajadero	es
tajado	es
tajador	es
tajadura	es
tajamar	es
tajamiento	es
tajante	es
tajantemente	es
tajar	es
tajea	es
tajero	es
tajo	es
tajuela	es
tajuelo	es
tajón	es
tal	es
tala	es
talabarte	es
talabartero	es
talabricense	es
talador	es
taladrado	es
taladrador	es
taladrar	es
taladrilla	es
taladro	es
talamera	es
talamete	es
talamiflora	es
talamite	es
talanquera	es
talante	es
talantoso	es
talar	es
talasemia	es
talasocracia	es
talasoterapia	es
talavera	es
talaya	es
talayote	es
talco	es
talcoso	es
talega	es
talegada	es
talego	es
talento	es
talentoso	es
talentudo	es
talibán	es
talio	es
talionar	es
talismán	es
talla	es
tallado	es
tallador	es
talladura	es
tallaje	es
tallar	es
tallarola	es
tallarín	es
talle	es
tallecer	es
taller	es
tallista	es
tallo	es
talludo	es
talma	es
talmente	es
talo	es
talofita	es
talonada	es
talonario	es
talonear	es
talonero	es
talpa	es
talparia	es
talque	es
talquita	es
talud	es
talvina	es
talón	es
tamanaco	es
tamaral	es
tamarao	es
tamaricácea	es
tamaricáceo	es
tamarigal	es
tamarisco	es
tamaritano	es
tamariz	es
tamaño	es
tambaleante	es
tambaleantemente	es
tambalear	es
tambanillo	es
tambarillo	es
tambarimba	es
tambesco	es
también	es
tambor	es
tambora	es
tamborear	es
tamborete	es
tamboril	es
tamborilada	es
tamborilear	es
tamborilero	es
tamborilete	es
tamborino	es
tamboritear	es
tamboritero	es
tamborín	es
tambucho	es
tamil	es
taminia	es
tamiz	es
tamizar	es
tamo	es
tamojal	es
tamojo	es
tampoco	es
tampón	es
tamuja	es
tamujal	es
tamujo	es
tamínea	es
tan	es
tanaceto	es
tanagra	es
tanatorio	es
tanda	es
tandear	es
tanga	es
tanganillas	es
tanganillo	es
tangar	es
tangencial	es
tangencialmente	es
tangente	es
tangerino	es
tangible	es
tangiblemente	es
tangidera	es
tangir	es
tango	es
tanguear	es
tangón	es
tanino	es
tanobia	es
tanor	es
tanoría	es
tanque	es
tanqueta	es
tantalio	es
tanteador	es
tantear	es
tanteo	es
tanto	es
tantísimo	es
tanzania	es
tanzano	es
tao	es
taoísmo	es
taoísta	es
tapa	es
tapaboca	es
tapacete	es
tapacubos	es
tapaculo	es
tapada	es
tapadera	es
tapadero	es
tapadillo	es
tapado	es
tapador	es
tapadura	es
tapafunda	es
tapajuntas	es
tapamiento	es
tapar	es
taparote	es
taparrabo	es
tapatío	es
taperujar	es
tapetada	es
tapetado	es
tapete	es
tapia	es
tapiado	es
tapiador	es
tapial	es
tapiar	es
tapicero	es
tapicería	es
tapido	es
tapioca	es
tapir	es
tapirujar	es
tapis	es
tapiz	es
tapizar	es
taponamiento	es
taponar	es
taponero	es
taponería	es
tapsia	es
tapujar	es
tapujo	es
tapón	es
taque	es
taquera	es
taquicardia	es
taquigrafiar	es
taquigrafía	es
taquillaje	es
taquillero	es
taquión	es
taquiónico	es
taqué	es
tara	es
tarabilla	es
tarabita	es
taracea	es
taracear	es
tarafada	es
tarafana	es
tarafe	es
taragallo	es
taraje	es
tarambana	es
tarangallo	es
taranta	es
tarantela	es
tarantulado	es
tarar	es
tarara	es
tararear	es
tararira	es
tararí	es
tarasa	es
tarasca	es
tarascar	es
tarasco	es
taray	es
tarayal	es
tarazana	es
tarazanal	es
tarazar	es
tarbea	es
tardanaos	es
tardanza	es
tardar	es
tarde	es
tardear	es
tardecer	es
tardecica	es
tardecita	es
tardinero	es
tardo	es
tardíamente	es
tardío	es
tardísimo	es
tarea	es
tareco	es
tareero	es
tarifa	es
tarifar	es
tarima	es
tarja	es
tarjar	es
tarjeta	es
tarjetear	es
tarjetero	es
tarquia	es
tarquina	es
tarquinada	es
tarquín	es
tarraconense	es
tarragona	es
tarrasa	es
tarrascar	es
tarrasense	es
tarreña	es
tarro	es
tarso	es
tarta	es
tartaja	es
tartajear	es
tartajoso	es
tartalear	es
tartamudeantemente	es
tartamudear	es
tartamudeo	es
tartamudez	es
tartamudo	es
tartana	es
tartanero	es
tartarizar	es
tartera	es
tartesio	es
tartrato	es
tartárico	es
taruga	es
tarugo	es
tarumba	es
tarusa	es
tarántula	es
tas	es
tasa	es
tasación	es
tasadamente	es
tasador	es
tasajo	es
tasar	es
tasca	es
tascar	es
tasconio	es
tasio	es
tasquear	es
tasquera	es
tasquil	es
tastana	es
tastar	es
tastaz	es
tasto	es
tasugo	es
tata	es
tatarabuelo	es
tataranieto	es
tatarear	es
tatas	es
tate	es
tato	es
tatuaje	es
tatuar	es
tau	es
taumaturgia	es
taumaturgo	es
taurino	es
taurios	es
tauro	es
tauromaquia	es
tauteo	es
taxativamente	es
taxativo	es
taxi	es
taxidermia	es
taxidermista	es
taxista	es
taxonomía	es
taxonómico	es
taxímetro	es
taxón	es
taxónomo	es
tayikistán	es
tayiko	es
taza	es
tazar	es
tazón	es
taíno	es
tañar	es
tañedor	es
tañer	es
tañido	es
te	es
tea	es
teatral	es
teatralidad	es
teatralizar	es
teatralmente	es
teatro	es
tebaico	es
tebano	es
tebeo	es
teca	es
techado	es
techador	es
techar	es
techo	es
techumbre	es
tecla	es
tecladista	es
teclado	es
tecle	es
teclear	es
teclista	es
tecnicismo	es
tecnificación	es
tecnificar	es
tecnología	es
tecnológicamente	es
tecnológico	es
tectónica	es
tectónico	es
teda	es
tedero	es
tedeum	es
tediar	es
tedio	es
tedioso	es
teflón	es
tegeo	es
tegual	es
teguillo	es
teguise	es
tegumentario	es
tegumento	es
tehuelche	es
teinada	es
teja	es
tejado	es
tejano	es
tejar	es
tejavana	es
tejedera	es
tejedor	es
tejedura	es
tejeduría	es
tejemaneje	es
tejer	es
tejera	es
tejero	es
tejida	es
tejido	es
tejimiento	es
tejo	es
tejoleta	es
tejonera	es
tejuela	es
tejuelo	es
tejón	es
tel	es
tela	es
telamón	es
telar	es
telaraña	es
telas	es
telde	es
tele	es
telecabina	es
telecomunicación	es
teleconferencia	es
telediario	es
teledirigido	es
telefilme	es
telefonazo	es
telefonear	es
telefonema	es
telefonista	es
telefonía	es
teleférico	es
telefónicamente	es
telefónico	es
telegrafiar	es
telegrafista	es
telegrafía	es
telegrama	es
telegráficamente	es
telegráfico	es
teleindicador	es
telele	es
telemática	es
telemático	es
telendo	es
telenovela	es
teleobjetivo	es
telepatía	es
telepático	es
telera	es
telero	es
telerrealidad	es
telescopio	es
telescópico	es
teleserie	es
telesilla	es
telespectador	es
teleta	es
teletexto	es
teletipo	es
teletrabajador	es
teletrabajo	es
televidente	es
televisar	es
televisivo	es
televisión	es
televisor	es
teleósteo	es
telina	es
tell	es
tellina	es
telliz	es
telliza	es
tells	es
telonero	es
telonio	es
telurio	es
teléf	es
teléfono	es
telégrafo	es
telémetro	es
telón	es
tema	es
temario	es
tembladal	es
tembladera	es
tembladero	es
temblador	es
temblante	es
temblar	es
tembleque	es
temblequear	es
tembletear	es
tembliquear	es
temblor	es
temblorosamente	es
tembloroso	es
tembloso	es
temblón	es
temedero	es
temer	es
temerariamente	es
temerario	es
temeridad	es
temerosamente	es
temeroso	es
temor	es
temorizar	es
temoso	es
tempanar	es
tempanilla	es
tempanillo	es
temperadamente	es
temperamental	es
temperamento	es
temperancia	es
temperante	es
temperar	es
temperatura	es
temperie	es
tempero	es
tempestad	es
tempestar	es
tempestear	es
tempestiva	es
tempestivamente	es
tempestividad	es
tempestivo	es
tempestuosamente	es
tempestuoso	es
templa	es
templada	es
templadamente	es
templadera	es
templadero	es
templado	es
templador	es
templadura	es
templamiento	es
templanza	es
templar	es
templario	es
temple	es
templete	es
templista	es
templo	es
tempo	es
temporada	es
temporal	es
temporalidad	es
temporalización	es
temporalizar	es
temporalmente	es
temporario	es
temporejar	es
temporero	es
temporizador	es
temporizar	es
tempranamente	es
tempranear	es
tempranero	es
tempranilla	es
tempranito	es
temprano	es
temulento	es
temática	es
temático	es
ten	es
tena	es
tenace	es
tenacear	es
tenacero	es
tenacidad	es
tenacillas	es
tenada	es
tenante	es
tenaz	es
tenaza	es
tenazazo	es
tenazmente	es
tenazuelas	es
tenca	es
tendajo	es
tendal	es
tendalera	es
tendalero	es
tendederas	es
tendedero	es
tendedor	es
tendedura	es
tendejón	es
tendel	es
tendencia	es
tendencioso	es
tendente	es
tender	es
tenderete	es
tendero	es
tendida	es
tendido	es
tendiente	es
tendinoso	es
tendón	es
tenebrario	es
tenebrismo	es
tenebrosamente	es
tenebrosidad	es
tenebroso	es
tenedero	es
tenedor	es
tenedorcillo	es
tenencia	es
tener	es
tenerife	es
tenia	es
tenida	es
tenienta	es
tenientazgo	es
teniente	es
tenis	es
tenista	es
tenobia	es
tenor	es
tenorio	es
tensa	es
tensamente	es
tensar	es
tensino	es
tensiómetro	es
tensión	es
tenso	es
tensor	es
tensorial	es
tensón	es
tentación	es
tentacular	es
tentadero	es
tentado	es
tentador	es
tentadura	es
tentalear	es
tentar	es
tentaruja	es
tentativa	es
tentativamente	es
tentativo	es
tentemozo	es
tentempié	es
tentetieso	es
tentáculo	es
tenuamente	es
tenue	es
tenuemente	es
tenuidad	es
tenuta	es
tenutario	es
teocali	es
teocracia	es
teodicea	es
teodolito	es
teodosiano	es
teogonía	es
teologal	es
teologizar	es
teología	es
teológico	es
teorema	es
teorizador	es
teorizante	es
teorizar	es
teorética	es
teorético	es
teoría	es
teoso	es
tepe	es
tequila	es
ter	es
terapeuta	es
terapia	es
terapéutica	es
terapéutico	es
terbio	es
tercamente	es
tercelete	es
tercena	es
tercenco	es
tercenista	es
tercer	es
tercera	es
tercerear	es
tercerista	es
tercermundista	es
tercero	es
tercerola	es
terceto	es
tercia	es
terciado	es
terciador	es
terciana	es
tercianario	es
tercianela	es
terciar	es
terciario	es
tercio	es
terciopelada	es
terciopelado	es
terciopelero	es
terciopelo	es
terciopersonal	es
terco	es
terebinto	es
terebrante	es
terenciano	es
teresa	es
teresiana	es
teresiano	es
terete	es
tergiversación	es
tergiversadamente	es
tergiversador	es
tergiversadoramente	es
tergiversantemente	es
tergiversar	es
teridofito	es
teridófito	es
terliz	es
termal	es
termas	es
termes	es
termia	es
terminable	es
terminacho	es
terminación	es
terminador	es
terminajo	es
terminal	es
terminante	es
terminantemente	es
terminar	es
terminativa	es
terminativo	es
terminista	es
terminología	es
terminote	es
termita	es
termitero	es
termo	es
termocauterio	es
termodinámica	es
termodinámico	es
termoelectricidad	es
termoeléctrico	es
termoestable	es
termométrico	es
termonuclear	es
termopar	es
termoscopio	es
termosifón	es
termostato	es
termómetro	es
terna	es
ternario	es
ternasco	es
terne	es
ternejal	es
ternera	es
ternero	es
terneza	es
ternilloso	es
terno	es
ternura	es
ternísimamente	es
terpeno	es
terpina	es
terquear	es
terquedad	es
terqueza	es
terracota	es
terrada	es
terrado	es
terraguero	es
terraja	es
terraje	es
terrajero	es
terral	es
terraplenar	es
terraplén	es
terrario	es
terrateniente	es
terraza	es
terrazgo	es
terrazguero	es
terrazo	es
terrear	es
terrecer	es
terregoso	es
terremoto	es
terrenal	es
terrenidad	es
terreno	es
terrera	es
terrero	es
terrestre	es
terrezuela	es
terribilidad	es
terrible	es
terriblemente	es
terriblez	es
terrina	es
terrino	es
territorial	es
territorialidad	es
territorialmente	es
territorio	es
terriza	es
terrizo	es
terrollo	es
terror	es
terrorismo	es
terrorista	es
terrorífico	es
terrosidad	es
terroso	es
terruño	es
terráqueo	es
terrícola	es
terrífico	es
terrón	es
tersamente	es
tersar	es
tersidad	es
terso	es
tersura	es
tertulia	es
tertuliano	es
tertuliante	es
tertulio	es
teruel	es
terzuela	es
terzuelo	es
tes	es
tesaliano	es
tesaliense	es
tesalio	es
tesalonicense	es
tesalónico	es
tesar	es
tesaurizar	es
tesauro	es
tesbita	es
tesela	es
teselado	es
tesina	es
tesis	es
tesitura	es
tesla	es
teslámetro	es
teso	es
tesonero	es
tesorero	es
tesorería	es
tesorizar	es
tesoro	es
test	es
testa	es
testada	es
testador	es
testadura	es
testaferro	es
testamentario	es
testamento	es
testar	es
testarada	es
testarazo	es
testarudamente	es
testarudez	es
testarudo	es
testera	es
testerada	es
testero	es
testicular	es
testifical	es
testificar	es
testificativo	es
testigo	es
testiguar	es
testimonial	es
testimoniar	es
testimonio	es
testosterona	es
testudo	es
testuz	es
testuzo	es
testículo	es
tesura	es
tesón	es
teta	es
tetania	es
tetar	es
tetera	es
teticiega	es
tetona	es
tetrabranquial	es
tetrabrick	es
tetracordio	es
tetradracma	es
tetraedro	es
tetragonal	es
tetragrama	es
tetralogía	es
tetrarca	es
tetrágono	es
tetrápodo	es
tetrápodos	es
tetuda	es
tetudamente	es
tetánico	es
tetón	es
teucali	es
teucrio	es
teucro	es
teutón	es
texano	es
texcocano	es
textil	es
texto	es
textorio	es
textual	es
textualista	es
textualmente	es
textura	es
texturado	es
texturizar	es
teyo	es
tez	es
tezcucano	es
teñido	es
teñir	es
teólogo	es
teóricamente	es
teórico	es
tfno	es
ti	es
tiaca	es
tialina	es
tialismo	es
tiara	es
tiberina	es
tiberino	es
tiberio	es
tibetano	es
tibia	es
tibiamente	es
tibiar	es
tibieza	es
tibio	es
tiburtino	es
tiburón	es
tic	es
ticinense	es
tictac	es
tiemblo	es
tiempo	es
tienda	es
tienta	es
tientaguja	es
tientaparedes	es
tiento	es
tiernamente	es
tierno	es
tierra	es
tieso	es
tiesto	es
tiesura	es
tifo	es
tifoidea	es
tifoideo	es
tifus	es
tifácea	es
tifáceo	es
tigre	es
tigresa	es
tija	es
tijera	es
tijerada	es
tijereta	es
tijeretada	es
tijeretazo	es
tijeretear	es
tijeruela	es
tila	es
tildar	es
tilde	es
tilia	es
tillar	es
tilo	es
timador	es
timar	es
timba	es
timbal	es
timbalero	es
timbirimba	es
timbrado	es
timbrador	es
timbrar	es
timbre	es
timbreo	es
timiama	es
timidez	es
timo	es
timocracia	es
timol	es
timonear	es
timonel	es
timonero	es
timor	es
timorato	es
timorense	es
timpa	es
timpanillo	es
timpanitis	es
timpanizar	es
timpánico	es
timón	es
tina	es
tinaco	es
tinada	es
tinado	es
tinaja	es
tinajero	es
tinción	es
tindalizar	es
tinelar	es
tinelero	es
tinelo	es
tinerfeño	es
tinge	es
tinglado	es
tingle	es
tiniebla	es
tino	es
tinola	es
tinos	es
tinta	es
tintar	es
tinte	es
tintero	es
tintinar	es
tintinear	es
tinto	es
tintorera	es
tintorero	es
tintura	es
tinturar	es
tintóreo	es
tioneo	es
tiovivo	es
tipa	es
tipejo	es
tipiadora	es
tipicidad	es
tipificar	es
tipismo	es
tiple	es
tiplisonante	es
tipo	es
tipografía	es
tipográfico	es
tipología	es
tipógrafo	es
tique	es
tiquis	es
tiquismiquis	es
tira	es
tirabeque	es
tirabotas	es
tirabraguero	es
tirabrasas	es
tirabuzón	es
tiracantos	es
tirachinas	es
tirachinos	es
tiracuello	es
tiracuero	es
tirada	es
tiradera	es
tiradero	es
tirado	es
tirador	es
tirafondo	es
tiragomas	es
tirajana	es
tirajo	es
tiralíneas	es
tiramiento	es
tiramira	es
tiramisú	es
tiramollar	es
tiranicida	es
tiranicidio	es
tiranización	es
tiranizar	es
tirano	es
tirante	es
tirantez	es
tiranía	es
tirar	es
tiratacos	es
tiratiros	es
tiratrillo	es
tirela	es
tireta	es
tirillas	es
tirintio	es
tirio	es
tiritar	es
tiritera	es
tiro	es
tirocinio	es
tiroideo	es
tiroides	es
tirona	es
tironear	es
tiroriro	es
tirosina	es
tirotear	es
tiroteo	es
tirreno	es
tirria	es
tirso	es
tirulato	es
tirulo	es
tiránico	es
tirón	es
tisana	es
tisanuro	es
tisera	es
tisis	es
tisular	es
tisuria	es
titanio	es
titar	es
titear	es
titerero	es
titeretada	es
titerista	es
titiaro	es
titilador	es
titilar	es
titileo	es
titirimundi	es
titiritaina	es
titiritar	es
titiritero	es
tito	es
titubar	es
titubeante	es
titubeantemente	es
titubear	es
titubeo	es
titulación	es
titulado	es
titular	es
titularidad	es
titularizar	es
titulillo	es
titulización	es
titulizar	es
titán	es
titánico	es
titánide	es
tiufado	es
tiza	es
tizana	es
tizna	es
tiznadura	es
tiznajo	es
tiznar	es
tizne	es
tiznera	es
tiznero	es
tizo	es
tizona	es
tizonada	es
tizoncillo	es
tizonear	es
tizonera	es
tizón	es
tiña	es
to	es
toalla	es
toallero	es
toar	es
toba	es
tobago	es
tobaja	es
toballa	es
toballeta	es
tobar	es
tobelleta	es
tobera	es
tobillero	es
tobillo	es
tobogán	es
toboso	es
toca	es
tocable	es
tocada	es
tocadiscos	es
tocado	es
tocador	es
tocadura	es
tocamiento	es
tocante	es
tocar	es
tocata	es
tocateja	es
tocayo	es
tochedad	es
tochimbo	es
tocho	es
tochuelo	es
tochura	es
tocinera	es
tocinero	es
tocino	es
tocio	es
tocorno	es
tocólogo	es
tocón	es
todabuena	es
todavía	es
todo	es
todopoderoso	es
todoterreno	es
toesa	es
tofana	es
tofo	es
toga	es
togado	es
togo	es
togolés	es
toisón	es
tojal	es
tojino	es
tojo	es
tokelau	es
tolano	es
toldadura	es
toldar	es
toldero	es
toldilla	es
toldo	es
tole	es
toledano	es
toledo	es
tolemaico	es
tolena	es
tolerable	es
tolerablemente	es
tolerancia	es
tolerante	es
tolerantismo	es
tolerar	es
tolete	es
tolla	es
tollecer	es
toller	es
tollina	es
tollir	es
tollo	es
tolmera	es
tolmo	es
tolondro	es
tolosano	es
tolteca	es
tolupán	es
tolva	es
tolvanera	es
toma	es
tomada	es
tomadero	es
tomado	es
tomador	es
tomadura	es
tomar	es
tomares	es
tomatada	es
tomatal	es
tomate	es
tomatero	es
tomatillo	es
tomaza	es
tomaína	es
tomelloso	es
tomento	es
tomentoso	es
tomillar	es
tomineja	es
tominejo	es
tomiza	es
tomo	es
tomografía	es
tomé	es
tomín	es
ton	es
tonada	es
tonadillero	es
tonal	es
tonalidad	es
tonante	es
tonar	es
tonario	es
tonca	es
tondino	es
tondiz	es
tondo	es
tonel	es
tonelada	es
tonelero	es
tonelería	es
tonelete	es
tonga	es
tongada	es
tongano	es
tongo	es
tonicidad	es
tonificador	es
tonificante	es
tonificar	es
tonina	es
tono	es
tonos	es
tonsila	es
tonsilar	es
tonsura	es
tonsurar	es
tontada	es
tontaina	es
tontamente	es
tontear	es
tontedad	es
tontera	es
tontería	es
tontina	es
tonto	es
tontorrón	es
tontucio	es
tontuna	es
top	es
topa	es
topacio	es
topadizo	es
topador	es
topar	es
toparca	es
toparra	es
tope	es
topera	es
topetada	es
topetar	es
topetazo	es
topetudo	es
topinada	es
topinaria	es
topinera	es
topino	es
topiquero	es
topless	es
topo	es
topografía	es
topográfico	es
topología	es
topológico	es
toponimia	es
toponímico	es
topónimo	es
toque	es
toqueado	es
toquero	es
toquetear	es
torada	es
toral	es
torbellino	es
torcal	es
torcaz	es
torcaza	es
torce	es
torcecuello	es
torcedero	es
torcedor	es
torcedura	es
torcer	es
torcho	es
torchuelo	es
torcida	es
torcidamente	es
torcido	es
torcimiento	es
torco	es
torculado	es
torda	es
tordella	es
tordo	es
torear	es
toreo	es
torera	es
torero	es
toresano	es
torete	es
torga	es
torgo	es
toril	es
torio	es
toriondez	es
toriondo	es
tormellera	es
tormenta	es
tormentar	es
tormentaria	es
tormentario	es
tormentila	es
tormento	es
tormentoso	es
tormera	es
tormo	es
torna	es
tornaboda	es
tornadero	es
tornadizo	es
tornadura	es
tornagallos	es
tornalecho	es
tornamiento	es
tornapunta	es
tornar	es
tornasol	es
tornasolado	es
tornasolar	es
tornaviaje	es
tornavoz	es
torneado	es
torneador	es
torneadura	es
tornear	es
torneo	es
tornera	es
tornero	es
tornija	es
tornillero	es
tornillo	es
torniquete	es
torno	es
toro	es
torondo	es
toronja	es
toronjil	es
toronjina	es
toroso	es
torpe	es
torpecer	es
torpedad	es
torpedeamiento	es
torpedear	es
torpedeo	es
torpedero	es
torpedo	es
torpemente	es
torpeza	es
torques	es
torrar	es
torre	es
torrear	es
torrefacto	es
torrejón	es
torrelavega	es
torrelodones	es
torremolinos	es
torrencial	es
torrente	es
torrentera	es
torrentoso	es
torrero	es
torres	es
torreta	es
torrevieja	es
torreznada	es
torreznero	es
torrezno	es
torreón	es
torrija	es
torrontera	es
torrontero	es
torrontés	es
torsión	es
torso	es
torsor	es
torta	es
tortada	es
tortas	es
tortazo	es
tortedad	es
tortera	es
tortero	es
torteruelo	es
torticero	es
tortita	es
tortolito	es
tortor	es
tortosa	es
tortosino	es
tortozón	es
tortuga	es
tortuosamente	es
tortuosidad	es
tortuoso	es
tortura	es
torturador	es
torturar	es
tortícolis	es
torunda	es
toruno	es
torva	es
torvamente	es
torvisca	es
torviscal	es
torvisco	es
torvo	es
torzadillo	es
torzal	es
torzonado	es
torzuelo	es
torzón	es
torácico	es
tos	es
toscamente	es
toscano	es
tosco	es
tose	es
tosegoso	es
toser	es
tosidura	es
tosigar	es
tosigoso	es
tosquedad	es
tostación	es
tostada	es
tostadillo	es
tostado	es
tostador	es
tostadura	es
tostar	es
tostón	es
total	es
totalidad	es
totalitario	es
totalitarismo	es
totalización	es
totalizar	es
totalmente	es
totana	es
totanero	es
totemismo	es
totipotente	es
totonaco	es
totémico	es
tour	es
tours	es
tova	es
toxicar	es
toxicidad	es
toxicómano	es
toxina	es
tozalbo	es
tozar	es
tozo	es
tozolada	es
tozudamente	es
tozudez	es
tozudo	es
tozuelo	es
tpo	es
traba	es
trabacuenta	es
trabadero	es
trabado	es
trabadura	es
trabajado	es
trabajador	es
trabajante	es
trabajar	es
trabajo	es
trabajosamente	es
trabajoso	es
trabal	es
trabalenguas	es
trabamiento	es
trabanca	es
trabanco	es
trabar	es
trabazón	es
trabe	es
trabina	es
trabuca	es
trabucador	es
trabucaire	es
trabucar	es
trabuco	es
trabuquete	es
trabón	es
traca	es
tracamundana	es
tracción	es
traciano	es
tracias	es
tracio	es
tractar	es
tracto	es
tractor	es
tractorar	es
tractorear	es
trad	es
tradicional	es
tradicionalismo	es
tradicionalista	es
tradicionalmente	es
tradicionista	es
tradición	es
traducción	es
traducibilidad	es
traducible	es
traducir	es
traductor	es
traedizo	es
traedura	es
traer	es
trafagar	es
trafalmeja	es
traficante	es
traficar	es
trafulcar	es
tragacanto	es
tragacete	es
tragaderas	es
tragadero	es
tragador	es
tragaldabas	es
tragaleguas	es
tragaluz	es
tragamallas	es
tragantada	es
tragante	es
tragar	es
tragasantos	es
tragavino	es
tragavirotes	es
tragaz	es
tragedia	es
tragicomedia	es
tragicómico	es
trago	es
tragonear	es
tragontina	es
tragón	es
traicionar	es
traicioneramente	es
traicionero	es
traición	es
traidor	es
traidoramente	es
traillar	es
trainera	es
traite	es
trajano	es
traje	es
trajear	es
trajelar	es
trajinante	es
trajinar	es
trajinero	es
trajín	es
tralla	es
trallazo	es
trama	es
tramador	es
tramar	es
tramitación	es
tramitador	es
tramitar	es
tramo	es
tramojo	es
tramontana	es
tramontano	es
tramontar	es
tramoya	es
tramoyista	es
trampa	es
trampantojo	es
trampazo	es
trampeador	es
trampear	es
trampero	es
trampista	es
trampolín	es
tramposo	es
tranca	es
trancanil	es
trancar	es
trance	es
trancha	es
tranchea	es
tranchete	es
trancho	es
tranco	es
trangallo	es
tranquear	es
tranquera	es
tranquero	es
tranquil	es
tranquila	es
tranquilamente	es
tranquilar	es
tranquilidad	es
tranquilizador	es
tranquilizante	es
tranquilizar	es
tranquilo	es
transaccional	es
transaccionar	es
transacción	es
transatlántico	es
transbordador	es
transbordar	es
transbordo	es
transcendencia	es
transcendental	es
transcendentalismo	es
transcender	es
transcontinental	es
transcribir	es
transcripción	es
transcrito	es
transcurrir	es
transducción	es
transductor	es
transepto	es
transexual	es
transexualidad	es
transexualismo	es
transeúnte	es
transferencia	es
transferible	es
transferidor	es
transferir	es
transfiguración	es
transfigurar	es
transfijo	es
transflorar	es
transflorear	es
transformacional	es
transformador	es
transformamiento	es
transformar	es
transformismo	es
transformista	es
transfregar	es
transfretano	es
transfretar	es
transfundir	es
transfusible	es
transfusión	es
transfusor	es
transgredir	es
transgresión	es
transgresor	es
transiberiano	es
transición	es
transido	es
transigencia	es
transigente	es
transigir	es
transir	es
transistor	es
transitable	es
transitar	es
transitivo	es
transitoriamente	es
transitoriedad	es
transitorio	es
translaticio	es
translativo	es
translimitar	es
transliteración	es
transliterar	es
translucidez	es
translucir	es
transmigración	es
transmigrar	es
transmigratorio	es
transmisible	es
transmisión	es
transmisor	es
transmitir	es
transmontano	es
transmontar	es
transmudamiento	es
transmudar	es
transmundano	es
transmutable	es
transmutar	es
transmutativo	es
transmutatorio	es
transpadano	es
transparencia	es
transparentar	es
transparente	es
transpiración	es
transpirar	es
transpirenaico	es
transpolar	es
transponer	es
transportación	es
transportador	es
transportamiento	es
transportar	es
transporte	es
transportista	es
transposición	es
transpositivo	es
transpuesto	es
transpón	es
transubstancial	es
transubstanciar	es
transustanciación	es
transustancial	es
transvasar	es
transversal	es
transversalidad	es
transversalmente	es
transverso	es
tranviario	es
tranviero	es
tranvía	es
tranzadera	es
tranzado	es
tranzar	es
trapa	es
trapacear	es
trapacero	es
trapacete	es
trapacista	es
trapajoso	es
trapalear	es
trapatiesta	es
trapaza	es
trapazar	es
trape	es
trapea	es
trapeaba	es
trapeado	es
trapeando	es
trapear	es
trapeara	es
trapeare	es
trapeará	es
trapearía	es
trapease	es
trapecial	es
trapecio	es
trapecista	es
trapee	es
trapense	es
trapero	es
trapezoidal	es
trapezoide	es
trapeó	es
trapiche	es
trapichear	es
trapichero	es
trapiento	es
trapisonda	es
trapisondear	es
trapisondista	es
trapitos	es
trapo	es
traque	es
traqueal	es
traquear	es
traquetear	es
traquido	es
traquita	es
tras	es
trasaltar	es
trasandosco	es
trasanteayer	es
trasbordar	es
trascabo	es
trascantonada	es
trascartar	es
trascendencia	es
trascendental	es
trascendente	es
trascender	es
trascendido	es
trascoda	es
trascolar	es
trasconejar	es
trascordar	es
trascoro	es
trascorral	es
trascorvo	es
trascribir	es
trascrito	es
trascurrir	es
trasdoblar	es
trasdosar	es
trasdosear	es
trasechar	es
trasegar	es
trasero	es
traseñalar	es
trasferencia	es
trasferir	es
trasfigurar	es
trasflorar	es
trasflorear	es
trasfollado	es
trasfollo	es
trasfondo	es
trasformar	es
trasfregar	es
trasfretano	es
trasfretar	es
trasfuego	es
trasfundir	es
trasfusor	es
trasga	es
trasgo	es
trasgredir	es
trasgresor	es
trasguear	es
trasguero	es
trashoguero	es
trashojar	es
trashumancia	es
trashumante	es
trashumar	es
trasijado	es
traslación	es
trasladador	es
trasladar	es
traslado	es
traslapar	es
traslaticio	es
traslativo	es
traslato	es
trasloar	es
traslucimiento	es
traslucir	es
traslumbramiento	es
traslumbrar	es
trasluz	es
trasmallo	es
trasmano	es
trasmatar	es
trasmañanar	es
trasmerano	es
trasmigrar	es
trasminar	es
trasmitir	es
trasmochar	es
trasmontar	es
trasmudar	es
trasmundo	es
trasmutar	es
trasnochador	es
trasnochar	es
trasnombrar	es
trasojado	es
trasovada	es
trasoír	es
trasoñar	es
traspadano	es
traspalar	es
traspalear	es
traspapelar	es
trasparecer	es
trasparentar	es
traspasador	es
traspasamiento	es
traspasar	es
traspaso	es
traspecho	es
traspeinar	es
traspellar	es
traspilastra	es
traspillar	es
traspintar	es
traspirar	es
traspié	es
trasplantado	es
trasplantar	es
trasponer	es
trasportamiento	es
trasportar	es
traspuesto	es
traspunte	es
traspón	es
trasquero	es
trasquila	es
trasquilado	es
trasquilador	es
trasquiladura	es
trasquilar	es
trasquilimocho	es
trasquilón	es
trasroscar	es
trastabillante	es
trastabillar	es
trastada	es
trastajo	es
traste	es
trasteador	es
trastear	es
trastejador	es
trastejadura	es
trastejar	es
trastero	es
trastes	es
trastesar	es
trastienda	es
trasto	es
trastocar	es
trastornador	es
trastornadura	es
trastornamiento	es
trastornar	es
trastorno	es
trastrabar	es
trastrabillar	es
trastrocamiento	es
trastrocar	es
trastumbar	es
trasudar	es
trasuntar	es
trasvasar	es
trasvenar	es
trasver	es
trasversal	es
trasverso	es
trasverter	es
trasvinar	es
trasvisto	es
trasvolar	es
trasvé	es
trata	es
tratable	es
tratadista	es
tratado	es
tratador	es
tratamiento	es
tratante	es
tratar	es
trato	es
trauma	es
traumado	es
traumatismo	es
traumatizante	es
traumatizar	es
traumático	es
traversa	es
travesar	es
travesaño	es
travesear	es
travesero	es
travesti	es
travestir	es
travestismo	es
travestista	es
travestí	es
travesura	es
travesío	es
travieso	es
través	es
trayecto	es
trayectoria	es
traza	es
trazable	es
trazado	es
trazador	es
trazar	es
trazo	es
trazumar	es
traída	es
traído	es
traílla	es
traína	es
traíña	es
treballa	es
trebejar	es
trebejo	es
trebentina	es
trebolar	es
trece	es
treceavo	es
trecemesino	es
trecenario	es
trecenato	es
trecenazgo	es
treceno	es
trecha	es
trechear	es
trechel	es
trecheo	es
trecho	es
trecientos	es
trecén	es
trefilar	es
tregua	es
treinta	es
treintaidosavo	es
treintavo	es
treintena	es
treinteno	es
treja	es
tremar	es
tremebundo	es
tremedal	es
tremendamente	es
tremendismo	es
tremendista	es
tremendo	es
trementina	es
tremer	es
tremesino	es
tremielga	es
tremol	es
tremolar	es
tremolina	es
tremoso	es
tremulante	es
tremulento	es
tremés	es
tremó	es
tren	es
trena	es
trenado	es
trenca	es
trencillar	es
treno	es
trenque	es
trente	es
trenteno	es
trenza	es
trenzadera	es
trenzado	es
trenzar	es
treo	es
trepa	es
trepador	es
trepajuncos	es
trepanación	es
trepanar	es
trepante	es
trepar	es
treparriscos	es
trepatroncos	es
trepidación	es
trepidante	es
trepidar	es
treponema	es
tres	es
trescientas	es
trescientos	es
tresdoblar	es
tresillista	es
tresmesino	es
tresnal	es
tresnar	es
trestanto	es
treta	es
trezna	es
triaca	es
triacal	es
triache	es
trial	es
trianero	es
triangulación	es
triangular	es
triangularmente	es
triaquero	es
triar	es
triario	es
triatlón	es
tribal	es
tribu	es
tribual	es
tribuir	es
tribulación	es
tribular	es
tribuna	es
tribunado	es
tribunal	es
tribunicio	es
tribuno	es
tributante	es
tributar	es
tributario	es
tributo	es
tricentenario	es
tricentésimo	es
triciclo	es
tricolor	es
tricorne	es
tricornio	es
tricotar	es
tricúspide	es
tridacio	es
tridente	es
tridentino	es
tridimensional	es
triduano	es
triduo	es
triedro	es
trienal	es
trienio	es
triente	es
trifauce	es
trifinio	es
trifloro	es
trifoliado	es
trifolio	es
triforio	es
triforme	es
trifulca	es
trifurcar	es
triga	es
trigal	es
trigaza	es
trigesimoctavo	es
trigesimocuarto	es
trigesimonono	es
trigesimonoveno	es
trigesimoprimero	es
trigesimoquinto	es
trigesimosegundo	es
trigesimosexto	es
trigesimoséptimo	es
trigesimotercero	es
trigla	es
triglifo	es
trigo	es
trigonal	es
trigonometría	es
trigonométrico	es
triguero	es
trigueño	es
triguillo	es
trigésimo	es
trile	es
trilingüe	es
trilita	es
trilito	es
trilla	es
trilladera	es
trillado	es
trillador	es
trilladura	es
trillar	es
trillique	es
trillo	es
trilobites	es
trilobulado	es
trilocular	es
trilogía	es
trimembre	es
trimestral	es
trimestralmente	es
trimestre	es
trimielga	es
trimotor	es
trinacrio	es
trinar	es
trinca	es
trincado	es
trincadura	es
trincaesquinas	es
trincapiñones	es
trincar	es
trincha	es
trinchador	es
trinchante	es
trinchar	es
trincheo	es
trinchera	es
trinchero	es
trinchete	es
trineo	es
trinidad	es
trinitario	es
trinitense	es
trinitrotolueno	es
trino	es
trinomio	es
trinquetada	es
trinquete	es
trinquetilla	es
tripa	es
tripada	es
tripanosoma	es
tripartir	es
tripartito	es
tripastos	es
tripe	es
tripero	es
triplano	es
triple	es
triplete	es
triplicación	es
triplicado	es
triplicar	es
triplicidad	es
tripolino	es
tripolitano	es
triptongar	es
triptongo	es
tripudiar	es
tripudo	es
tripulación	es
tripulante	es
tripular	es
trique	es
triquete	es
triquina	es
triquinosis	es
triquitraque	es
triquiñuela	es
trirrectángulo	es
trirreme	es
tris	es
trisagio	es
trisar	es
triscar	es
trisecar	es
trisemanal	es
trismo	es
trispasto	es
triste	es
tristemente	es
tristeza	es
tristura	es
trisulco	es
tritio	es
triturador	es
triturar	es
tritón	es
triunfador	es
triunfal	es
triunfalismo	es
triunfalista	es
triunfalmente	es
triunfante	es
triunfantemente	es
triunfar	es
triunfo	es
triunviral	es
triunvirato	es
trivial	es
trivialidad	es
trivializar	es
trivialmente	es
trivio	es
trizar	es
triángulo	es
trióxido	es
trocable	es
trocada	es
trocadamente	es
trocado	es
trocador	es
trocaico	es
trocamiento	es
trocar	es
trocatinta	es
trocatinte	es
trocear	es
trocha	es
trochemoche	es
trocir	es
trociscar	es
trocito	es
trocla	es
trocoide	es
trocánter	es
trofeo	es
troglodita	es
troj	es
troje	es
trojero	es
trojezada	es
trol	es
trola	es
trole	es
trolebús	es
trolero	es
trolla	es
tromba	es
trombo	es
tromboangitis	es
trombosis	es
trombón	es
trompa	es
trompar	es
trompear	es
trompero	es
trompeta	es
trompetada	es
trompetazo	es
trompetear	es
trompetero	es
trompetería	es
trompetilla	es
trompetista	es
trompicadero	es
trompicar	es
trompicón	es
trompilladura	es
trompillar	es
trompis	es
trompo	es
trona	es
tronador	es
tronar	es
tronca	es
troncal	es
troncalidad	es
troncar	es
tronchar	es
troncho	es
tronchudo	es
tronco	es
troncocónico	es
tronera	es
tronerar	es
tronga	es
tronido	es
tronitoso	es
trono	es
tronquear	es
tronquista	es
tronzar	es
tropa	es
tropecientas	es
tropecientos	es
tropel	es
tropelista	es
tropellar	es
tropelía	es
tropeoleo	es
tropeolácea	es
tropeoláceo	es
tropezadero	es
tropezador	es
tropezadura	es
tropezar	es
tropezoso	es
tropezón	es
tropical	es
tropiezo	es
tropismo	es
tropo	es
tropopausa	es
troposfera	es
troque	es
troquel	es
troquelar	es
troqueo	es
troquilo	es
trosas	es
trotacalles	es
trotaconventos	es
trotador	es
trotamundos	es
trotar	es
trote	es
troupe	es
trova	es
trovador	es
trovadoresco	es
trovar	es
trovero	es
trovista	es
trox	es
troy	es
troyano	es
trozar	es
trozo	es
trucar	es
trucha	es
truchero	es
truchimán	es
truchuela	es
trucidar	es
truco	es
truculencia	es
truculentamente	es
truculento	es
true	es
trueno	es
trueque	es
trufar	es
truhan	es
truhanada	es
truhanear	es
truhanería	es
truhanesco	es
truja	es
trujal	es
trujamanear	es
trujillano	es
trulla	es
trullar	es
truncado	es
truncamiento	es
truncar	es
truque	es
truquero	es
truquiflor	es
trué	es
tráfago	es
tráfico	es
trágicamente	es
trágico	es
tráiler	es
trámite	es
tránsito	es
tráquea	es
trébol	es
trémolo	es
trémulo	es
tría	es
tríceps	es
trígono	es
trío	es
trípode	es
trípoli	es
tríptico	es
trófico	es
trópico	es
tsunami	es
tu	es
tuareg	es
tuba	es
tuberculina	es
tuberculosa	es
tuberculosis	es
tuberculoso	es
tuberosa	es
tuberosidad	es
tuberoso	es
tubería	es
tubo	es
tubular	es
tubuloso	es
tubérculo	es
tuca	es
tuciorismo	es
tuciorista	es
tuco	es
tucumano	es
tuda	es
tudel	es
tudela	es
tudelano	es
tudense	es
tudesco	es
tueca	es
tueco	es
tuera	es
tuerca	es
tuerce	es
tuerta	es
tuerto	es
tueste	es
tufillas	es
tufo	es
tugurio	es
tuit	es
tuitear	es
tuiteo	es
tuitero	es
tuitiva	es
tuitivo	es
tul	es
tulio	es
tulipa	es
tulipán	es
tullecer	es
tullidura	es
tullimiento	es
tullir	es
tumba	es
tumbacuartillos	es
tumbadillo	es
tumbado	es
tumbaga	es
tumbaollas	es
tumbar	es
tumbo	es
tumbón	es
tumefacción	es
tumefacto	es
tumo	es
tumor	es
tumoración	es
tumoral	es
tumoroso	es
tumulario	es
tumulto	es
tumultuar	es
tumultuariamente	es
tumultuario	es
tumultuosamente	es
tumultuoso	es
tuna	es
tunantada	es
tunante	es
tunantear	es
tunar	es
tunda	es
tundear	es
tundente	es
tundidor	es
tundidura	es
tundir	es
tundizno	es
tundra	es
tunduque	es
tunear	es
tunecino	es
tunecí	es
tunecíes	es
tunelamiento	es
tunera	es
tunero	es
tungsteno	es
tunicado	es
tupa	es
tupaya	es
tupi	es
tupido	es
tupinambo	es
tupir	es
tupitaina	es
tupé	es
tupí	es
tupíes	es
tura	es
turar	es
turba	es
turbación	es
turbadamente	es
turbador	es
turbamiento	es
turbamulta	es
turbante	es
turbar	es
turbativo	es
turbera	es
turbia	es
turbiamente	es
turbiedad	es
turbieza	es
turbina	es
turbinto	es
turbio	es
turbit	es
turbión	es
turbo	es
turbocompresor	es
turbonada	es
turbulencia	es
turbulentamente	es
turbulento	es
turbón	es
turco	es
turcomano	es
turcople	es
turdetano	es
turgencia	es
turgente	es
turia	es
turibular	es
turibulario	es
turiferario	es
turificar	es
turismo	es
turista	es
turkmenistán	es
turkmeno	es
turma	es
turmalina	es
turnar	es
turnio	es
turno	es
turolense	es
turpial	es
turquesa	es
turquí	es
turquía	es
turquíes	es
turrar	es
turronada	es
turronero	es
turrón	es
turulato	es
turullo	es
turulés	es
turíbulo	es
turístico	es
tus	es
tusa	es
tusturrar	es
tute	es
tutear	es
tutela	es
tutelar	es
tutor	es
tutorar	es
tutorial	es
tutorización	es
tutorizar	es
tutoría	es
tutía	es
tuvalu	es
tuvaluano	es
tuya	es
tuyo	es
tuétano	es
tábano	es
tábarro	es
tácitamente	es
tácito	es
tácticamente	es
táctico	es
táctil	es
táctilmente	es
tálamo	es
támara	es
tángano	es
tántalo	es
tártaro	es
tártrico	es
té	es
técnica	es
técnicamente	es
técnico	es
témpano	es
ténder	es
tépalo	es
térmico	es
término	es
térreo	es
tés	es
tésalo	es
tétanos	es
tétrico	es
tía	es
tías	es
tífico	es
tímidamente	es
tímido	es
tímpano	es
tío	es
típicamente	es
típico	es
típula	es
tísico	es
tít	es
títere	es
título	es
tómbola	es
tóner	es
tónica	es
tónico	es
tópico	es
tórax	es
tórculo	es
tórridamente	es
tórrido	es
tórtola	es
tórtolo	es
tósigo	es
tótem	es
tóxico	es
tú	es
túmulo	es
túnel	es
túnez	es
túnica	es
túrdiga	es
tútano	es
u	es
ubicación	es
ubicar	es
ubicuidad	es
ubicuo	es
ubio	es
ubiquidad	es
ubiquitario	es
ubre	es
ubrera	es
ucase	es
ucrania	es
ucraniano	es
ucranio	es
ud	es
ues	es
uf	es
ufanamente	es
ufanar	es
ufano	es
ufanía	es
ufo	es
uganda	es
ugandés	es
uh	es
ujier	es
ukelele	es
ulceración	es
ulcerar	es
ulcerativo	es
ulceroso	es
ulema	es
ulterior	es
ulteriormente	es
ultimador	es
ultimar	es
ultimátum	es
ultra	es
ultraderechismo	es
ultraizquierdismo	es
ultrajador	es
ultrajante	es
ultrajar	es
ultraje	es
ultrajoso	es
ultraligero	es
ultramar	es
ultramarino	es
ultramaro	es
ultramicroscopio	es
ultramontanismo	es
ultramontano	es
ultramundano	es
ultranza	es
ultrapuertos	es
ultrarrojo	es
ultrasensible	es
ultrasonido	es
ultratumba	es
ultravioleta	es
ulular	es
ululato	es
umbela	es
umbelífera	es
umbelífero	es
umbilicado	es
umbilical	es
umbra	es
umbral	es
umbralar	es
umbro	es
umbroso	es
umbría	es
umbrío	es
umero	es
un	es
una	es
unalbo	es
unanimidad	es
unario	es
unas	es
uncia	es
uncidor	es
unciforme	es
uncir	es
unción	es
undante	es
undoso	es
undular	es
undécimo	es
ungido	es
ungimiento	es
ungir	es
unguiculado	es
unguis	es
ungulado	es
ungular	es
ungüento	es
unicamente	es
unicaule	es
unicef	es
unicelular	es
unicidad	es
unicolor	es
unicornio	es
unidad	es
unidamente	es
unidimensional	es
unidireccional	es
unidla	es
unidlas	es
unidle	es
unidles	es
unidlo	es
unidlos	es
unidme	es
unidnos	es
unidor	es
unifamiliar	es
unificación	es
unificado	es
unificador	es
unificar	es
uniformador	es
uniformar	es
uniforme	es
uniformemente	es
uniformidad	es
unigénito	es
unilateral	es
unilateralmente	es
unimismar	es
unionista	es
unipersonal	es
unipolar	es
unir	es
unisexual	es
unisonancia	es
unisonar	es
unitario	es
unitarismo	es
unitivo	es
univ	es
univalvo	es
universal	es
universalidad	es
universalización	es
universalizar	es
universalmente	es
universidad	es
universitario	es
universo	es
univocar	es
univocidad	es
unión	es
uno	es
unos	es
untada	es
untadla	es
untadlas	es
untadle	es
untadles	es
untadlo	es
untadlos	es
untadme	es
untadnos	es
untador	es
untadura	es
untamiento	es
untaos	es
untar	es
untaza	es
unto	es
untoso	es
untuosidad	es
untuoso	es
untura	es
untémonos	es
unámonos	es
unánime	es
unánimemente	es
uníos	es
unísono	es
unívocamente	es
unívoco	es
upa	es
upar	es
urajear	es
uralaltaico	es
uraloaltaico	es
uranio	es
uranolito	es
urato	es
urbana	es
urbanamente	es
urbanidad	es
urbanismo	es
urbanista	es
urbanización	es
urbanizar	es
urbano	es
urbanística	es
urbanístico	es
urbe	es
urca	es
urdiales	es
urdidera	es
urdidor	es
urdidura	es
urdiembre	es
urdimbre	es
urdir	es
urdu	es
urea	es
uremia	es
urente	es
uretra	es
uretral	es
uretritis	es
urgabonense	es
urgencia	es
urgente	es
urgentemente	es
urgir	es
urinario	es
urna	es
uro	es
urodelo	es
urogallo	es
uromancia	es
uroscopia	es
urraca	es
ursina	es
urss	es
ursulina	es
urticante	es
urticaria	es
uruga	es
uruguay	es
uruguayo	es
uréter	es
usabilidad	es
usada	es
usadla	es
usadlas	es
usadle	es
usadles	es
usadlo	es
usadlos	es
usadme	es
usadnos	es
usado	es
usagre	es
usanza	es
usar	es
usb	es
uscoque	es
usier	es
uslero	es
uso	es
usos	es
ustaga	es
usted	es
usual	es
usualmente	es
usuario	es
usucapida	es
usucapidas	es
usucapido	es
usucapidos	es
usucapir	es
usucapirse	es
usucapión	es
usufructo	es
usufructuar	es
usufructuario	es
usura	es
usurar	es
usurariamente	es
usurario	es
usurear	es
usurero	es
usurpación	es
usurpador	es
usurpar	es
usémonos	es
uta	es
utensilio	es
uterino	es
uticense	es
utilidad	es
utilitario	es
utilitarismo	es
utilización	es
utilizar	es
utillaje	es
utopista	es
utopía	es
utrera	es
utrerano	es
utópico	es
uva	es
uvada	es
uvaduz	es
uve	es
uvero	es
uviar	es
uvular	es
uxó	es
uy	es
uzbeco	es
uzbekistán	es
uzbeko	es
uzo	es
uña	es
uñero	es
uñir	es
va	es
vaca	es
vacacional	es
vacación	es
vacante	es
vacar	es
vacatura	es
vacceo	es
vaccinieo	es
vaciadero	es
vaciadizo	es
vaciado	es
vaciador	es
vaciamadrid	es
vaciamiento	es
vaciante	es
vaciar	es
vaciedad	es
vaciero	es
vacilación	es
vacilante	es
vacilantemente	es
vacilar	es
vacuidad	es
vacuna	es
vacunador	es
vacunar	es
vacuno	es
vacunoterapia	es
vacuo	es
vacíamente	es
vacío	es
vade	es
vadeable	es
vadeador	es
vadear	es
vademécum	es
vadera	es
vadiano	es
vado	es
vaga	es
vagabundear	es
vagabundo	es
vagamente	es
vagamundear	es
vagamundo	es
vagancia	es
vagante	es
vagar	es
vagaroso	es
vagido	es
vagina	es
vaginal	es
vaginalmente	es
vaginitis	es
vago	es
vagoneta	es
vaguada	es
vaguear	es
vaguedad	es
vaguemaestre	es
vaguería	es
vaguido	es
vagón	es
vahar	es
vahear	es
vaho	es
vahído	es
vaina	es
vainero	es
vainica	es
vainilla	es
vainiquera	es
vais	es
vaivenear	es
vaivén	es
vajilla	es
val	es
valar	es
valdemoro	es
valdense	es
valdepeñas	es
vale	es
valedero	es
valedor	es
valencia	es
valenciana	es
valencianismo	es
valenciano	es
valentiniano	es
valentino	es
valentonada	es
valentía	es
valentín	es
valentísimamente	es
valentísimo	es
valentón	es
valer	es
valeriana	es
valerianato	es
valeriense	es
valeriánico	es
valerosamente	es
valerosidad	es
valeroso	es
valetudinario	es
validación	es
validador	es
validar	es
validez	es
valiente	es
valientemente	es
valija	es
valijero	es
valimiento	es
valiosamente	es
valioso	es
vall	es
valla	es
valladar	es
valladear	es
vallado	es
valladolid	es
vallar	es
vallbona	es
valle	es
vallenato	es
vallico	es
vallisoletano	es
valls	es
vallés	es
valor	es
valoración	es
valorar	es
valorear	es
valorización	es
valorizar	es
valquiria	es
vals	es
valsar	es
valuación	es
valuar	es
valva	es
valvar	es
valvular	es
valía	es
vamos	es
vampiresa	es
vampirismo	es
vampiro	es
van	es
vanadio	es
vanagloria	es
vanagloriar	es
vanagloriosamente	es
vanaglorioso	es
vanamente	es
vandalismo	es
vandalizar	es
vanear	es
vanesa	es
vanguardia	es
vanguardismo	es
vanguardista	es
vanidad	es
vanidosamente	es
vanidoso	es
vanilocuencia	es
vanilocuente	es
vaniloquio	es
vanistorio	es
vano	es
vanuatu	es
vanuatuense	es
vapor	es
vaporar	es
vaporear	es
vaporización	es
vaporizador	es
vaporizar	es
vaporoso	es
vapulamiento	es
vapular	es
vapuleador	es
vapuleamiento	es
vapulear	es
vaquear	es
vaqueiro	es
vaquerizo	es
vaquero	es
vaqueta	es
vara	es
varada	es
varadera	es
varadero	es
varadura	es
varal	es
varapalo	es
varar	es
varazo	es
varea	es
vareador	es
varear	es
varejón	es
varenga	es
vareo	es
vareta	es
varetazo	es
varetear	es
varga	es
variabilidad	es
variable	es
variablemente	es
variación	es
variado	es
variante	es
varianza	es
variar	es
varicela	es
varicocele	es
varicoso	es
variedad	es
varietés	es
varilarguero	es
varillaje	es
vario	es
varioloide	es
varioloso	es
variopinto	es
varita	es
varitero	es
variz	es
varonil	es
varonilmente	es
varraco	es
varraquear	es
varraquera	es
varsoviano	es
varón	es
vas	es
vasa	es
vasallaje	es
vasallo	es
vasar	es
vasco	es
vascongado	es
vascuence	es
vascular	es
vasculoso	es
vascón	es
vascónico	es
vaselina	es
vasera	es
vasija	es
vaso	es
vasodilatador	es
vastedad	es
vasto	es
vate	es
vaticanista	es
vaticano	es
vaticinador	es
vaticinar	es
vaticinio	es
vatio	es
vaya	es
vayamos	es
vayan	es
vayas	es
vayáis	es
vayámonos	es
vaída	es
vd	es
vdo	es
ve	es
vecera	es
vecero	es
vecina	es
vecinal	es
vecindad	es
vecindar	es
vecindario	es
vecindona	es
vecino	es
vector	es
vectorial	es
veda	es
vedado	es
vedamiento	es
vedar	es
vedegambre	es
vedeja	es
vedete	es
vedija	es
veedor	es
veer	es
vega	es
veganismo	es
vegano	es
vegetabilidad	es
vegetación	es
vegetal	es
vegetalismo	es
vegetalista	es
vegetar	es
vegetarianismo	es
vegetariano	es
vegetativo	es
veguero	es
vehemencia	es
vehemente	es
vehementemente	es
vehículo	es
veintavo	es
veinte	es
veinteavo	es
veintena	es
veintenar	es
veinteno	es
veinticinco	es
veinticuatreno	es
veinticuatro	es
veintidós	es
veintinueve	es
veintiocho	es
veintisiete	es
veintiséis	es
veintitrés	es
veintiuna	es
veintiuno	es
veintiún	es
veis	es
vejación	es
vejador	es
vejamen	es
vejaminista	es
vejar	es
vejatorio	es
vejecer	es
vejestorio	es
vejeta	es
vejete	es
vejez	es
vejezuelo	es
vejiga	es
vejigatorio	es
vejigazo	es
vejigoso	es
vela	es
velacho	es
velada	es
velado	es
velador	es
veladura	es
velamen	es
velar	es
velarizar	es
velarte	es
velasco	es
velatorio	es
velcro	es
veleidad	es
veleidoso	es
velejar	es
velero	es
veleta	es
velete	es
velicar	es
velilla	es
vellera	es
vellido	es
vello	es
vellocino	es
vellorita	es
vellosidad	es
vellosilla	es
velloso	es
vellotado	es
velludo	es
vellón	es
velmez	es
velo	es
velocidad	es
velocipedismo	es
velocipedista	es
velocímetro	es
velocípedo	es
velonero	es
velorio	es
velorta	es
velorto	es
velos	es
veloz	es
velozmente	es
velón	es
ven	es
vena	es
venablo	es
venadero	es
venado	es
venaje	es
venal	es
venalidad	es
vencedor	es
vencejera	es
vencejo	es
vencer	es
vencetósigo	es
vencible	es
vencida	es
vencimiento	es
venda	es
vendar	es
vendaval	es
vendedor	es
vendeja	es
vender	es
vendetta	es
vendible	es
vendimia	es
vendimiador	es
vendimiar	es
vendimiario	es
vendo	es
vendrell	es
vendí	es
venecia	es
veneciano	es
veneficiar	es
venencia	es
veneno	es
venenosidad	es
venenoso	es
venera	es
venerablemente	es
veneración	es
venerador	es
venerando	es
venerar	es
venezolanismo	es
venezolano	es
venezuela	es
vengador	es
venganza	es
vengar	es
vengativo	es
venia	es
venial	es
venialidad	es
venialmente	es
venida	es
venidero	es
venir	es
venoso	es
venta	es
ventaja	es
ventajista	es
ventajosa	es
ventajosamente	es
ventajoso	es
ventalla	es
ventalle	es
ventana	es
ventanal	es
ventanear	es
ventanero	es
ventanico	es
ventanilla	es
ventano	es
ventanuco	es
ventar	es
ventarrón	es
venteadura	es
ventear	es
venteril	es
ventero	es
ventilación	es
ventilador	es
ventilar	es
ventisca	es
ventiscar	es
ventiscoso	es
ventisquear	es
ventisquero	es
ventola	es
ventolera	es
ventolina	es
ventor	es
ventorrero	es
ventorro	es
ventosa	es
ventosear	es
ventosidad	es
ventoso	es
ventral	es
ventralmente	es
ventricular	es
ventril	es
ventriloquia	es
ventrudo	es
ventrículo	es
ventrílocuo	es
ventura	es
venturanza	es
venturero	es
venturina	es
venturo	es
venturosamente	es
venturoso	es
venus	es
venusino	es
venustez	es
venustidad	es
venusto	es
venéreo	es
ver	es
vera	es
veracidad	es
veranar	es
veranda	es
veraneante	es
veranear	es
veraneo	es
veranero	es
veraniego	es
verano	es
verascopio	es
verato	es
veratrina	es
veraz	es
verba	es
verbal	es
verbalismo	es
verbalista	es
verbalizar	es
verbalmente	es
verbasco	es
verbena	es
verbenear	es
verbenero	es
verbenácea	es
verbenáceo	es
verberar	es
verbigracia	es
verbo	es
verborragia	es
verborrea	es
verbosidad	es
verboso	es
verdacho	es
verdad	es
verdaderamente	es
verdadero	es
verdal	es
verdasca	es
verdascazo	es
verde	es
verdear	es
verdecer	es
verdegay	es
verdeguear	es
verdejo	es
verdemar	es
verdeo	es
verderón	es
verdete	es
verdevejiga	es
verdezuela	es
verdezuelo	es
verdial	es
verdina	es
verdinal	es
verdinegro	es
verdino	es
verdinoso	es
verdiñal	es
verdolaga	es
verdor	es
verdoso	es
verdoyo	es
verdugada	es
verdugado	es
verdugo	es
verdulero	es
verdura	es
verdusco	es
verdín	es
vereda	es
veredero	es
veredicto	es
verga	es
vergajo	es
vergel	es
vergelero	es
vergeta	es
vergonzante	es
vergonzosamente	es
vergonzoso	es
verguear	es
vergueta	es
vergueteado	es
vergé	es
vergüenza	es
vericueto	es
verificabilidad	es
verificación	es
verificador	es
verificar	es
verija	es
veril	es
verilear	es
verismo	es
verja	es
verjurado	es
verme	es
vermicular	es
vermiforme	es
vermífugo	es
vermú	es
vernal	es
vernáculo	es
vero	es
veronal	es
veronense	es
verosimilitud	es
verosímil	es
verosímilmente	es
verraco	es
verraquear	es
verraquera	es
verriondez	es
verriondo	es
verrojazo	es
verrucaria	es
verruga	es
verrugoso	es
verruguetar	es
versado	es
versal	es
versalilla	es
versalita	es
versallesco	es
versar	es
versatilidad	es
versear	es
versiculario	es
versificación	es
versificador	es
versificar	es
versionamiento	es
versionar	es
versista	es
versión	es
verso	es
versta	es
versus	es
versátil	es
versículo	es
vertebración	es
vertebrada	es
vertebrado	es
vertebral	es
vertebrar	es
vertedera	es
vertedero	es
vertedor	es
vertello	es
verter	es
vertibilidad	es
vertible	es
vertical	es
verticalidad	es
verticalizar	es
verticalmente	es
verticilo	es
vertidos	es
vertiente	es
vertiginosamente	es
vertiginosidad	es
vertiginoso	es
vertimiento	es
verídicamente	es
verídico	es
verónica	es
ves	es
vesania	es
vesical	es
vesicante	es
vesicular	es
vesiculoso	es
vespertinamente	es
vespertino	es
vesque	es
vestal	es
veste	es
vestecha	es
vestfaliano	es
vestido	es
vestidor	es
vestidura	es
vestigio	es
vestiglo	es
vestimenta	es
vestimento	es
vestir	es
vestuario	es
vestugo	es
vestíbulo	es
vesícula	es
veta	es
vetar	es
vete	es
veteado	es
vetear	es
veterano	es
veterinario	es
vetisesgado	es
veto	es
vetustez	es
vetusto	es
vez	es
vezar	es
vi	es
viabilidad	es
viable	es
viada	es
viadera	es
viaducto	es
viajador	es
viajante	es
viajar	es
viajata	es
viaje	es
viajero	es
vial	es
vialidad	es
vianda	es
viandante	es
viaria	es
viario	es
viaticar	es
vibración	es
vibrador	es
vibrante	es
vibrar	es
vibratorio	es
viburno	es
vicario	es
vicealmirante	es
vicecanciller	es
viceconsiliario	es
viceconsulado	es
vicecónsul	es
vicedirector	es
vicegerencia	es
vicegerente	es
vicegobernador	es
vicenta	es
vicente	es
vicepresidencia	es
vicepresidente	es
viceprovincia	es
viceprovincial	es
vicerrector	es
vicesecretario	es
vicetesorero	es
vicetiple	es
viceversa	es
vich	es
vicia	es
viciar	es
vicio	es
viciosamente	es
vicioso	es
vicisitud	es
victimar	es
victimario	es
victimizar	es
victo	es
victorear	es
victoria	es
victoriano	es
victoriato	es
victoriosamente	es
victorioso	es
vicuña	es
vid	es
vidal	es
vidarra	es
vidente	es
video	es
videocinta	es
videoclip	es
videoclub	es
videoconferencia	es
videoconsola	es
videocámara	es
videofrecuencia	es
videograbador	es
videojuego	es
vidorra	es
vidriado	es
vidriar	es
vidriera	es
vidrieras	es
vidriero	es
vidrio	es
vidriosidad	es
vidrioso	es
vidual	es
vieira	es
viejales	es
viejo	es
viento	es
vientre	es
vienés	es
viernes	es
vierteaguas	es
vietnam	es
vietnamita	es
viga	es
vigencia	es
vigente	es
vigesimoctavo	es
vigesimocuarto	es
vigesimonono	es
vigesimonoveno	es
vigesimoprimero	es
vigesimoquinto	es
vigesimosegundo	es
vigesimosexto	es
vigesimoséptimo	es
vigesimotercero	es
vigiar	es
vigilancia	es
vigilante	es
vigilar	es
vigilativo	es
vigilia	es
vigo	es
vigolero	es
vigor	es
vigorar	es
vigorizador	es
vigorizante	es
vigorizar	es
vigorosamente	es
vigorosidad	es
vigoroso	es
vigota	es
vigueta	es
vigésimo	es
vihuela	es
vikingo	es
vil	es
viladecans	es
vilano	es
vilaseca	es
vilera	es
vileza	es
vilipendiador	es
vilipendiar	es
vilipendio	es
vilipendioso	es
villa	es
villafranca	es
villagarcía	es
villaje	es
villajoyosa	es
villalba	es
villanada	es
villanamente	es
villancico	es
villanciquero	es
villanesca	es
villanesco	es
villano	es
villanueva	es
villanía	es
villarreal	es
villarrobledo	es
villaviciosa	es
villazgo	es
villena	es
villorrio	es
vilmente	es
vilo	es
vilordo	es
vilorta	es
vilorto	es
vilos	es
viltrotear	es
viltrotera	es
vimbre	es
vinagrada	es
vinagre	es
vinagrera	es
vinagrero	es
vinagreta	es
vinagrillo	es
vinagroso	es
vinajera	es
vinar	es
vinariego	es
vinario	es
vinaroz	es
vinatera	es
vinatero	es
vinaza	es
vincapervinca	es
vinco	es
vinculación	es
vinculante	es
vincular	es
vindicación	es
vindicador	es
vindicar	es
vindicativo	es
vindicatorio	es
vindicta	es
vinicultor	es
vinicultura	es
viniente	es
vinilo	es
vino	es
vinolento	es
vinos	es
vinosidad	es
vinoso	es
vinote	es
vinoteca	es
vinotera	es
vinta	es
vinícola	es
vio	es
viola	es
violación	es
violada	es
violado	es
violador	es
violar	es
violencia	es
violentamente	es
violentar	es
violento	es
violero	es
violeta	es
violetera	es
violetero	es
violeto	es
violinista	es
violoncelista	es
violoncelo	es
violonchelista	es
violonchelo	es
violácea	es
violáceo	es
violín	es
viperino	es
vira	es
viracocha	es
virada	es
virador	es
virago	es
viraje	es
viral	es
virar	es
virazón	es
virgaza	es
virgen	es
virgiliano	es
virginal	es
virginia	es
virginiano	es
virginidad	es
virgo	es
virgulilla	es
virigaza	es
viril	es
virilidad	es
virilizar	es
virilmente	es
virola	es
virolento	es
virolo	es
virote	es
virreina	es
virreinal	es
virreinato	es
virreino	es
virrey	es
virtual	es
virtualidad	es
virtualmente	es
virtud	es
virtuosamente	es
virtuosismo	es
virtuoso	es
viruela	es
virulencia	es
virulentamente	es
virulento	es
virus	es
viruta	es
vis	es
visajero	es
visar	es
visceral	es
visco	es
viscosa	es
viscosidad	es
viscoso	es
visear	es
visera	es
visibilidad	es
visibilizar	es
visible	es
visiblemente	es
visigodo	es
visionar	es
visionario	es
visir	es
visirato	es
visita	es
visitación	es
visitador	es
visitante	es
visitar	es
visiteo	es
visión	es
vislumbrar	es
vislumbre	es
viso	es
visontino	es
visor	es
visoria	es
visorio	es
visos	es
vista	es
vistillas	es
visto	es
vistosamente	es
vistosidad	es
vistoso	es
visual	es
visualización	es
visualizar	es
visualmente	es
visura	es
vital	es
vitalicio	es
vitalicista	es
vitalidad	es
vitalismo	es
vitalista	es
vitalización	es
vitamina	es
vitaminado	es
vitando	es
vitar	es
vitela	es
vitelino	es
vitelo	es
viticultor	es
viticultura	es
vitivinicultor	es
vitivinicultura	es
vitivinícola	es
vitola	es
vitorear	es
vitoria	es
vitoriano	es
vitral	es
vitre	es
vitrificar	es
vitrina	es
vitriolo	es
vitrocerámica	es
vitrocerámico	es
vituallar	es
vituperador	es
vituperar	es
vituperio	es
vitícola	es
viudal	es
viudedad	es
viudez	es
viudo	es
viva	es
vivac	es
vivacidad	es
vivalavirgen	es
vivamente	es
vivandero	es
vivaque	es
vivaquear	es
vivar	es
vivaracho	es
vivariense	es
vivario	es
vivaz	es
vivazmente	es
vivencia	es
vivero	es
viveza	es
vividero	es
vivido	es
vividor	es
vivienda	es
viviente	es
vivificador	es
vivificante	es
vivificar	es
vivijagua	es
vivir	es
vivismo	es
vivista	es
vivo	es
vivérrido	es
vivíparo	es
vizcaya	es
vizcaíno	es
vizcondado	es
vizconde	es
vizcondesa	es
viático	es
viña	es
viñador	es
viñedo	es
viñeta	es
vocablo	es
vocabulario	es
vocabulista	es
vocacional	es
vocación	es
vocal	es
vocalismo	es
vocalista	es
vocalizador	es
vocalizar	es
vocalmente	es
vocalía	es
vocativo	es
voceador	es
vocear	es
vocero	es
vocerío	es
vociferador	es
vociferante	es
vociferantemente	es
vociferar	es
vocinglero	es
vocálica	es
vocálico	es
vodevil	es
vodka	es
voila	es
vol	es
voladero	es
voladizo	es
volador	es
voladura	es
volandas	es
volandero	es
volandillas	es
volando	es
volanta	es
volante	es
volantín	es
volantón	es
volar	es
volatero	es
volatería	es
volatilidad	es
volatilizar	es
volatilla	es
volatinero	es
volatizar	es
volatín	es
volcar	es
volcán	es
volcánicamente	es
volcánico	es
volear	es
voleibol	es
volframio	es
volitar	es
volitivo	es
volquear	es
volquete	es
volquetero	es
volt	es
voltaico	es
voltaje	es
voltariedad	es
voltario	es
volteador	es
voltear	es
voltejar	es
voltejear	es
volteo	es
voltereta	es
volterianismo	es
volteriano	es
volteta	es
voltio	es
voltizo	es
voltímetro	es
volubilidad	es
voluble	es
volublemente	es
volumen	es
volumetría	es
voluminoso	es
volumétrico	es
voluntad	es
voluntaria	es
voluntariado	es
voluntariamente	es
voluntariedad	es
voluntario	es
voluntariosamente	es
voluntarioso	es
voluptuosamente	es
voluptuosidad	es
voluptuoso	es
voluta	es
volvedera	es
volver	es
volvo	es
volátil	es
vomitador	es
vomitar	es
vomitivo	es
vomitorio	es
voracidad	es
voraginoso	es
voraz	es
vorazmente	es
vortiginoso	es
vorágine	es
vos	es
vosear	es
vosotras	es
vosotros	es
votación	es
votada	es
votador	es
votante	es
votar	es
voto	es
voy	es
voz	es
vozarrón	es
voznar	es
vs	es
vto	es
vudú	es
vuecelencia	es
vuecencia	es
vuelapluma	es
vuelco	es
vuelo	es
vuelta	es
vuelto	es
vueludo	es
vuesarced	es
vuestro	es
vulcanismo	es
vulcanista	es
vulcanita	es
vulcanizar	es
vulcánicamente	es
vulgar	es
vulgaridad	es
vulgarismo	es
vulgarizador	es
vulgarizar	es
vulgarmente	es
vulgo	es
vulnerabilidad	es
vulnerable	es
vulnerar	es
vulnerario	es
vulpeja	es
vultuoso	es
vulturno	es
vulva	es
vusted	es
válgame	es
válidamente	es
válido	es
válvula	es
vándalo	es
vástago	es
váter	es
váyanse	es
váyase	es
vázquez	es
vélez	es
vértebra	es
vértice	es
vértigo	es
véspero	es
vía	es
víbora	es
vícar	es
víctima	es
víctor	es
vídeo	es
vínculo	es
vínico	es
vírgenes	es
vírgula	es
vírico	es
víscera	es
víspera	es
vítor	es
vítreo	es
víveres	es
vívido	es
vólvulo	es
vómica	es
vómico	es
vómito	es
vórtice	es
wagneriano	es
wallis	es
washingtoniano	es
waterpolo	es
watt	es
web	es
weber	es
webers	es
webs	es
westfaliano	es
whisky	es
whiskys	es
wide	es
wifi	es
wolframio	es
world	es
xavier	es
xenofobia	es
xenón	es
xerocopiar	es
xerografiar	es
xi	es
xifoideo	es
xifoides	es
xilema	es
xilotila	es
xilófono	es
xto	es
xíes	es
y	es
ya	es
yaca	es
yacedor	es
yacente	es
yacer	es
yaciente	es
yacija	es
yacimiento	es
yacio	es
yacusi	es
yagua	es
yaguar	es
yak	es
yambo	es
yang	es
yanqui	es
yanta	es
yantar	es
yarda	es
yate	es
yayo	es
ye	es
yebo	es
yecla	es
yedra	es
yegua	es
yeguada	es
yeguar	es
yeguarizo	es
yelmo	es
yema	es
yemen	es
yemenita	es
yemení	es
yen	es
yendo	es
yente	es
yerba	es
yerbabuena	es
yerbajo	es
yerbera	es
yerga	es
yergan	es
yergas	es
yergo	es
yergue	es
yerguen	es
yergues	es
yermar	es
yermo	es
yerno	es
yero	es
yerra	es
yerran	es
yerras	es
yerre	es
yerren	es
yerres	es
yerro	es
yerto	es
yervo	es
yes	es
yesar	es
yesca	es
yesera	es
yesero	es
yeso	es
yesoso	es
yesquero	es
yeyuno	es
yezgo	es
yibutense	es
yibuti	es
yibutiano	es
yibutí	es
yin	es
yincana	es
yo	es
yodado	es
yodo	es
yodoformo	es
yodurar	es
yogar	es
yogur	es
yola	es
yolanda	es
yoqueis	es
york	es
yoruba	es
yubarta	es
yuca	es
yucateco	es
yudo	es
yugada	es
yuglandácea	es
yuglandáceo	es
yugo	es
yugoslavia	es
yugoslavo	es
yuguero	es
yugueta	es
yugular	es
yunque	es
yunta	es
yuntar	es
yuntero	es
yunto	es
yusera	es
yusero	es
yuso	es
yute	es
yutoazteca	es
yutonahua	es
yuxtaponer	es
yuxtaposición	es
yuxtapuesto	es
yuxtapón	es
yéndome	es
yéndonos	es
yéndoos	es
yéndose	es
yéndote	es
yóquey	es
za	es
zabordar	es
zaboyar	es
zabra	es
zabucar	es
zabullir	es
zabuquear	es
zacear	es
zafar	es
zafarrancho	es
zafarí	es
zafiamente	es
zafiedad	es
zafio	es
zafiro	es
zaga	es
zagal	es
zagalejo	es
zagual	es
zaguanete	es
zaguero	es
zaguán	es
zahareño	es
zaharrón	es
zahena	es
zaherir	es
zahinar	es
zahondar	es
zahorar	es
zahoriar	es
zahorra	es
zahorí	es
zahén	es
zahína	es
zahón	es
zahúrda	es
zaina	es
zaino	es
zajarí	es
zalama	es
zalamero	es
zalamería	es
zalea	es
zalear	es
zallar	es
zamarra	es
zamarrear	es
zambia	es
zambiano	es
zambio	es
zambo	es
zamboa	es
zambomba	es
zambombo	es
zambra	es
zambucar	es
zambullidor	es
zambullidura	es
zambullimiento	es
zambullir	es
zambés	es
zaminar	es
zamora	es
zamorano	es
zampabollos	es
zampapalo	es
zampar	es
zampatortas	es
zampear	es
zampoña	es
zampuzar	es
zanahoria	es
zanca	es
zancada	es
zancadillear	es
zancado	es
zancajear	es
zancajera	es
zancajiento	es
zancajo	es
zancajoso	es
zanco	es
zancudas	es
zancudo	es
zanga	es
zangaburra	es
zangala	es
zanganear	es
zangarrear	es
zangarriana	es
zangolotear	es
zangolotino	es
zangotear	es
zanja	es
zanjar	es
zanjón	es
zanquear	es
zanquilargo	es
zanquivano	es
zapa	es
zapador	es
zapapico	es
zapar	es
zaparda	es
zaparrada	es
zaparrastrar	es
zaparrastroso	es
zaparrazo	es
zapata	es
zapateado	es
zapateador	es
zapatear	es
zapateo	es
zapatera	es
zapatero	es
zapateta	es
zapatiesta	es
zapatillazo	es
zapatillero	es
zapato	es
zapatudo	es
zapear	es
zapote	es
zapoteco	es
zapotero	es
zapuzar	es
zaque	es
zaquear	es
zar	es
zarabanda	es
zarabandista	es
zarabando	es
zarabutear	es
zarabutero	es
zaracear	es
zaragatear	es
zaragatona	es
zaragocí	es
zaragocíes	es
zaragoza	es
zaragozano	es
zaragutear	es
zaragutero	es
zarajo	es
zarambeque	es
zaranda	es
zarandaja	es
zarandajo	es
zarandalí	es
zarandar	es
zarandear	es
zarandero	es
zarandillo	es
zaranga	es
zarangollo	es
zarapito	es
zarautz	es
zarauz	es
zarazas	es
zarazo	es
zarbo	es
zarcear	es
zarcero	es
zarceta	es
zarcillitos	es
zarco	es
zargatona	es
zariano	es
zarigüeya	es
zarina	es
zarismo	es
zarista	es
zarja	es
zarpa	es
zarpar	es
zarpazo	es
zarposo	es
zarramplinada	es
zarramplín	es
zarrapastra	es
zarrapastrosamente	es
zarrapastroso	es
zarria	es
zarrio	es
zarza	es
zarzaganillo	es
zarzagán	es
zarzal	es
zarzamora	es
zarzaparrilla	es
zarzaparrillar	es
zarzo	es
zarzoso	es
zarzuela	es
zarzuelero	es
zarzuelista	es
zas	es
zascandil	es
zascandilear	es
zata	es
zatara	es
zatico	es
zaya	es
zeda	es
zelanda	es
zelote	es
zen	es
zendo	es
zenit	es
zeta	es
zeugma	es
zigomorfo	es
zigoto	es
zigzag	es
zigzagueante	es
zigzaguear	es
zigzagues	es
zimbabue	es
zimbabuense	es
zinc	es
zipizape	es
ziszás	es
zocatear	es
zocato	es
zoco	es
zodiacal	es
zodiaco	es
zofra	es
zoizo	es
zollipar	es
zolocho	es
zoma	es
zombi	es
zompo	es
zona	es
zonal	es
zonificar	es
zonote	es
zonzo	es
zoo	es
zoofilia	es
zooftirio	es
zoografía	es
zoología	es
zoológico	es
zoomorfo	es
zoonosis	es
zooplancton	es
zoospora	es
zootecnia	es
zopas	es
zopenco	es
zopetero	es
zopilote	es
zopisa	es
zopitas	es
zopo	es
zoquete	es
zoquetero	es
zoquetudo	es
zorcico	es
zorito	es
zoroastrismo	es
zorollo	es
zorongo	es
zoroástrico	es
zorra	es
zorrear	es
zorrera	es
zorrero	es
zorro	es
zorrocloco	es
zorruno	es
zorzal	es
zorzaleño	es
zote	es
zozobra	es
zozobrar	es
zozobroso	es
zoófago	es
zoólogo	es
zuavo	es
zubia	es
zuda	es
zueco	es
zuela	es
zuiza	es
zulacar	es
zulaque	es
zulaquear	es
zullar	es
zulú	es
zum	es
zumacal	es
zumacar	es
zumaque	es
zumba	es
zumbador	es
zumbar	es
zumbel	es
zumbido	es
zumbón	es
zumo	es
zumoso	es
zums	es
zunchar	es
zuncho	es
zurano	es
zurcido	es
zurcidor	es
zurcidura	es
zurcir	es
zurdera	es
zurdir	es
zurdo	es
zurear	es
zurita	es
zurito	es
zuriza	es
zuro	es
zurra	es
zurrador	es
zurrapa	es
zurrapiento	es
zurraposo	es
zurrar	es
zurriagar	es
zurriago	es
zurriar	es
zurribanda	es
zurriburri	es
zurrir	es
zurronada	es
zurrumbera	es
zurruscar	es
zurrón	es
zurullo	es
zurumbático	es
zurupeto	es
zutano	es
zuzar	es
zuñir	es
zángano	es
zócalo	es
zóster	es
ábaco	es
ábate	es
ábense	es
ábese	es
ábrala	es
ábralas	es
ábralo	es
ábralos	es
ábrame	es
ábranla	es
ábranlas	es
ábranlo	es
ábranlos	es
ábranme	es
ábrannos	es
ábranos	es
ábranse	es
ábrase	es
ábrego	es
ábrela	es
ábrelas	es
ábrele	es
ábreles	es
ábrelo	es
ábrelos	es
ábreme	es
ábrenos	es
ábrete	es
ábside	es
ácaro	es
ácidamente	es
ácido	es
ácigos	es
ácimo	es
ácueo	es
áfilo	es
áfrica	es
áfrico	es
ágape	es
ágata	es
ágil	es
ágora	es
ágrafo	es
águila	es
águilas	es
álabe	es
álaga	es
álamo	es
álava	es
álbum	es
álcali	es
álcense	es
álcese	es
álgebra	es
álgido	es
áloe	es
álsine	es
álula	es
álvarez	es
álvaro	es
álveo	es
álzate	es
ámala	es
ámalas	es
ámalo	es
ámalos	es
ámame	es
ámanos	es
ámbar	es
ámbito	es
ámela	es
ámelas	es
ámelo	es
ámelos	es
ámeme	es
ámenla	es
ámenlas	es
ámenlo	es
ámenlos	es
ámenme	es
ámennos	es
ámenos	es
ánade	es
áncora	es
ándale	es
ándales	es
ándele	es
ándeles	es
ándenle	es
ándenles	es
ánfora	es
ángel	es
ángela	es
ángelus	es
ángulo	es
ánima	es
ánimo	es
ánodo	es
ánsar	es
ántrax	es
ápice	es
ápodo	es
áptero	es
árabe	es
árbitro	es
árbol	es
árcade	es
área	es
árgano	es
árido	es
ármate	es
ármense	es
ármese	es
árnica	es
árones	es
ártico	es
ásaro	es
ásperamente	es
áspero	es
áspid	es
ástato	es
átala	es
átalas	es
átale	es
átales	es
átalo	es
átalos	es
átame	es
átanos	es
átate	es
átela	es
átelas	es
átele	es
áteles	es
átelo	es
átelos	es
áteme	es
átenla	es
átenlas	es
átenle	es
átenles	es
átenlo	es
átenlos	es
átenme	es
átennos	es
átenos	es
ático	es
átomo	es
átono	es
áulico	es
áureo	es
áurico	es
ávidamente	es
ávido	es
ávila	es
ázimo	es
ázoe	es
ébano	es
échale	es
échales	es
échame	es
échanos	es
échate	es
échele	es
écheles	es
échenle	es
échenles	es
échense	es
échese	es
écija	es
égida	es
éibar	es
él	es
élite	es
élitro	es
émbolo	es
énfasis	es
éntasis	es
éntrale	es
éntrales	es
éntrense	es
éntrese	es
épicamente	es
épico	es
época	es
éramos	es
érase	es
ése	es
éso	es
éste	es
éster	es
ésto	es
éter	es
ética	es
ético	es
étnicamente	es
étnico	es
éxito	es
éxodo	es
éxtasis	es
íbamos	es
íbero	es
ícaro	es
ícono	es
íd	es
ídem	es
ídolo	es
íes	es
ígneo	es
íleon	es
ímpetu	es
ímprobo	es
ínclito	es
índice	es
índico	es
índigo	es
índole	es
ínfero	es
ínfimo	es
ínfula	es
ínsula	es
íntegramente	es
íntegro	es
ínter	es
ínterin	es
íntima	es
íntimamente	es
íntimo	es
íride	es
írrito	es
ítem	es
ítems	es
ñame	es
ñandubay	es
ñandubáis	es
ñandú	es
ñaque	es
ñas	es
ñoñez	es
ñoño	es
ñublar	es
ó	es
óbice	es
óbito	es
óculo	es
ódiame	es
ódianos	es
óhmico	es
óigala	es
óigalas	es
óigalo	es
óigalos	es
óigame	es
óiganla	es
óiganlas	es
óiganlo	es
óiganlos	es
óiganme	es
óigannos	es
óiganos	es
óleo	es
ómnibus	es
ónice	es
ónique	es
ópalo	es
ópera	es
óptico	es
óptimo	es
órbita	es
órdenes	es
órgano	es
órsay	es
óscar	es
ósculo	es
óseo	es
ósmosis	es
óvalo	es
óvulo	es
óxido	es
óyela	es
óyelas	es
óyele	es
óyeles	es
óyelo	es
óyelos	es
óyeme	es
óyenos	es
úbeda	es
úes	es
úlcera	es
últimamente	es
último	es
únala	es
únalas	es
únale	es
únales	es
únalo	es
únalos	es
únanla	es
únanlas	es
únanle	es
únanles	es
únanlo	es
únanlos	es
únanse	es
únase	es
únete	es
únicamente	es
único	es
úntala	es
úntalas	es
úntale	es
úntales	es
úntalo	es
úntalos	es
úntate	es
úntela	es
úntelas	es
úntelo	es
úntelos	es
úntenla	es
úntenlas	es
úntenle	es
úntenles	es
úntenlo	es
úntenlos	es
úntense	es
úntese	es
úrico	es
úsala	es
úsalas	es
úsale	es
úsales	es
úsalo	es
úsalos	es
úsame	es
úsanos	es
úsela	es
úselas	es
úsele	es
úseles	es
úselo	es
úselos	es
úseme	es
úsenla	es
úsenlas	es
úsenle	es
úsenles	es
úsenlo	es
úsenlos	es
úsenme	es
úsennos	es
úsenos	es
úsense	es
úsese	es
útero	es
útil	es
útilmente	es
úvea	es
úvula	es
